WARNING: A restricted method in java.lang.System has been called
WARNING: java.lang.System::load has been called by net.rubygrapefruit.platform.internal.NativeLibraryLoader in an unnamed module (file:/Users/joshy/.gradle/wrapper/dists/gradle-9.5.1-bin/iq79hdu3mqx29lgffhp8bfmx/gradle-9.5.1/lib/native-platform-0.22-milestone-29.jar)
WARNING: Use --enable-native-access=ALL-UNNAMED to avoid a warning for callers in this module
WARNING: Restricted methods will be blocked in a future release unless native access is enabled

Initialized native services in: /Users/joshy/.gradle/native
Initialized jansi services in: /Users/joshy/.gradle/native
The client will now receive all logging from the daemon (pid: 48900). The daemon log file: /Users/joshy/.gradle/daemon/9.5.1/daemon-48900.out.log
Starting 10th build in daemon [uptime: 10 mins 32.202 secs, performance: 95%, GC rate: 0.04/s, heap usage: 67% of 1.5 GiB]
Using 16 worker leases.
Operational build model parameters: {cachingModelBuilding=false, configurationCache=false, configurationCacheDisabledReason=null, configurationCacheParallelLoad=false, configurationCacheParallelStore=false, configureOnDemand=false, invalidateCoupledProjects=false, isolatedProjects=false, modelAsProjectDependency=false, modelBuilding=false, parallelModelBuilding=false, parallelProjectConfiguration=false, parallelProjectExecution=false, resilientModelBuilding=false}
Now considering [/Users/joshy/Development/Android/Warbler-Weather, /Users/joshy/Development/Android/Warbler-Weather/core-build] as hierarchies to watch
Watching the file system is configured to be enabled if available
File system watching is active
Starting Build
Resolved plugin [id: 'org.gradle.toolchains.foojay-resolver-convention', version: '1.0.0']
Settings evaluated using settings file '/Users/joshy/Development/Android/Warbler-Weather/settings.gradle.kts'.
Now considering [/Users/joshy/Development/Android/Warbler-Weather/core-build, /Users/joshy/Development/Android/Warbler-Weather] as hierarchies to watch
Projects loaded. Root project using build file '/Users/joshy/Development/Android/Warbler-Weather/build.gradle.kts'.
Included projects: [root project 'Weatheruous', project ':app', project ':core', project ':feature-location', project ':feature-settings', project ':feature-weather']

> Configure project :core-build
Evaluating project ':core-build' using build file '/Users/joshy/Development/Android/Warbler-Weather/core-build/build.gradle.kts'.
Resolved plugin [id: 'org.gradle.kotlin.kotlin-dsl', version: '6.5.7']
Using Kotlin Gradle Plugin gradle813 variant
kotlin scripting plugin: created the scripting discovery configuration: kotlinScriptDef
kotlin scripting plugin: created the scripting discovery configuration: testKotlinScriptDef
file or directory '/Users/joshy/Development/Android/Warbler-Weather/core-build/src/main/java', not found
Registering project ':core-build' in composite build. Will substitute for module ':core-build'.

> Configure project :
Evaluating root project 'Weatheruous' using build file '/Users/joshy/Development/Android/Warbler-Weather/build.gradle.kts'.
Resolved plugin [id: 'org.jetbrains.kotlin.plugin.compose', version: '2.3.20', apply: false]
Resolved plugin [id: 'org.jetbrains.kotlin.android', version: '2.3.20', apply: false]
Resolved plugin [id: 'org.jetbrains.kotlin.plugin.serialization', version: '2.3.20', apply: false]
Resolved plugin [id: 'com.google.devtools.ksp', version: '2.3.6', apply: false]
Resolved plugin [id: 'org.jlleitschuh.gradle.ktlint', version: '14.2.0']

> Configure project :app
Evaluating project ':app' using build file '/Users/joshy/Development/Android/Warbler-Weather/app/build.gradle.kts'.
Resolved plugin [id: 'com.android.application']
Resolved plugin [id: 'kotlin-android']
Resolved plugin [id: 'androidx.navigation.safeargs.kotlin']
Resolved plugin [id: 'kotlin-kapt']
Resolved plugin [id: 'dagger.hilt.android.plugin']
Resolved plugin [id: 'org.jlleitschuh.gradle.ktlint', version: '14.2.0']
Resolved plugin [id: 'org.jetbrains.kotlin.plugin.serialization', version: '2.3.20']
Resolved plugin [id: 'org.jetbrains.kotlin.plugin.parcelize']
Resolved plugin [id: 'com.google.gms.google-services']
Resolved plugin [id: 'com.google.firebase.crashlytics']
Resolved plugin [id: 'com.google.firebase.firebase-perf']
Resolved plugin [id: 'com.google.devtools.ksp', version: '2.3.6']
Resolved plugin [id: 'org.jetbrains.kotlin.plugin.compose', version: '2.3.20']
WARNING: The option setting 'android.builtInKotlin=false' is deprecated.
The current default is 'true'.
It will be removed in version 10.0 of the Android Gradle plugin.
Add android.sync.suppressAgpWarnings=UNSUPPORTED_PROJECT_OPTION_USE to the gradle.properties file to suppress this warning.
WARNING: The option setting 'android.newDsl=false' is deprecated.
The current default is 'true'.
It will be removed in version 10.0 of the Android Gradle plugin.
Add android.sync.suppressAgpWarnings=UNSUPPORTED_PROJECT_OPTION_USE to the gradle.properties file to suppress this warning.
Using default execution profile
Using Kotlin Gradle Plugin gradle813 variant
WARNING: API 'applicationVariants' is obsolete and has been replaced with 'AndroidComponentsExtension'.
It will be removed in version 10.0 of the Android Gradle plugin.
The legacy variant API is disabled by default in AGP 9.0, but can be re-enabled by adding 
    android.newDsl=false
to this project's gradle.properties file.
For more information, see http://developer.android.com/build/r/new-dsl.

To determine what is calling applicationVariants, use -Pandroid.debug.obsoleteApi=true on the command line to display more information.
Add android.sync.suppressAgpWarnings=DEPRECATED_DSL to the gradle.properties file to suppress this warning.
WARNING: API 'testVariants' is obsolete and has been replaced with 'AndroidComponentsExtension'.
It will be removed in version 10.0 of the Android Gradle plugin.
The legacy variant API is disabled by default in AGP 9.0, but can be re-enabled by adding 
    android.newDsl=false
to this project's gradle.properties file.
For more information, see http://developer.android.com/build/r/new-dsl.

To determine what is calling testVariants, use -Pandroid.debug.obsoleteApi=true on the command line to display more information.
Add android.sync.suppressAgpWarnings=DEPRECATED_DSL to the gradle.properties file to suppress this warning.
WARNING: API 'unitTestVariants' is obsolete and has been replaced with 'AndroidComponentsExtension'.
It will be removed in version 10.0 of the Android Gradle plugin.
The legacy variant API is disabled by default in AGP 9.0, but can be re-enabled by adding 
    android.newDsl=false
to this project's gradle.properties file.
For more information, see http://developer.android.com/build/r/new-dsl.

To determine what is calling unitTestVariants, use -Pandroid.debug.obsoleteApi=true on the command line to display more information.
Add android.sync.suppressAgpWarnings=DEPRECATED_DSL to the gradle.properties file to suppress this warning.
WARNING: The property android.dependency.excludeLibraryComponentsFromConstraints improves project import performance for very large projects. It should be enabled to improve performance.
To suppress this warning, add android.generateSyncIssueWhenLibraryConstraintsAreEnabled=false to gradle.properties
Add android.sync.suppressAgpWarnings=LIBRARY_CONSTRAINTS_SHOULD_BE_DISABLED to the gradle.properties file to suppress this warning.
WARNING: The property android.dependency.excludeLibraryComponentsFromConstraints improves project import performance for very large projects. It should be enabled to improve performance.
To suppress this warning, add android.generateSyncIssueWhenLibraryConstraintsAreEnabled=false to gradle.properties
Add android.sync.suppressAgpWarnings=LIBRARY_CONSTRAINTS_SHOULD_BE_DISABLED to the gradle.properties file to suppress this warning.
WARNING: The property android.dependency.excludeLibraryComponentsFromConstraints improves project import performance for very large projects. It should be enabled to improve performance.
To suppress this warning, add android.generateSyncIssueWhenLibraryConstraintsAreEnabled=false to gradle.properties
Add android.sync.suppressAgpWarnings=LIBRARY_CONSTRAINTS_SHOULD_BE_DISABLED to the gradle.properties file to suppress this warning.
WARNING: The property android.dependency.excludeLibraryComponentsFromConstraints improves project import performance for very large projects. It should be enabled to improve performance.
To suppress this warning, add android.generateSyncIssueWhenLibraryConstraintsAreEnabled=false to gradle.properties
Add android.sync.suppressAgpWarnings=LIBRARY_CONSTRAINTS_SHOULD_BE_DISABLED to the gradle.properties file to suppress this warning.
Detected Android Gradle Plugin compose compiler configuration
Detected Android Gradle Plugin compose compiler configuration
Detected Android Gradle Plugin compose compiler configuration
Detected Android Gradle Plugin compose compiler configuration
Add dependencies: ktlint version 1.5.0
Add dependencies: ktlint version 1.5.0
w: ⚠️ Deprecated 'org.jetbrains.kotlin.android' plugin usage
The 'org.jetbrains.kotlin.android' plugin in project ':app' is no longer required for Kotlin support since AGP 9.0.
Solution: Remove both `android.builtInKotlin=true` and `android.newDsl=false` from `gradle.properties`, then migrate to built-in Kotlin.
See https://kotl.in/gradle/agp-built-in-kotlin for more details.

Resolve mutations for :core-build:checkKotlinGradlePluginConfigurationErrors (Thread[#1652,Execution worker,5,main]) started.
:core-build:checkKotlinGradlePluginConfigurationErrors (Thread[#1652,Execution worker,5,main]) started.

> Task :core-build:checkKotlinGradlePluginConfigurationErrors SKIPPED
Skipping task ':core-build:checkKotlinGradlePluginConfigurationErrors' as task onlyIf 'errorDiagnostics are present' is false.
Resolve mutations for :core-build:compileKotlin (Thread[#1652,Execution worker,5,main]) started.
:core-build:compileKotlin (Thread[#1652,Execution worker,5,main]) started.

> Task :core-build:compileKotlin UP-TO-DATE
Caching disabled for task ':core-build:compileKotlin' because:
  Build cache is disabled
Skipping task ':core-build:compileKotlin' as it is up-to-date.
Resolve mutations for :core-build:compileJava (Thread[#1652,Execution worker,5,main]) started.
:core-build:compileJava (Thread[#1652,Execution worker,5,main]) started.

> Task :core-build:compileJava NO-SOURCE
Skipping task ':core-build:compileJava' as it has no source files and no previous output files.
Resolve mutations for :core-build:pluginDescriptors (Thread[#1652,Execution worker,5,main]) started.
:core-build:pluginDescriptors (Thread[#1652,Execution worker,5,main]) started.

> Task :core-build:pluginDescriptors UP-TO-DATE
Caching disabled for task ':core-build:pluginDescriptors' because:
  Build cache is disabled
  Not worth caching
Skipping task ':core-build:pluginDescriptors' as it is up-to-date.
Resolve mutations for :core-build:processResources (Thread[#1652,Execution worker,5,main]) started.
:core-build:processResources (Thread[#1656,Execution worker Thread 5,5,main]) started.

> Task :core-build:processResources UP-TO-DATE
Caching disabled for task ':core-build:processResources' because:
  Build cache is disabled
  Not worth caching
Skipping task ':core-build:processResources' as it is up-to-date.
Resolve mutations for :core-build:classes (Thread[#1656,Execution worker Thread 5,5,main]) started.
:core-build:classes (Thread[#1656,Execution worker Thread 5,5,main]) started.

> Task :core-build:classes UP-TO-DATE
Skipping task ':core-build:classes' as it has no actions.
Resolve mutations for :core-build:jar (Thread[#1661,Execution worker Thread 10,5,main]) started.
:core-build:jar (Thread[#1661,Execution worker Thread 10,5,main]) started.

> Task :core-build:jar UP-TO-DATE
Caching disabled for task ':core-build:jar' because:
  Build cache is disabled
  Not worth caching
Skipping task ':core-build:jar' as it is up-to-date.

> Configure project :core
Evaluating project ':core' using build file '/Users/joshy/Development/Android/Warbler-Weather/core/build.gradle.kts'.
Resolved plugin [id: 'warbler.android.library']
Resolved plugin [id: 'kotlin-kapt']
Resolved plugin [id: 'dagger.hilt.android.plugin']
Resolved plugin [id: 'org.jetbrains.kotlin.plugin.serialization', version: '2.3.20']
Resolved plugin [id: 'com.google.devtools.ksp', version: '2.3.6']
Resolved plugin [id: 'org.jetbrains.kotlin.plugin.compose', version: '2.3.20']
Using default execution profile
Using Kotlin Gradle Plugin gradle813 variant
WARNING: API 'libraryVariants' is obsolete and has been replaced with 'AndroidComponentsExtension'.
It will be removed in version 10.0 of the Android Gradle plugin.
The legacy variant API is disabled by default in AGP 9.0, but can be re-enabled by adding 
    android.newDsl=false
to this project's gradle.properties file.
For more information, see http://developer.android.com/build/r/new-dsl.

To determine what is calling libraryVariants, use -Pandroid.debug.obsoleteApi=true on the command line to display more information.
Add android.sync.suppressAgpWarnings=DEPRECATED_DSL to the gradle.properties file to suppress this warning.
WARNING: The property android.dependency.excludeLibraryComponentsFromConstraints improves project import performance for very large projects. It should be enabled to improve performance.
To suppress this warning, add android.generateSyncIssueWhenLibraryConstraintsAreEnabled=false to gradle.properties
Add android.sync.suppressAgpWarnings=LIBRARY_CONSTRAINTS_SHOULD_BE_DISABLED to the gradle.properties file to suppress this warning.
WARNING: The property android.dependency.excludeLibraryComponentsFromConstraints improves project import performance for very large projects. It should be enabled to improve performance.
To suppress this warning, add android.generateSyncIssueWhenLibraryConstraintsAreEnabled=false to gradle.properties
Add android.sync.suppressAgpWarnings=LIBRARY_CONSTRAINTS_SHOULD_BE_DISABLED to the gradle.properties file to suppress this warning.
WARNING: The property android.dependency.excludeLibraryComponentsFromConstraints improves project import performance for very large projects. It should be enabled to improve performance.
To suppress this warning, add android.generateSyncIssueWhenLibraryConstraintsAreEnabled=false to gradle.properties
Add android.sync.suppressAgpWarnings=LIBRARY_CONSTRAINTS_SHOULD_BE_DISABLED to the gradle.properties file to suppress this warning.
WARNING: The property android.dependency.excludeLibraryComponentsFromConstraints improves project import performance for very large projects. It should be enabled to improve performance.
To suppress this warning, add android.generateSyncIssueWhenLibraryConstraintsAreEnabled=false to gradle.properties
Add android.sync.suppressAgpWarnings=LIBRARY_CONSTRAINTS_SHOULD_BE_DISABLED to the gradle.properties file to suppress this warning.
Detected Android Gradle Plugin compose compiler configuration
Detected Android Gradle Plugin compose compiler configuration
Detected Android Gradle Plugin compose compiler configuration
Detected Android Gradle Plugin compose compiler configuration
Add dependencies: ktlint version 1.5.0
Add dependencies: ktlint version 1.5.0
w: ⚠️ Deprecated 'org.jetbrains.kotlin.android' plugin usage
The 'org.jetbrains.kotlin.android' plugin in project ':core' is no longer required for Kotlin support since AGP 9.0.
Solution: Remove both `android.builtInKotlin=true` and `android.newDsl=false` from `gradle.properties`, then migrate to built-in Kotlin.
See https://kotl.in/gradle/agp-built-in-kotlin for more details.


> Configure project :feature-location
Evaluating project ':feature-location' using build file '/Users/joshy/Development/Android/Warbler-Weather/feature-location/build.gradle.kts'.
Resolved plugin [id: 'warbler.android.library']
Resolved plugin [id: 'kotlin-kapt']
Resolved plugin [id: 'dagger.hilt.android.plugin']
Resolved plugin [id: 'org.jetbrains.kotlin.plugin.serialization', version: '2.3.20']
Resolved plugin [id: 'com.google.devtools.ksp', version: '2.3.6']
Resolved plugin [id: 'org.jetbrains.kotlin.plugin.compose', version: '2.3.20']
Using default execution profile
Using Kotlin Gradle Plugin gradle813 variant
WARNING: The property android.dependency.excludeLibraryComponentsFromConstraints improves project import performance for very large projects. It should be enabled to improve performance.
To suppress this warning, add android.generateSyncIssueWhenLibraryConstraintsAreEnabled=false to gradle.properties
Add android.sync.suppressAgpWarnings=LIBRARY_CONSTRAINTS_SHOULD_BE_DISABLED to the gradle.properties file to suppress this warning.
WARNING: The property android.dependency.excludeLibraryComponentsFromConstraints improves project import performance for very large projects. It should be enabled to improve performance.
To suppress this warning, add android.generateSyncIssueWhenLibraryConstraintsAreEnabled=false to gradle.properties
Add android.sync.suppressAgpWarnings=LIBRARY_CONSTRAINTS_SHOULD_BE_DISABLED to the gradle.properties file to suppress this warning.
WARNING: The property android.dependency.excludeLibraryComponentsFromConstraints improves project import performance for very large projects. It should be enabled to improve performance.
To suppress this warning, add android.generateSyncIssueWhenLibraryConstraintsAreEnabled=false to gradle.properties
Add android.sync.suppressAgpWarnings=LIBRARY_CONSTRAINTS_SHOULD_BE_DISABLED to the gradle.properties file to suppress this warning.
WARNING: The property android.dependency.excludeLibraryComponentsFromConstraints improves project import performance for very large projects. It should be enabled to improve performance.
To suppress this warning, add android.generateSyncIssueWhenLibraryConstraintsAreEnabled=false to gradle.properties
Add android.sync.suppressAgpWarnings=LIBRARY_CONSTRAINTS_SHOULD_BE_DISABLED to the gradle.properties file to suppress this warning.
Detected Android Gradle Plugin compose compiler configuration
Detected Android Gradle Plugin compose compiler configuration
Detected Android Gradle Plugin compose compiler configuration
Detected Android Gradle Plugin compose compiler configuration
Add dependencies: ktlint version 1.5.0
Add dependencies: ktlint version 1.5.0
w: ⚠️ Deprecated 'org.jetbrains.kotlin.android' plugin usage
The 'org.jetbrains.kotlin.android' plugin in project ':feature-location' is no longer required for Kotlin support since AGP 9.0.
Solution: Remove both `android.builtInKotlin=true` and `android.newDsl=false` from `gradle.properties`, then migrate to built-in Kotlin.
See https://kotl.in/gradle/agp-built-in-kotlin for more details.


> Configure project :feature-settings
Evaluating project ':feature-settings' using build file '/Users/joshy/Development/Android/Warbler-Weather/feature-settings/build.gradle.kts'.
Resolved plugin [id: 'warbler.android.library']
Resolved plugin [id: 'kotlin-kapt']
Resolved plugin [id: 'dagger.hilt.android.plugin']
Resolved plugin [id: 'org.jetbrains.kotlin.plugin.serialization', version: '2.3.20']
Resolved plugin [id: 'com.google.devtools.ksp', version: '2.3.6']
Resolved plugin [id: 'org.jetbrains.kotlin.plugin.compose', version: '2.3.20']
Using default execution profile
Using Kotlin Gradle Plugin gradle813 variant
WARNING: The property android.dependency.excludeLibraryComponentsFromConstraints improves project import performance for very large projects. It should be enabled to improve performance.
To suppress this warning, add android.generateSyncIssueWhenLibraryConstraintsAreEnabled=false to gradle.properties
Add android.sync.suppressAgpWarnings=LIBRARY_CONSTRAINTS_SHOULD_BE_DISABLED to the gradle.properties file to suppress this warning.
WARNING: The property android.dependency.excludeLibraryComponentsFromConstraints improves project import performance for very large projects. It should be enabled to improve performance.
To suppress this warning, add android.generateSyncIssueWhenLibraryConstraintsAreEnabled=false to gradle.properties
Add android.sync.suppressAgpWarnings=LIBRARY_CONSTRAINTS_SHOULD_BE_DISABLED to the gradle.properties file to suppress this warning.
WARNING: The property android.dependency.excludeLibraryComponentsFromConstraints improves project import performance for very large projects. It should be enabled to improve performance.
To suppress this warning, add android.generateSyncIssueWhenLibraryConstraintsAreEnabled=false to gradle.properties
Add android.sync.suppressAgpWarnings=LIBRARY_CONSTRAINTS_SHOULD_BE_DISABLED to the gradle.properties file to suppress this warning.
WARNING: The property android.dependency.excludeLibraryComponentsFromConstraints improves project import performance for very large projects. It should be enabled to improve performance.
To suppress this warning, add android.generateSyncIssueWhenLibraryConstraintsAreEnabled=false to gradle.properties
Add android.sync.suppressAgpWarnings=LIBRARY_CONSTRAINTS_SHOULD_BE_DISABLED to the gradle.properties file to suppress this warning.
Detected Android Gradle Plugin compose compiler configuration
Detected Android Gradle Plugin compose compiler configuration
Detected Android Gradle Plugin compose compiler configuration
Detected Android Gradle Plugin compose compiler configuration
Add dependencies: ktlint version 1.5.0
Add dependencies: ktlint version 1.5.0
w: ⚠️ Deprecated 'org.jetbrains.kotlin.android' plugin usage
The 'org.jetbrains.kotlin.android' plugin in project ':feature-settings' is no longer required for Kotlin support since AGP 9.0.
Solution: Remove both `android.builtInKotlin=true` and `android.newDsl=false` from `gradle.properties`, then migrate to built-in Kotlin.
See https://kotl.in/gradle/agp-built-in-kotlin for more details.


> Configure project :feature-weather
Evaluating project ':feature-weather' using build file '/Users/joshy/Development/Android/Warbler-Weather/feature-weather/build.gradle.kts'.
Resolved plugin [id: 'warbler.android.library']
Resolved plugin [id: 'kotlin-kapt']
Resolved plugin [id: 'dagger.hilt.android.plugin']
Resolved plugin [id: 'org.jetbrains.kotlin.plugin.serialization', version: '2.3.20']
Resolved plugin [id: 'com.google.devtools.ksp', version: '2.3.6']
Resolved plugin [id: 'org.jetbrains.kotlin.plugin.compose', version: '2.3.20']
Using default execution profile
Using Kotlin Gradle Plugin gradle813 variant
WARNING: The property android.dependency.excludeLibraryComponentsFromConstraints improves project import performance for very large projects. It should be enabled to improve performance.
To suppress this warning, add android.generateSyncIssueWhenLibraryConstraintsAreEnabled=false to gradle.properties
Add android.sync.suppressAgpWarnings=LIBRARY_CONSTRAINTS_SHOULD_BE_DISABLED to the gradle.properties file to suppress this warning.
WARNING: The property android.dependency.excludeLibraryComponentsFromConstraints improves project import performance for very large projects. It should be enabled to improve performance.
To suppress this warning, add android.generateSyncIssueWhenLibraryConstraintsAreEnabled=false to gradle.properties
Add android.sync.suppressAgpWarnings=LIBRARY_CONSTRAINTS_SHOULD_BE_DISABLED to the gradle.properties file to suppress this warning.
WARNING: The property android.dependency.excludeLibraryComponentsFromConstraints improves project import performance for very large projects. It should be enabled to improve performance.
To suppress this warning, add android.generateSyncIssueWhenLibraryConstraintsAreEnabled=false to gradle.properties
Add android.sync.suppressAgpWarnings=LIBRARY_CONSTRAINTS_SHOULD_BE_DISABLED to the gradle.properties file to suppress this warning.
WARNING: The property android.dependency.excludeLibraryComponentsFromConstraints improves project import performance for very large projects. It should be enabled to improve performance.
To suppress this warning, add android.generateSyncIssueWhenLibraryConstraintsAreEnabled=false to gradle.properties
Add android.sync.suppressAgpWarnings=LIBRARY_CONSTRAINTS_SHOULD_BE_DISABLED to the gradle.properties file to suppress this warning.
Detected Android Gradle Plugin compose compiler configuration
Detected Android Gradle Plugin compose compiler configuration
Detected Android Gradle Plugin compose compiler configuration
Detected Android Gradle Plugin compose compiler configuration
Add dependencies: ktlint version 1.5.0
Add dependencies: ktlint version 1.5.0
w: ⚠️ Deprecated 'org.jetbrains.kotlin.android' plugin usage
The 'org.jetbrains.kotlin.android' plugin in project ':feature-weather' is no longer required for Kotlin support since AGP 9.0.
Solution: Remove both `android.builtInKotlin=true` and `android.newDsl=false` from `gradle.properties`, then migrate to built-in Kotlin.
See https://kotl.in/gradle/agp-built-in-kotlin for more details.

All projects evaluated.
Task name matched 'assembleDebug'
Selected primary task 'assembleDebug' from project :
Starting process 'command '/usr/libexec/java_home''. Working directory: /Users/joshy/.gradle/daemon/9.5.1 Command: /usr/libexec/java_home -V
Successfully started process 'command '/usr/libexec/java_home''
Adding -Xuse-inline-scopes-numbers Kotlin compiler flag for task :app:compileDebugKotlin
Registered task dependencies: app:debugCompileClasspath
Skipping misunderstood TO dep string: org.jetbrains.kotlin:kotlin-stdlib
Skipping misunderstood TO dep string: org.jetbrains.kotlin:kotlin-stdlib
Skipping misunderstood TO dep string: org.jetbrains.kotlin:kotlin-stdlib
Skipping misunderstood TO dep string: org.jetbrains.kotlin:kotlin-stdlib
Skipping misunderstood TO dep string: org.jetbrains.kotlin:kotlin-stdlib
Skipping misunderstood TO dep string: androidx.compose.ui:ui-tooling
Skipping misunderstood TO dep string: androidx.compose.ui:ui-test-manifest
Skipping misunderstood TO dep string: project :feature-weather
Skipping misunderstood TO dep string: project :feature-location
Skipping misunderstood TO dep string: project :feature-settings
Skipping misunderstood TO dep string: project :core
Skipping misunderstood TO dep string: org.jetbrains.kotlin:kotlin-stdlib
Skipping misunderstood TO dep string: org.jetbrains.kotlin:kotlin-stdlib
Skipping misunderstood TO dep string: androidx.compose.ui:ui-tooling-preview
Skipping misunderstood TO dep string: androidx.compose.material:material-icons-core
Skipping misunderstood TO dep string: androidx.compose.material:material-icons-extended
Skipping misunderstood TO dep string: androidx.compose.material3.adaptive:adaptive
Skipping misunderstood TO dep string: androidx.compose.runtime:runtime-livedata
Skipping misunderstood TO dep string: androidx.compose.runtime:runtime-rxjava2
Skipping misunderstood TO dep string: com.google.firebase:firebase-crashlytics
Skipping misunderstood TO dep string: com.google.firebase:firebase-database
Skipping misunderstood TO dep string: com.google.firebase:firebase-analytics
Skipping misunderstood TO dep string: com.google.firebase:firebase-perf
Skipping misunderstood TO dep string: org.jetbrains.kotlin:kotlin-stdlib
Skipping misunderstood TO dep string: org.jetbrains.kotlin:kotlin-stdlib
Skipping misunderstood TO dep string: org.jetbrains.kotlin:kotlin-stdlib
Skipping misunderstood TO dep string: org.jetbrains.kotlin:kotlin-stdlib
Skipping misunderstood TO dep string: org.jetbrains.kotlin:kotlin-stdlib
Skipping misunderstood TO dep string: org.jetbrains.kotlin:kotlin-stdlib
Skipping misunderstood TO dep string: org.jetbrains.kotlin:kotlin-stdlib
Starting dependency analysis
Registered task dependencies: app:kotlinCompilerPluginClasspathDebug
Starting dependency analysis
Registered task dependencies: app:hiltCompileOnlyDebug
Starting dependency analysis
Tasks to be executed: [task ':app:loadKtlintReporters', task ':app:runKtlintFormatOverKotlinScripts', task ':app:runKtlintFormatOverAndroidTestDebugSourceSet', task ':app:ktlintAndroidTestDebugSourceSetFormat', task ':app:runKtlintFormatOverAndroidTestReleaseSourceSet', task ':app:ktlintAndroidTestReleaseSourceSetFormat', task ':app:runKtlintFormatOverAndroidTestSourceSet', task ':app:ktlintAndroidTestSourceSetFormat', task ':app:runKtlintFormatOverDebugSourceSet', task ':app:ktlintDebugSourceSetFormat', task ':app:ktlintKotlinScriptFormat', task ':app:runKtlintFormatOverMainSourceSet', task ':app:ktlintMainSourceSetFormat', task ':app:runKtlintFormatOverReleaseSourceSet', task ':app:ktlintReleaseSourceSetFormat', task ':app:runKtlintFormatOverTestDebugSourceSet', task ':app:ktlintTestDebugSourceSetFormat', task ':app:runKtlintFormatOverTestFixturesDebugSourceSet', task ':app:ktlintTestFixturesDebugSourceSetFormat', task ':app:runKtlintFormatOverTestFixturesReleaseSourceSet', task ':app:ktlintTestFixturesReleaseSourceSetFormat', task ':app:runKtlintFormatOverTestFixturesSourceSet', task ':app:ktlintTestFixturesSourceSetFormat', task ':app:runKtlintFormatOverTestReleaseSourceSet', task ':app:ktlintTestReleaseSourceSetFormat', task ':app:runKtlintFormatOverTestSourceSet', task ':app:ktlintTestSourceSetFormat', task ':app:ktlintFormat', task ':app:preBuild', task ':app:preDebugBuild', task ':app:mergeDebugNativeDebugMetadata', task ':app:checkKotlinGradlePluginConfigurationErrors', task ':core:loadKtlintReporters', task ':core:runKtlintFormatOverKotlinScripts', task ':core:runKtlintFormatOverAndroidTestDebugSourceSet', task ':core:ktlintAndroidTestDebugSourceSetFormat', task ':core:runKtlintFormatOverAndroidTestReleaseSourceSet', task ':core:ktlintAndroidTestReleaseSourceSetFormat', task ':core:runKtlintFormatOverAndroidTestSourceSet', task ':core:ktlintAndroidTestSourceSetFormat', task ':core:runKtlintFormatOverDebugSourceSet', task ':core:ktlintDebugSourceSetFormat', task ':core:ktlintKotlinScriptFormat', task ':core:runKtlintFormatOverMainSourceSet', task ':core:ktlintMainSourceSetFormat', task ':core:runKtlintFormatOverReleaseSourceSet', task ':core:ktlintReleaseSourceSetFormat', task ':core:runKtlintFormatOverTestDebugSourceSet', task ':core:ktlintTestDebugSourceSetFormat', task ':core:runKtlintFormatOverTestFixturesDebugSourceSet', task ':core:ktlintTestFixturesDebugSourceSetFormat', task ':core:runKtlintFormatOverTestFixturesReleaseSourceSet', task ':core:ktlintTestFixturesReleaseSourceSetFormat', task ':core:runKtlintFormatOverTestFixturesSourceSet', task ':core:ktlintTestFixturesSourceSetFormat', task ':core:runKtlintFormatOverTestReleaseSourceSet', task ':core:ktlintTestReleaseSourceSetFormat', task ':core:runKtlintFormatOverTestSourceSet', task ':core:ktlintTestSourceSetFormat', task ':core:ktlintFormat', task ':core:preBuild', task ':core:preDebugBuild', task ':core:dataBindingMergeDependencyArtifactsDebug', task ':core:generateDebugResources', task ':core:packageDebugResources', task ':core:dataBindingGenBaseClassesDebug', task ':core:checkKotlinGradlePluginConfigurationErrors', task ':core:dataBindingTriggerDebug', task ':core:processDebugNavigationResources', task ':core:parseDebugLocalResources', task ':core:generateDebugRFile', task ':core:kspDebugKotlin', task ':core:kaptGenerateStubsDebugKotlin', task ':core:kaptDebugKotlin', task ':feature-location:loadKtlintReporters', task ':feature-location:runKtlintFormatOverKotlinScripts', task ':feature-location:runKtlintFormatOverAndroidTestDebugSourceSet', task ':feature-location:ktlintAndroidTestDebugSourceSetFormat', task ':feature-location:runKtlintFormatOverAndroidTestReleaseSourceSet', task ':feature-location:ktlintAndroidTestReleaseSourceSetFormat', task ':feature-location:runKtlintFormatOverAndroidTestSourceSet', task ':feature-location:ktlintAndroidTestSourceSetFormat', task ':feature-location:runKtlintFormatOverDebugSourceSet', task ':feature-location:ktlintDebugSourceSetFormat', task ':feature-location:ktlintKotlinScriptFormat', task ':feature-location:runKtlintFormatOverMainSourceSet', task ':feature-location:ktlintMainSourceSetFormat', task ':feature-location:runKtlintFormatOverReleaseSourceSet', task ':feature-location:ktlintReleaseSourceSetFormat', task ':feature-location:runKtlintFormatOverTestDebugSourceSet', task ':feature-location:ktlintTestDebugSourceSetFormat', task ':feature-location:runKtlintFormatOverTestFixturesDebugSourceSet', task ':feature-location:ktlintTestFixturesDebugSourceSetFormat', task ':feature-location:runKtlintFormatOverTestFixturesReleaseSourceSet', task ':feature-location:ktlintTestFixturesReleaseSourceSetFormat', task ':feature-location:runKtlintFormatOverTestFixturesSourceSet', task ':feature-location:ktlintTestFixturesSourceSetFormat', task ':feature-location:runKtlintFormatOverTestReleaseSourceSet', task ':feature-location:ktlintTestReleaseSourceSetFormat', task ':feature-location:runKtlintFormatOverTestSourceSet', task ':feature-location:ktlintTestSourceSetFormat', task ':feature-location:ktlintFormat', task ':feature-location:preBuild', task ':feature-location:preDebugBuild', task ':feature-location:dataBindingMergeDependencyArtifactsDebug', task ':feature-location:generateDebugResources', task ':feature-location:packageDebugResources', task ':feature-location:dataBindingGenBaseClassesDebug', task ':core:compileDebugKotlin', task ':core:javaPreCompileDebug', task ':core:compileDebugJavaWithJavac', task ':core:transformDebugClassesWithAsm', task ':core:bundleLibCompileToJarDebug', task ':feature-location:checkKotlinGradlePluginConfigurationErrors', task ':feature-location:dataBindingTriggerDebug', task ':feature-location:processDebugNavigationResources', task ':feature-location:parseDebugLocalResources', task ':feature-location:generateDebugRFile', task ':feature-location:kspDebugKotlin', task ':feature-location:kaptGenerateStubsDebugKotlin', task ':feature-location:kaptDebugKotlin', task ':feature-settings:loadKtlintReporters', task ':feature-settings:runKtlintFormatOverKotlinScripts', task ':feature-settings:runKtlintFormatOverAndroidTestDebugSourceSet', task ':feature-settings:ktlintAndroidTestDebugSourceSetFormat', task ':feature-settings:runKtlintFormatOverAndroidTestReleaseSourceSet', task ':feature-settings:ktlintAndroidTestReleaseSourceSetFormat', task ':feature-settings:runKtlintFormatOverAndroidTestSourceSet', task ':feature-settings:ktlintAndroidTestSourceSetFormat', task ':feature-settings:runKtlintFormatOverDebugSourceSet', task ':feature-settings:ktlintDebugSourceSetFormat', task ':feature-settings:ktlintKotlinScriptFormat', task ':feature-settings:runKtlintFormatOverMainSourceSet', task ':feature-settings:ktlintMainSourceSetFormat', task ':feature-settings:runKtlintFormatOverReleaseSourceSet', task ':feature-settings:ktlintReleaseSourceSetFormat', task ':feature-settings:runKtlintFormatOverTestDebugSourceSet', task ':feature-settings:ktlintTestDebugSourceSetFormat', task ':feature-settings:runKtlintFormatOverTestFixturesDebugSourceSet', task ':feature-settings:ktlintTestFixturesDebugSourceSetFormat', task ':feature-settings:runKtlintFormatOverTestFixturesReleaseSourceSet', task ':feature-settings:ktlintTestFixturesReleaseSourceSetFormat', task ':feature-settings:runKtlintFormatOverTestFixturesSourceSet', task ':feature-settings:ktlintTestFixturesSourceSetFormat', task ':feature-settings:runKtlintFormatOverTestReleaseSourceSet', task ':feature-settings:ktlintTestReleaseSourceSetFormat', task ':feature-settings:runKtlintFormatOverTestSourceSet', task ':feature-settings:ktlintTestSourceSetFormat', task ':feature-settings:ktlintFormat', task ':feature-settings:preBuild', task ':feature-settings:preDebugBuild', task ':feature-settings:dataBindingMergeDependencyArtifactsDebug', task ':feature-settings:generateDebugResources', task ':feature-settings:packageDebugResources', task ':feature-settings:dataBindingGenBaseClassesDebug', task ':feature-settings:checkKotlinGradlePluginConfigurationErrors', task ':feature-settings:dataBindingTriggerDebug', task ':feature-settings:processDebugNavigationResources', task ':feature-settings:parseDebugLocalResources', task ':feature-settings:generateDebugRFile', task ':feature-settings:kspDebugKotlin', task ':feature-settings:kaptGenerateStubsDebugKotlin', task ':feature-settings:kaptDebugKotlin', task ':feature-weather:loadKtlintReporters', task ':feature-weather:runKtlintFormatOverKotlinScripts', task ':feature-weather:runKtlintFormatOverAndroidTestDebugSourceSet', task ':feature-weather:ktlintAndroidTestDebugSourceSetFormat', task ':feature-weather:runKtlintFormatOverAndroidTestReleaseSourceSet', task ':feature-weather:ktlintAndroidTestReleaseSourceSetFormat', task ':feature-weather:runKtlintFormatOverAndroidTestSourceSet', task ':feature-weather:ktlintAndroidTestSourceSetFormat', task ':feature-weather:runKtlintFormatOverDebugSourceSet', task ':feature-weather:ktlintDebugSourceSetFormat', task ':feature-weather:ktlintKotlinScriptFormat', task ':feature-weather:runKtlintFormatOverMainSourceSet', task ':feature-weather:ktlintMainSourceSetFormat', task ':feature-weather:runKtlintFormatOverReleaseSourceSet', task ':feature-weather:ktlintReleaseSourceSetFormat', task ':feature-weather:runKtlintFormatOverTestDebugSourceSet', task ':feature-weather:ktlintTestDebugSourceSetFormat', task ':feature-weather:runKtlintFormatOverTestFixturesDebugSourceSet', task ':feature-weather:ktlintTestFixturesDebugSourceSetFormat', task ':feature-weather:runKtlintFormatOverTestFixturesReleaseSourceSet', task ':feature-weather:ktlintTestFixturesReleaseSourceSetFormat', task ':feature-weather:runKtlintFormatOverTestFixturesSourceSet', task ':feature-weather:ktlintTestFixturesSourceSetFormat', task ':feature-weather:runKtlintFormatOverTestReleaseSourceSet', task ':feature-weather:ktlintTestReleaseSourceSetFormat', task ':feature-weather:runKtlintFormatOverTestSourceSet', task ':feature-weather:ktlintTestSourceSetFormat', task ':feature-weather:ktlintFormat', task ':feature-weather:preBuild', task ':feature-weather:preDebugBuild', task ':feature-weather:dataBindingMergeDependencyArtifactsDebug', task ':feature-weather:generateDebugResources', task ':feature-weather:packageDebugResources', task ':feature-weather:dataBindingGenBaseClassesDebug', task ':feature-weather:checkKotlinGradlePluginConfigurationErrors', task ':feature-weather:dataBindingTriggerDebug', task ':feature-weather:processDebugNavigationResources', task ':feature-weather:parseDebugLocalResources', task ':feature-weather:generateDebugRFile', task ':feature-weather:kspDebugKotlin', task ':feature-weather:kaptGenerateStubsDebugKotlin', task ':feature-weather:kaptDebugKotlin', task ':app:dataBindingMergeDependencyArtifactsDebug', task ':app:generateDebugResValues', task ':app:injectCrashlyticsMappingFileIdDebug', task ':app:injectCrashlyticsVersionControlInfoDebug', task ':app:processDebugGoogleServices', task ':app:extractDebugSupportedLocales', task ':app:mapDebugSourceSetPaths', task ':core:extractDebugSupportedLocales', task ':feature-location:extractDebugSupportedLocales', task ':feature-settings:extractDebugSupportedLocales', task ':feature-weather:extractDebugSupportedLocales', task ':app:generateDebugLocaleConfig', task ':app:generateDebugResources', task ':app:mergeDebugResources', task ':app:dataBindingGenBaseClassesDebug', task ':app:dataBindingTriggerDebug', task ':app:packageDebugResources', task ':app:processDebugNavigationResources', task ':app:parseDebugLocalResources', task ':app:generateDebugRFile', task ':app:generateSafeArgsDebug', task ':core:bundleLibRuntimeToJarDebug', task ':feature-location:compileDebugKotlin', task ':feature-location:javaPreCompileDebug', task ':feature-location:compileDebugJavaWithJavac', task ':feature-location:transformDebugClassesWithAsm', task ':feature-location:bundleLibCompileToJarDebug', task ':feature-settings:compileDebugKotlin', task ':feature-settings:javaPreCompileDebug', task ':feature-settings:compileDebugJavaWithJavac', task ':feature-settings:transformDebugClassesWithAsm', task ':feature-settings:bundleLibCompileToJarDebug', task ':feature-weather:compileDebugKotlin', task ':feature-weather:javaPreCompileDebug', task ':feature-weather:compileDebugJavaWithJavac', task ':feature-weather:transformDebugClassesWithAsm', task ':feature-weather:bundleLibCompileToJarDebug', task ':app:kspDebugKotlin', task ':app:kaptGenerateStubsDebugKotlin', task ':app:kaptDebugKotlin', task ':app:compileDebugKotlin', task ':app:javaPreCompileDebug', task ':app:compileDebugJavaWithJavac', task ':app:generateDebugAssets', task ':core:generateDebugAssets', task ':core:mergeDebugAssets', task ':feature-location:generateDebugAssets', task ':feature-location:mergeDebugAssets', task ':feature-settings:generateDebugAssets', task ':feature-settings:mergeDebugAssets', task ':feature-weather:generateDebugAssets', task ':feature-weather:mergeDebugAssets', task ':app:mergeDebugAssets', task ':app:compressDebugAssets', task ':app:generateDebugGlobalSynthetics', task ':app:processDebugJavaRes', task ':core:processDebugJavaRes', task ':feature-location:processDebugJavaRes', task ':feature-settings:processDebugJavaRes', task ':feature-weather:processDebugJavaRes', task ':app:mergeDebugJavaResource', task ':app:checkDebugDuplicateClasses', task ':app:desugarDebugFileDependencies', task ':app:mergeExtDexDebug', task ':feature-weather:bundleLibRuntimeToJarDebug', task ':feature-location:bundleLibRuntimeToJarDebug', task ':feature-settings:bundleLibRuntimeToJarDebug', task ':app:mergeLibDexDebug', task ':app:hiltSyncDebug', task ':app:hiltAggregateDepsDebug', task ':app:hiltJavaCompileDebug', task ':core:writeDebugAarMetadata', task ':feature-location:writeDebugAarMetadata', task ':feature-settings:writeDebugAarMetadata', task ':feature-weather:writeDebugAarMetadata', task ':app:checkDebugAarMetadata', task ':app:compileDebugNavigationResources', task ':app:createDebugCompatibleScreenManifests', task ':app:extractDeepLinksDebug', task ':core:extractDeepLinksDebug', task ':core:processDebugManifest', task ':feature-location:extractDeepLinksDebug', task ':feature-location:processDebugManifest', task ':feature-settings:extractDeepLinksDebug', task ':feature-settings:processDebugManifest', task ':feature-weather:extractDeepLinksDebug', task ':feature-weather:processDebugManifest', task ':app:processDebugMainManifest', task ':app:processDebugManifest', task ':app:processDebugManifestForPackage', task ':core:mapDebugSourceSetPaths', task ':core:compileDebugLibraryResources', task ':feature-location:mapDebugSourceSetPaths', task ':feature-location:compileDebugLibraryResources', task ':feature-settings:mapDebugSourceSetPaths', task ':feature-settings:compileDebugLibraryResources', task ':feature-weather:mapDebugSourceSetPaths', task ':feature-weather:compileDebugLibraryResources', task ':app:processDebugResources', task ':app:transformDebugClassesWithAsm', task ':app:dexBuilderDebug', task ':app:mergeProjectDexDebug', task ':app:mergeDebugJniLibFolders', task ':core:mergeDebugJniLibFolders', task ':core:mergeDebugNativeLibs', task ':core:copyDebugJniLibsProjectOnly', task ':feature-location:mergeDebugJniLibFolders', task ':feature-location:mergeDebugNativeLibs', task ':feature-location:copyDebugJniLibsProjectOnly', task ':feature-settings:mergeDebugJniLibFolders', task ':feature-settings:mergeDebugNativeLibs', task ':feature-settings:copyDebugJniLibsProjectOnly', task ':feature-weather:mergeDebugJniLibFolders', task ':feature-weather:mergeDebugNativeLibs', task ':feature-weather:copyDebugJniLibsProjectOnly', task ':app:mergeDebugNativeLibs', task ':app:stripDebugDebugSymbols', task ':app:validateSigningDebug', task ':app:writeDebugAppMetadata', task ':app:writeDebugSigningConfigVersions', task ':app:packageDebug', task ':app:createDebugApkListingFileRedirect', task ':app:assembleDebug', task ':core:checkDebugAarMetadata', task ':core:stripDebugDebugSymbols', task ':core:copyDebugJniLibsProjectAndLocalJars', task ':core:extractDebugAnnotations', task ':core:extractDeepLinksForAarDebug', task ':core:mergeDebugGeneratedProguardFiles', task ':core:mergeDebugConsumerProguardFiles', task ':core:prepareDebugArtProfile', task ':core:prepareLintJarForPublish', task ':core:mergeDebugJavaResource', task ':core:syncDebugLibJars', task ':core:bundleDebugAar', task ':core:assembleDebug', task ':feature-location:checkDebugAarMetadata', task ':feature-location:stripDebugDebugSymbols', task ':feature-location:copyDebugJniLibsProjectAndLocalJars', task ':feature-location:extractDebugAnnotations', task ':feature-location:extractDeepLinksForAarDebug', task ':feature-location:mergeDebugGeneratedProguardFiles', task ':feature-location:mergeDebugConsumerProguardFiles', task ':feature-location:prepareDebugArtProfile', task ':feature-location:prepareLintJarForPublish', task ':feature-location:mergeDebugJavaResource', task ':feature-location:syncDebugLibJars', task ':feature-location:bundleDebugAar', task ':feature-location:assembleDebug', task ':feature-settings:checkDebugAarMetadata', task ':feature-settings:stripDebugDebugSymbols', task ':feature-settings:copyDebugJniLibsProjectAndLocalJars', task ':feature-settings:extractDebugAnnotations', task ':feature-settings:extractDeepLinksForAarDebug', task ':feature-settings:mergeDebugGeneratedProguardFiles', task ':feature-settings:mergeDebugConsumerProguardFiles', task ':feature-settings:prepareDebugArtProfile', task ':feature-settings:prepareLintJarForPublish', task ':feature-settings:mergeDebugJavaResource', task ':feature-settings:syncDebugLibJars', task ':feature-settings:bundleDebugAar', task ':feature-settings:assembleDebug', task ':feature-weather:checkDebugAarMetadata', task ':feature-weather:stripDebugDebugSymbols', task ':feature-weather:copyDebugJniLibsProjectAndLocalJars', task ':feature-weather:extractDebugAnnotations', task ':feature-weather:extractDeepLinksForAarDebug', task ':feature-weather:mergeDebugGeneratedProguardFiles', task ':feature-weather:mergeDebugConsumerProguardFiles', task ':feature-weather:prepareDebugArtProfile', task ':feature-weather:prepareLintJarForPublish', task ':feature-weather:mergeDebugJavaResource', task ':feature-weather:syncDebugLibJars', task ':feature-weather:bundleDebugAar', task ':feature-weather:assembleDebug']
Tasks that were excluded: []
work action org.gradle.api.internal.artifacts.transform.DefaultTransformUpstreamDependenciesResolver$FinalizeTransformDependenciesFromSelectedArtifacts$CalculateFinalDependencies@1a733c8 (Thread[#1662,Execution worker Thread 11,5,main]) started.
work action Dependencies for com.google.firebase:firebase-components:19.0.0 {artifactType=android-classes-jar, asm-transformed-variant=debug} (Thread[#1662,Execution worker Thread 11,5,main]) started.
file or directory '/Users/joshy/Development/Android/Warbler-Weather/app/libs', not found
work action org.gradle.api.internal.artifacts.transform.DefaultTransformUpstreamDependenciesResolver$FinalizeTransformDependenciesFromSelectedArtifacts$CalculateFinalDependencies@7bb91be7 (Thread[#1651,included builds,5,main]) started.
work action Dependencies for androidx.compose.ui:ui-tooling-preview-android:1.12.0-alpha03 {artifactType=android-classes-jar, asm-transformed-variant=debug} (Thread[#1651,included builds,5,main]) started.
file or directory '/Users/joshy/Development/Android/Warbler-Weather/app/libs', not found
work action org.gradle.api.internal.artifacts.transform.DefaultTransformUpstreamDependenciesResolver$FinalizeTransformDependenciesFromSelectedArtifacts$CalculateFinalDependencies@5dea339c (Thread[#1656,Execution worker Thread 5,5,main]) started.
work action Dependencies for androidx.lifecycle:lifecycle-process:2.11.0 {artifactType=android-classes-jar, asm-transformed-variant=debug} (Thread[#1656,Execution worker Thread 5,5,main]) started.
file or directory '/Users/joshy/Development/Android/Warbler-Weather/app/libs', not found
work action org.gradle.api.internal.artifacts.transform.DefaultTransformUpstreamDependenciesResolver$FinalizeTransformDependenciesFromSelectedArtifacts$CalculateFinalDependencies@1ca165f3 (Thread[#1661,Execution worker Thread 10,5,main]) started.
work action Dependencies for androidx.versionedparcelable:versionedparcelable:1.1.1 {artifactType=android-classes-jar, asm-transformed-variant=debug} (Thread[#1661,Execution worker Thread 10,5,main]) started.
file or directory '/Users/joshy/Development/Android/Warbler-Weather/app/libs', not found
work action org.gradle.api.internal.artifacts.transform.DefaultTransformUpstreamDependenciesResolver$FinalizeTransformDependenciesFromSelectedArtifacts$CalculateFinalDependencies@6c0b5139 (Thread[#1661,Execution worker Thread 10,5,main]) started.
work action Dependencies for com.google.dagger:hilt-android:2.59.2 {artifactType=android-classes-jar, asm-transformed-variant=debug} (Thread[#1661,Execution worker Thread 10,5,main]) started.
file or directory '/Users/joshy/Development/Android/Warbler-Weather/app/libs', not found
work action org.gradle.api.internal.artifacts.transform.DefaultTransformUpstreamDependenciesResolver$FinalizeTransformDependenciesFromSelectedArtifacts$CalculateFinalDependencies@201e40cc (Thread[#1656,Execution worker Thread 5,5,main]) started.
work action Dependencies for com.google.firebase:firebase-database-collection:18.0.1 {artifactType=android-classes-jar, asm-transformed-variant=debug} (Thread[#1656,Execution worker Thread 5,5,main]) started.
file or directory '/Users/joshy/Development/Android/Warbler-Weather/app/libs', not found
work action org.gradle.api.internal.artifacts.transform.DefaultTransformUpstreamDependenciesResolver$FinalizeTransformDependenciesFromSelectedArtifacts$CalculateFinalDependencies@5d56096 (Thread[#1651,included builds,5,main]) started.
work action Dependencies for androidx.graphics:graphics-shapes-android:1.0.1 {artifactType=android-classes-jar, asm-transformed-variant=debug} (Thread[#1651,included builds,5,main]) started.
file or directory '/Users/joshy/Development/Android/Warbler-Weather/app/libs', not found
work action org.gradle.api.internal.artifacts.transform.DefaultTransformUpstreamDependenciesResolver$FinalizeTransformDependenciesFromSelectedArtifacts$CalculateFinalDependencies@72f3c3c1 (Thread[#1651,included builds,5,main]) started.
work action Dependencies for androidx.slidingpanelayout:slidingpanelayout:1.2.0 {artifactType=android-classes-jar, asm-transformed-variant=debug} (Thread[#1651,included builds,5,main]) started.
file or directory '/Users/joshy/Development/Android/Warbler-Weather/app/libs', not found
work action org.gradle.api.internal.artifacts.transform.DefaultTransformUpstreamDependenciesResolver$FinalizeTransformDependenciesFromSelectedArtifacts$CalculateFinalDependencies@380b15b (Thread[#1660,Execution worker Thread 9,5,main]) started.
work action Dependencies for androidx.savedstate:savedstate-android:1.4.0 {artifactType=android-classes-jar, asm-transformed-variant=debug} (Thread[#1660,Execution worker Thread 9,5,main]) started.
file or directory '/Users/joshy/Development/Android/Warbler-Weather/app/libs', not found
work action org.gradle.api.internal.artifacts.transform.DefaultTransformUpstreamDependenciesResolver$FinalizeTransformDependenciesFromSelectedArtifacts$CalculateFinalDependencies@73b53b77 (Thread[#1660,Execution worker Thread 9,5,main]) started.
work action Dependencies for androidx.compose.ui:ui-unit-android:1.12.0-alpha03 {artifactType=android-classes-jar, asm-transformed-variant=debug} (Thread[#1660,Execution worker Thread 9,5,main]) started.
file or directory '/Users/joshy/Development/Android/Warbler-Weather/app/libs', not found
work action org.gradle.api.internal.artifacts.transform.DefaultTransformUpstreamDependenciesResolver$FinalizeTransformDependenciesFromSelectedArtifacts$CalculateFinalDependencies@78ad4a6d (Thread[#1664,Execution worker Thread 12,5,main]) started.
work action Dependencies for androidx.compose.ui:ui-tooling-data-android:1.12.0-alpha03 {artifactType=android-classes-jar, asm-transformed-variant=debug} (Thread[#1664,Execution worker Thread 12,5,main]) started.
file or directory '/Users/joshy/Development/Android/Warbler-Weather/app/libs', not found
work action org.gradle.api.internal.artifacts.transform.DefaultTransformUpstreamDependenciesResolver$FinalizeTransformDependenciesFromSelectedArtifacts$CalculateFinalDependencies@64bdf6bd (Thread[#1662,Execution worker Thread 11,5,main]) started.
work action Dependencies for androidx.fragment:fragment:1.6.2 {artifactType=android-classes-jar, asm-transformed-variant=debug} (Thread[#1660,Execution worker Thread 9,5,main]) started.
file or directory '/Users/joshy/Development/Android/Warbler-Weather/app/libs', not found
work action org.gradle.api.internal.artifacts.transform.DefaultTransformUpstreamDependenciesResolver$FinalizeTransformDependenciesFromSelectedArtifacts$CalculateFinalDependencies@165f17d4 (Thread[#1660,Execution worker Thread 9,5,main]) started.
work action Dependencies for androidx.compose.ui:ui-geometry-android:1.12.0-alpha03 {artifactType=android-classes-jar, asm-transformed-variant=debug} (Thread[#1660,Execution worker Thread 9,5,main]) started.
file or directory '/Users/joshy/Development/Android/Warbler-Weather/app/libs', not found
work action org.gradle.api.internal.artifacts.transform.DefaultTransformUpstreamDependenciesResolver$FinalizeTransformDependenciesFromSelectedArtifacts$CalculateFinalDependencies@35e87f81 (Thread[#1660,Execution worker Thread 9,5,main]) started.
work action Dependencies for androidx.resourceinspection:resourceinspection-annotation:1.0.1 {artifactType=android-classes-jar, asm-transformed-variant=debug} (Thread[#1660,Execution worker Thread 9,5,main]) started.
file or directory '/Users/joshy/Development/Android/Warbler-Weather/app/libs', not found
work action org.gradle.api.internal.artifacts.transform.DefaultTransformUpstreamDependenciesResolver$FinalizeTransformDependenciesFromSelectedArtifacts$CalculateFinalDependencies@175d2d7 (Thread[#1660,Execution worker Thread 9,5,main]) started.
work action Dependencies for androidx.navigation:navigation-ui-ktx:2.9.8 {artifactType=android-classes-jar, asm-transformed-variant=debug} (Thread[#1660,Execution worker Thread 9,5,main]) started.
file or directory '/Users/joshy/Development/Android/Warbler-Weather/app/libs', not found
work action org.gradle.api.internal.artifacts.transform.DefaultTransformUpstreamDependenciesResolver$FinalizeTransformDependenciesFromSelectedArtifacts$CalculateFinalDependencies@cf1ac (Thread[#1665,Execution worker Thread 13,5,main]) started.
work action Dependencies for androidx.appfunctions:appfunctions-service:1.0.0-alpha09 {artifactType=android-classes-jar, asm-transformed-variant=debug} (Thread[#1665,Execution worker Thread 13,5,main]) started.
file or directory '/Users/joshy/Development/Android/Warbler-Weather/app/libs', not found
work action org.gradle.api.internal.artifacts.transform.DefaultTransformUpstreamDependenciesResolver$FinalizeTransformDependenciesFromSelectedArtifacts$CalculateFinalDependencies@45f589e4 (Thread[#1656,Execution worker Thread 5,5,main]) started.
work action Dependencies for com.jakewharton.retrofit:retrofit2-kotlinx-serialization-converter:1.0.0 {artifactType=android-classes-jar, asm-transformed-variant=debug} (Thread[#1656,Execution worker Thread 5,5,main]) started.
file or directory '/Users/joshy/Development/Android/Warbler-Weather/app/libs', not found
work action org.gradle.api.internal.artifacts.transform.DefaultTransformUpstreamDependenciesResolver$FinalizeTransformDependenciesFromSelectedArtifacts$CalculateFinalDependencies@7d9dc36b (Thread[#1656,Execution worker Thread 5,5,main]) started.
work action Dependencies for androidx.activity:activity-compose:1.13.0 {artifactType=android-classes-jar, asm-transformed-variant=debug} (Thread[#1656,Execution worker Thread 5,5,main]) started.
file or directory '/Users/joshy/Development/Android/Warbler-Weather/app/libs', not found
work action org.gradle.api.internal.artifacts.transform.DefaultTransformUpstreamDependenciesResolver$FinalizeTransformDependenciesFromSelectedArtifacts$CalculateFinalDependencies@27e08fbc (Thread[#1656,Execution worker Thread 5,5,main]) started.
work action Dependencies for androidx.privacysandbox.ads:ads-adservices:1.1.0-beta11 {artifactType=android-classes-jar, asm-transformed-variant=debug} (Thread[#1656,Execution worker Thread 5,5,main]) started.
file or directory '/Users/joshy/Development/Android/Warbler-Weather/app/libs', not found
work action org.gradle.api.internal.artifacts.transform.DefaultTransformUpstreamDependenciesResolver$FinalizeTransformDependenciesFromSelectedArtifacts$CalculateFinalDependencies@702bb777 (Thread[#1656,Execution worker Thread 5,5,main]) started.
work action Dependencies for androidx.datastore:datastore-core-android:1.2.1 {artifactType=android-classes-jar, asm-transformed-variant=debug} (Thread[#1656,Execution worker Thread 5,5,main]) started.
file or directory '/Users/joshy/Development/Android/Warbler-Weather/app/libs', not found
work action org.gradle.api.internal.artifacts.transform.DefaultTransformUpstreamDependenciesResolver$FinalizeTransformDependenciesFromSelectedArtifacts$CalculateFinalDependencies@32b8e2e1 (Thread[#1656,Execution worker Thread 5,5,main]) started.
work action Dependencies for androidx.transition:transition:1.5.0 {artifactType=android-classes-jar, asm-transformed-variant=debug} (Thread[#1656,Execution worker Thread 5,5,main]) started.
file or directory '/Users/joshy/Development/Android/Warbler-Weather/app/libs', not found
work action org.gradle.api.internal.artifacts.transform.DefaultTransformUpstreamDependenciesResolver$FinalizeTransformDependenciesFromSelectedArtifacts$CalculateFinalDependencies@7a2dff2f (Thread[#1656,Execution worker Thread 5,5,main]) started.
work action Dependencies for com.google.guava:failureaccess:1.0.1 {artifactType=android-classes-jar, asm-transformed-variant=debug} (Thread[#1656,Execution worker Thread 5,5,main]) started.
file or directory '/Users/joshy/Development/Android/Warbler-Weather/app/libs', not found
work action org.gradle.api.internal.artifacts.transform.DefaultTransformUpstreamDependenciesResolver$FinalizeTransformDependenciesFromSelectedArtifacts$CalculateFinalDependencies@724bc982 (Thread[#1656,Execution worker Thread 5,5,main]) started.
work action Dependencies for androidx.lifecycle:lifecycle-viewmodel-compose-android:2.11.0 {artifactType=android-classes-jar, asm-transformed-variant=debug} (Thread[#1656,Execution worker Thread 5,5,main]) started.
file or directory '/Users/joshy/Development/Android/Warbler-Weather/app/libs', not found
work action org.gradle.api.internal.artifacts.transform.DefaultTransformUpstreamDependenciesResolver$FinalizeTransformDependenciesFromSelectedArtifacts$CalculateFinalDependencies@48d93d03 (Thread[#1656,Execution worker Thread 5,5,main]) started.
work action Dependencies for androidx.lifecycle:lifecycle-livedata-ktx:2.11.0 {artifactType=android-classes-jar, asm-transformed-variant=debug} (Thread[#1656,Execution worker Thread 5,5,main]) started.
file or directory '/Users/joshy/Development/Android/Warbler-Weather/app/libs', not found
work action org.gradle.api.internal.artifacts.transform.DefaultTransformUpstreamDependenciesResolver$FinalizeTransformDependenciesFromSelectedArtifacts$CalculateFinalDependencies@26f08276 (Thread[#1656,Execution worker Thread 5,5,main]) started.
work action Dependencies for androidx.appsearch:appsearch-platform-storage:1.1.0 {artifactType=android-classes-jar, asm-transformed-variant=debug} (Thread[#1656,Execution worker Thread 5,5,main]) started.
file or directory '/Users/joshy/Development/Android/Warbler-Weather/app/libs', not found
work action org.gradle.api.internal.artifacts.transform.DefaultTransformUpstreamDependenciesResolver$FinalizeTransformDependenciesFromSelectedArtifacts$CalculateFinalDependencies@618f7533 (Thread[#1656,Execution worker Thread 5,5,main]) started.
work action Dependencies for androidx.emoji2:emoji2:1.4.0 {artifactType=android-classes-jar, asm-transformed-variant=debug} (Thread[#1656,Execution worker Thread 5,5,main]) started.
file or directory '/Users/joshy/Development/Android/Warbler-Weather/app/libs', not found
work action org.gradle.api.internal.artifacts.transform.DefaultTransformUpstreamDependenciesResolver$FinalizeTransformDependenciesFromSelectedArtifacts$CalculateFinalDependencies@27090387 (Thread[#1656,Execution worker Thread 5,5,main]) started.
work action Dependencies for androidx.savedstate:savedstate-compose-android:1.4.0 {artifactType=android-classes-jar, asm-transformed-variant=debug} (Thread[#1656,Execution worker Thread 5,5,main]) started.
file or directory '/Users/joshy/Development/Android/Warbler-Weather/app/libs', not found
work action org.gradle.api.internal.artifacts.transform.DefaultTransformUpstreamDependenciesResolver$FinalizeTransformDependenciesFromSelectedArtifacts$CalculateFinalDependencies@6f74731a (Thread[#1656,Execution worker Thread 5,5,main]) started.
work action Dependencies for com.google.firebase:firebase-installations-interop:17.3.0 {artifactType=android-classes-jar, asm-transformed-variant=debug} (Thread[#1656,Execution worker Thread 5,5,main]) started.
file or directory '/Users/joshy/Development/Android/Warbler-Weather/app/libs', not found
work action org.gradle.api.internal.artifacts.transform.DefaultTransformUpstreamDependenciesResolver$FinalizeTransformDependenciesFromSelectedArtifacts$CalculateFinalDependencies@7a2b04fd (Thread[#1656,Execution worker Thread 5,5,main]) started.
work action Dependencies for com.google.android.gms:play-services-measurement:23.2.0 {artifactType=android-classes-jar, asm-transformed-variant=debug} (Thread[#1656,Execution worker Thread 5,5,main]) started.
file or directory '/Users/joshy/Development/Android/Warbler-Weather/app/libs', not found
work action org.gradle.api.internal.artifacts.transform.DefaultTransformUpstreamDependenciesResolver$FinalizeTransformDependenciesFromSelectedArtifacts$CalculateFinalDependencies@745d7a4d (Thread[#1654,Execution worker Thread 3,5,main]) started.
work action Dependencies for androidx.drawerlayout:drawerlayout:1.1.1 {artifactType=android-classes-jar, asm-transformed-variant=debug} (Thread[#1654,Execution worker Thread 3,5,main]) started.
file or directory '/Users/joshy/Development/Android/Warbler-Weather/app/libs', not found
work action org.gradle.api.internal.artifacts.transform.DefaultTransformUpstreamDependenciesResolver$FinalizeTransformDependenciesFromSelectedArtifacts$CalculateFinalDependencies@49fc271 (Thread[#1654,Execution worker Thread 3,5,main]) started.
work action Dependencies for androidx.compose.material3.adaptive:adaptive-android:1.2.0 {artifactType=android-classes-jar, asm-transformed-variant=debug} (Thread[#1654,Execution worker Thread 3,5,main]) started.
file or directory '/Users/joshy/Development/Android/Warbler-Weather/app/libs', not found
work action org.gradle.api.internal.artifacts.transform.DefaultTransformUpstreamDependenciesResolver$FinalizeTransformDependenciesFromSelectedArtifacts$CalculateFinalDependencies@1c924a9c (Thread[#1666,Execution worker Thread 14,5,main]) started.
work action Dependencies for androidx.compose.material:material-icons-extended-android:1.7.8 {artifactType=android-classes-jar, asm-transformed-variant=debug} (Thread[#1666,Execution worker Thread 14,5,main]) started.
file or directory '/Users/joshy/Development/Android/Warbler-Weather/app/libs', not found
work action org.gradle.api.internal.artifacts.transform.DefaultTransformUpstreamDependenciesResolver$FinalizeTransformDependenciesFromSelectedArtifacts$CalculateFinalDependencies@1bc8d300 (Thread[#1666,Execution worker Thread 14,5,main]) started.
work action Dependencies for org.jetbrains.kotlinx:kotlinx-coroutines-android:1.11.0 {artifactType=android-classes-jar, asm-transformed-variant=debug} (Thread[#1666,Execution worker Thread 14,5,main]) started.
file or directory '/Users/joshy/Development/Android/Warbler-Weather/app/libs', not found
work action org.gradle.api.internal.artifacts.transform.DefaultTransformUpstreamDependenciesResolver$FinalizeTransformDependenciesFromSelectedArtifacts$CalculateFinalDependencies@5d1dad35 (Thread[#1666,Execution worker Thread 14,5,main]) started.
work action Dependencies for androidx.vectordrawable:vectordrawable-animated:1.1.0 {artifactType=android-classes-jar, asm-transformed-variant=debug} (Thread[#1666,Execution worker Thread 14,5,main]) started.
file or directory '/Users/joshy/Development/Android/Warbler-Weather/app/libs', not found
work action org.gradle.api.internal.artifacts.transform.DefaultTransformUpstreamDependenciesResolver$FinalizeTransformDependenciesFromSelectedArtifacts$CalculateFinalDependencies@718fbfea (Thread[#1666,Execution worker Thread 14,5,main]) started.
work action Dependencies for androidx.viewpager:viewpager:1.0.0 {artifactType=android-classes-jar, asm-transformed-variant=debug} (Thread[#1666,Execution worker Thread 14,5,main]) started.
file or directory '/Users/joshy/Development/Android/Warbler-Weather/app/libs', not found
work action org.gradle.api.internal.artifacts.transform.DefaultTransformUpstreamDependenciesResolver$FinalizeTransformDependenciesFromSelectedArtifacts$CalculateFinalDependencies@3e5e7108 (Thread[#1666,Execution worker Thread 14,5,main]) started.
work action Dependencies for com.google.guava:guava:32.0.1-android {artifactType=android-classes-jar, asm-transformed-variant=debug} (Thread[#1666,Execution worker Thread 14,5,main]) started.
file or directory '/Users/joshy/Development/Android/Warbler-Weather/app/libs', not found
work action org.gradle.api.internal.artifacts.transform.DefaultTransformUpstreamDependenciesResolver$FinalizeTransformDependenciesFromSelectedArtifacts$CalculateFinalDependencies@3d65a34d (Thread[#1666,Execution worker Thread 14,5,main]) started.
work action Dependencies for androidx.navigationevent:navigationevent-android:1.1.2 {artifactType=android-classes-jar, asm-transformed-variant=debug} (Thread[#1666,Execution worker Thread 14,5,main]) started.
file or directory '/Users/joshy/Development/Android/Warbler-Weather/app/libs', not found
work action org.gradle.api.internal.artifacts.transform.DefaultTransformUpstreamDependenciesResolver$FinalizeTransformDependenciesFromSelectedArtifacts$CalculateFinalDependencies@4c8f5e21 (Thread[#1666,Execution worker Thread 14,5,main]) started.
work action Dependencies for androidx.compose.runtime:runtime-rxjava2-android:1.12.0-alpha03 {artifactType=android-classes-jar, asm-transformed-variant=debug} (Thread[#1666,Execution worker Thread 14,5,main]) started.
file or directory '/Users/joshy/Development/Android/Warbler-Weather/app/libs', not found
work action org.gradle.api.internal.artifacts.transform.DefaultTransformUpstreamDependenciesResolver$FinalizeTransformDependenciesFromSelectedArtifacts$CalculateFinalDependencies@5cbb81bc (Thread[#1652,Execution worker,5,main]) started.
work action Dependencies for org.jetbrains.kotlin:kotlin-stdlib-jdk8:1.8.22 {artifactType=android-classes-jar, asm-transformed-variant=debug} (Thread[#1652,Execution worker,5,main]) started.
file or directory '/Users/joshy/Development/Android/Warbler-Weather/app/libs', not found
work action org.gradle.api.internal.artifacts.transform.DefaultTransformUpstreamDependenciesResolver$FinalizeTransformDependenciesFromSelectedArtifacts$CalculateFinalDependencies@7d7ece4f (Thread[#1652,Execution worker,5,main]) started.
work action Dependencies for androidx.localbroadcastmanager:localbroadcastmanager:1.0.0 {artifactType=android-classes-jar, asm-transformed-variant=debug} (Thread[#1652,Execution worker,5,main]) started.
file or directory '/Users/joshy/Development/Android/Warbler-Weather/app/libs', not found
work action org.gradle.api.internal.artifacts.transform.DefaultTransformUpstreamDependenciesResolver$FinalizeTransformDependenciesFromSelectedArtifacts$CalculateFinalDependencies@1224e835 (Thread[#1652,Execution worker,5,main]) started.
work action Dependencies for androidx.privacysandbox.ads:ads-adservices:1.1.0-beta11 {artifactType=android-classes-jar, asm-transformed-variant=debug} (Thread[#1652,Execution worker,5,main]) started.
file or directory '/Users/joshy/Development/Android/Warbler-Weather/app/libs', not found
work action org.gradle.api.internal.artifacts.transform.DefaultTransformUpstreamDependenciesResolver$FinalizeTransformDependenciesFromSelectedArtifacts$CalculateFinalDependencies@b6f2869 (Thread[#1652,Execution worker,5,main]) started.
work action Dependencies for androidx.legacy:legacy-support-core-utils:1.0.0 {artifactType=android-classes-jar, asm-transformed-variant=debug} (Thread[#1652,Execution worker,5,main]) started.
file or directory '/Users/joshy/Development/Android/Warbler-Weather/app/libs', not found
work action org.gradle.api.internal.artifacts.transform.DefaultTransformUpstreamDependenciesResolver$FinalizeTransformDependenciesFromSelectedArtifacts$CalculateFinalDependencies@44e463df (Thread[#1652,Execution worker,5,main]) started.
work action Dependencies for androidx.lifecycle:lifecycle-livedata-core-ktx:2.11.0 {artifactType=android-classes-jar, asm-transformed-variant=debug} (Thread[#1652,Execution worker,5,main]) started.
file or directory '/Users/joshy/Development/Android/Warbler-Weather/app/libs', not found
work action org.gradle.api.internal.artifacts.transform.DefaultTransformUpstreamDependenciesResolver$FinalizeTransformDependenciesFromSelectedArtifacts$CalculateFinalDependencies@1d7409dd (Thread[#1652,Execution worker,5,main]) started.
work action Dependencies for androidx.graphics:graphics-path:1.0.1 {artifactType=android-classes-jar, asm-transformed-variant=debug} (Thread[#1652,Execution worker,5,main]) started.
file or directory '/Users/joshy/Development/Android/Warbler-Weather/app/libs', not found
work action org.gradle.api.internal.artifacts.transform.DefaultTransformUpstreamDependenciesResolver$FinalizeTransformDependenciesFromSelectedArtifacts$CalculateFinalDependencies@20823a46 (Thread[#1652,Execution worker,5,main]) started.
work action Dependencies for androidx.lifecycle:lifecycle-runtime-compose-android:2.11.0 {artifactType=android-classes-jar, asm-transformed-variant=debug} (Thread[#1652,Execution worker,5,main]) started.
file or directory '/Users/joshy/Development/Android/Warbler-Weather/app/libs', not found
work action org.gradle.api.internal.artifacts.transform.DefaultTransformUpstreamDependenciesResolver$FinalizeTransformDependenciesFromSelectedArtifacts$CalculateFinalDependencies@2ecc1c9a (Thread[#1652,Execution worker,5,main]) started.
work action Dependencies for com.google.android.material:material:1.14.0 {artifactType=android-classes-jar, asm-transformed-variant=debug} (Thread[#1652,Execution worker,5,main]) started.
file or directory '/Users/joshy/Development/Android/Warbler-Weather/app/libs', not found
work action org.gradle.api.internal.artifacts.transform.DefaultTransformUpstreamDependenciesResolver$FinalizeTransformDependenciesFromSelectedArtifacts$CalculateFinalDependencies@7258ffc2 (Thread[#1652,Execution worker,5,main]) started.
work action Dependencies for androidx.compose.animation:animation-android:1.12.0-alpha03 {artifactType=android-classes-jar, asm-transformed-variant=debug} (Thread[#1652,Execution worker,5,main]) started.
file or directory '/Users/joshy/Development/Android/Warbler-Weather/app/libs', not found
work action org.gradle.api.internal.artifacts.transform.DefaultTransformUpstreamDependenciesResolver$FinalizeTransformDependenciesFromSelectedArtifacts$CalculateFinalDependencies@8a2e5a3 (Thread[#1652,Execution worker,5,main]) started.
work action Dependencies for com.google.firebase:firebase-sessions:3.0.6 {artifactType=android-classes-jar, asm-transformed-variant=debug} (Thread[#1652,Execution worker,5,main]) started.
file or directory '/Users/joshy/Development/Android/Warbler-Weather/app/libs', not found
work action org.gradle.api.internal.artifacts.transform.DefaultTransformUpstreamDependenciesResolver$FinalizeTransformDependenciesFromSelectedArtifacts$CalculateFinalDependencies@592116d6 (Thread[#1653,Execution worker Thread 2,5,main]) started.
work action Dependencies for io.reactivex.rxjava2:rxjava:2.2.9 {artifactType=android-classes-jar, asm-transformed-variant=debug} (Thread[#1653,Execution worker Thread 2,5,main]) started.
file or directory '/Users/joshy/Development/Android/Warbler-Weather/app/libs', not found
work action org.gradle.api.internal.artifacts.transform.DefaultTransformUpstreamDependenciesResolver$FinalizeTransformDependenciesFromSelectedArtifacts$CalculateFinalDependencies@294e67f7 (Thread[#1653,Execution worker Thread 2,5,main]) started.
work action Dependencies for androidx.legacy:legacy-support-v4:1.0.0 {artifactType=android-classes-jar, asm-transformed-variant=debug} (Thread[#1653,Execution worker Thread 2,5,main]) started.
file or directory '/Users/joshy/Development/Android/Warbler-Weather/app/libs', not found
work action org.gradle.api.internal.artifacts.transform.DefaultTransformUpstreamDependenciesResolver$FinalizeTransformDependenciesFromSelectedArtifacts$CalculateFinalDependencies@6fbda7fb (Thread[#1665,Execution worker Thread 13,5,main]) started.
work action Dependencies for androidx.navigation3:navigation3-ui-android:1.1.3 {artifactType=android-classes-jar, asm-transformed-variant=debug} (Thread[#1665,Execution worker Thread 13,5,main]) started.
file or directory '/Users/joshy/Development/Android/Warbler-Weather/app/libs', not found
work action org.gradle.api.internal.artifacts.transform.DefaultTransformUpstreamDependenciesResolver$FinalizeTransformDependenciesFromSelectedArtifacts$CalculateFinalDependencies@6195ebb5 (Thread[#1661,Execution worker Thread 10,5,main]) started.
work action Dependencies for androidx.media:media:1.0.0 {artifactType=android-classes-jar, asm-transformed-variant=debug} (Thread[#1661,Execution worker Thread 10,5,main]) started.
file or directory '/Users/joshy/Development/Android/Warbler-Weather/app/libs', not found
work action org.gradle.api.internal.artifacts.transform.DefaultTransformUpstreamDependenciesResolver$FinalizeTransformDependenciesFromSelectedArtifacts$CalculateFinalDependencies@2f55cdfd (Thread[#1661,Execution worker Thread 10,5,main]) started.
work action Dependencies for androidx.compose.animation:animation-core-android:1.12.0-alpha03 {artifactType=android-classes-jar, asm-transformed-variant=debug} (Thread[#1661,Execution worker Thread 10,5,main]) started.
file or directory '/Users/joshy/Development/Android/Warbler-Weather/app/libs', not found
work action org.gradle.api.internal.artifacts.transform.DefaultTransformUpstreamDependenciesResolver$FinalizeTransformDependenciesFromSelectedArtifacts$CalculateFinalDependencies@4075fed7 (Thread[#1661,Execution worker Thread 10,5,main]) started.
work action Dependencies for androidx.navigation:navigation-dynamic-features-fragment:2.9.8 {artifactType=android-classes-jar, asm-transformed-variant=debug} (Thread[#1661,Execution worker Thread 10,5,main]) started.
file or directory '/Users/joshy/Development/Android/Warbler-Weather/app/libs', not found
work action org.gradle.api.internal.artifacts.transform.DefaultTransformUpstreamDependenciesResolver$FinalizeTransformDependenciesFromSelectedArtifacts$CalculateFinalDependencies@4eb58c58 (Thread[#1654,Execution worker Thread 3,5,main]) started.
work action Dependencies for com.google.code.findbugs:jsr305:3.0.2 {artifactType=android-classes-jar, asm-transformed-variant=debug} (Thread[#1654,Execution worker Thread 3,5,main]) started.
file or directory '/Users/joshy/Development/Android/Warbler-Weather/app/libs', not found
work action org.gradle.api.internal.artifacts.transform.DefaultTransformUpstreamDependenciesResolver$FinalizeTransformDependenciesFromSelectedArtifacts$CalculateFinalDependencies@1d3e1865 (Thread[#1654,Execution worker Thread 3,5,main]) started.
work action Dependencies for androidx.lifecycle:lifecycle-runtime-android:2.11.0 {artifactType=android-classes-jar, asm-transformed-variant=debug} (Thread[#1654,Execution worker Thread 3,5,main]) started.
file or directory '/Users/joshy/Development/Android/Warbler-Weather/app/libs', not found
work action org.gradle.api.internal.artifacts.transform.DefaultTransformUpstreamDependenciesResolver$FinalizeTransformDependenciesFromSelectedArtifacts$CalculateFinalDependencies@1dcd974 (Thread[#1654,Execution worker Thread 3,5,main]) started.
work action Dependencies for com.google.android.datatransport:transport-backend-cct:3.3.0 {artifactType=android-classes-jar, asm-transformed-variant=debug} (Thread[#1654,Execution worker Thread 3,5,main]) started.
file or directory '/Users/joshy/Development/Android/Warbler-Weather/app/libs', not found
work action org.gradle.api.internal.artifacts.transform.DefaultTransformUpstreamDependenciesResolver$FinalizeTransformDependenciesFromSelectedArtifacts$CalculateFinalDependencies@6d964c02 (Thread[#1654,Execution worker Thread 3,5,main]) started.
work action Dependencies for com.google.auto.service:auto-service-annotations:1.0-rc6 {artifactType=android-classes-jar, asm-transformed-variant=debug} (Thread[#1654,Execution worker Thread 3,5,main]) started.
file or directory '/Users/joshy/Development/Android/Warbler-Weather/app/libs', not found
work action org.gradle.api.internal.artifacts.transform.DefaultTransformUpstreamDependenciesResolver$FinalizeTransformDependenciesFromSelectedArtifacts$CalculateFinalDependencies@577626a0 (Thread[#1654,Execution worker Thread 3,5,main]) started.
work action Dependencies for com.google.dagger:dagger:2.59.2 {artifactType=android-classes-jar, asm-transformed-variant=debug} (Thread[#1654,Execution worker Thread 3,5,main]) started.
file or directory '/Users/joshy/Development/Android/Warbler-Weather/app/libs', not found
work action org.gradle.api.internal.artifacts.transform.DefaultTransformUpstreamDependenciesResolver$FinalizeTransformDependenciesFromSelectedArtifacts$CalculateFinalDependencies@713fe246 (Thread[#1654,Execution worker Thread 3,5,main]) started.
work action Dependencies for androidx.arch.core:core-runtime:2.2.0 {artifactType=android-classes-jar, asm-transformed-variant=debug} (Thread[#1654,Execution worker Thread 3,5,main]) started.
file or directory '/Users/joshy/Development/Android/Warbler-Weather/app/libs', not found
work action org.gradle.api.internal.artifacts.transform.DefaultTransformUpstreamDependenciesResolver$FinalizeTransformDependenciesFromSelectedArtifacts$CalculateFinalDependencies@1bed9e1a (Thread[#1654,Execution worker Thread 3,5,main]) started.
work action Dependencies for androidx.room:room-common-jvm:2.8.4 {artifactType=android-classes-jar, asm-transformed-variant=debug} (Thread[#1654,Execution worker Thread 3,5,main]) started.
file or directory '/Users/joshy/Development/Android/Warbler-Weather/app/libs', not found
work action org.gradle.api.internal.artifacts.transform.DefaultTransformUpstreamDependenciesResolver$FinalizeTransformDependenciesFromSelectedArtifacts$CalculateFinalDependencies@76b4625c (Thread[#1654,Execution worker Thread 3,5,main]) started.
work action Dependencies for androidx.versionedparcelable:versionedparcelable:1.1.1 {artifactType=android-classes-jar, asm-transformed-variant=debug} (Thread[#1654,Execution worker Thread 3,5,main]) started.
file or directory '/Users/joshy/Development/Android/Warbler-Weather/app/libs', not found
work action org.gradle.api.internal.artifacts.transform.DefaultTransformUpstreamDependenciesResolver$FinalizeTransformDependenciesFromSelectedArtifacts$CalculateFinalDependencies@7639f653 (Thread[#1654,Execution worker Thread 3,5,main]) started.
work action Dependencies for androidx.lifecycle:lifecycle-extensions:2.2.0 {artifactType=android-classes-jar, asm-transformed-variant=debug} (Thread[#1654,Execution worker Thread 3,5,main]) started.
file or directory '/Users/joshy/Development/Android/Warbler-Weather/app/libs', not found
work action org.gradle.api.internal.artifacts.transform.DefaultTransformUpstreamDependenciesResolver$FinalizeTransformDependenciesFromSelectedArtifacts$CalculateFinalDependencies@66d6c5e8 (Thread[#1654,Execution worker Thread 3,5,main]) started.
work action Dependencies for androidx.core:core-ktx:1.19.0 {artifactType=android-classes-jar, asm-transformed-variant=debug} (Thread[#1654,Execution worker Thread 3,5,main]) started.
file or directory '/Users/joshy/Development/Android/Warbler-Weather/app/libs', not found
work action org.gradle.api.internal.artifacts.transform.DefaultTransformUpstreamDependenciesResolver$FinalizeTransformDependenciesFromSelectedArtifacts$CalculateFinalDependencies@48d2bae2 (Thread[#1654,Execution worker Thread 3,5,main]) started.
work action Dependencies for com.squareup.okhttp3:okhttp-android:5.4.0 {artifactType=android-classes-jar, asm-transformed-variant=debug} (Thread[#1654,Execution worker Thread 3,5,main]) started.
file or directory '/Users/joshy/Development/Android/Warbler-Weather/app/libs', not found
work action org.gradle.api.internal.artifacts.transform.DefaultTransformUpstreamDependenciesResolver$FinalizeTransformDependenciesFromSelectedArtifacts$CalculateFinalDependencies@7a84c770 (Thread[#1654,Execution worker Thread 3,5,main]) started.
work action Dependencies for androidx.appsearch:appsearch:1.1.0 {artifactType=android-classes-jar, asm-transformed-variant=debug} (Thread[#1654,Execution worker Thread 3,5,main]) started.
file or directory '/Users/joshy/Development/Android/Warbler-Weather/app/libs', not found
work action org.gradle.api.internal.artifacts.transform.DefaultTransformUpstreamDependenciesResolver$FinalizeTransformDependenciesFromSelectedArtifacts$CalculateFinalDependencies@5396db80 (Thread[#1654,Execution worker Thread 3,5,main]) started.
work action Dependencies for com.patrykandpatrick.vico:core:2.0.0-alpha.6 {artifactType=android-classes-jar, asm-transformed-variant=debug} (Thread[#1654,Execution worker Thread 3,5,main]) started.
file or directory '/Users/joshy/Development/Android/Warbler-Weather/app/libs', not found
work action org.gradle.api.internal.artifacts.transform.DefaultTransformUpstreamDependenciesResolver$FinalizeTransformDependenciesFromSelectedArtifacts$CalculateFinalDependencies@2ce6da15 (Thread[#1654,Execution worker Thread 3,5,main]) started.
work action Dependencies for org.jetbrains.kotlin:kotlin-stdlib:2.3.20 {artifactType=android-classes-jar, asm-transformed-variant=debug} (Thread[#1654,Execution worker Thread 3,5,main]) started.
file or directory '/Users/joshy/Development/Android/Warbler-Weather/app/libs', not found
work action org.gradle.api.internal.artifacts.transform.DefaultTransformUpstreamDependenciesResolver$FinalizeTransformDependenciesFromSelectedArtifacts$CalculateFinalDependencies@18061f6c (Thread[#1654,Execution worker Thread 3,5,main]) started.
work action Dependencies for androidx.navigation:navigation-common-android:2.9.8 {artifactType=android-classes-jar, asm-transformed-variant=debug} (Thread[#1654,Execution worker Thread 3,5,main]) started.
file or directory '/Users/joshy/Development/Android/Warbler-Weather/app/libs', not found
work action org.gradle.api.internal.artifacts.transform.DefaultTransformUpstreamDependenciesResolver$FinalizeTransformDependenciesFromSelectedArtifacts$CalculateFinalDependencies@6e5bb280 (Thread[#1654,Execution worker Thread 3,5,main]) started.
work action Dependencies for com.google.android.datatransport:transport-runtime:3.3.0 {artifactType=android-classes-jar, asm-transformed-variant=debug} (Thread[#1654,Execution worker Thread 3,5,main]) started.
file or directory '/Users/joshy/Development/Android/Warbler-Weather/app/libs', not found
work action org.gradle.api.internal.artifacts.transform.DefaultTransformUpstreamDependenciesResolver$FinalizeTransformDependenciesFromSelectedArtifacts$CalculateFinalDependencies@6592a75d (Thread[#1654,Execution worker Thread 3,5,main]) started.
work action Dependencies for androidx.emoji2:emoji2-views-helper:1.4.0 {artifactType=android-classes-jar, asm-transformed-variant=debug} (Thread[#1654,Execution worker Thread 3,5,main]) started.
file or directory '/Users/joshy/Development/Android/Warbler-Weather/app/libs', not found
work action org.gradle.api.internal.artifacts.transform.DefaultTransformUpstreamDependenciesResolver$FinalizeTransformDependenciesFromSelectedArtifacts$CalculateFinalDependencies@72a60246 (Thread[#1654,Execution worker Thread 3,5,main]) started.
work action Dependencies for androidx.sqlite:sqlite-android:2.6.2 {artifactType=android-classes-jar, asm-transformed-variant=debug} (Thread[#1654,Execution worker Thread 3,5,main]) started.
file or directory '/Users/joshy/Development/Android/Warbler-Weather/app/libs', not found
work action org.gradle.api.internal.artifacts.transform.DefaultTransformUpstreamDependenciesResolver$FinalizeTransformDependenciesFromSelectedArtifacts$CalculateFinalDependencies@5c6a78c2 (Thread[#1654,Execution worker Thread 3,5,main]) started.
work action Dependencies for androidx.customview:customview-poolingcontainer:1.0.0 {artifactType=android-classes-jar, asm-transformed-variant=debug} (Thread[#1654,Execution worker Thread 3,5,main]) started.
file or directory '/Users/joshy/Development/Android/Warbler-Weather/app/libs', not found
work action org.gradle.api.internal.artifacts.transform.DefaultTransformUpstreamDependenciesResolver$FinalizeTransformDependenciesFromSelectedArtifacts$CalculateFinalDependencies@60b6c35c (Thread[#1654,Execution worker Thread 3,5,main]) started.
work action Dependencies for androidx.compose.runtime:runtime-livedata:1.12.0-alpha03 {artifactType=android-classes-jar, asm-transformed-variant=debug} (Thread[#1654,Execution worker Thread 3,5,main]) started.
file or directory '/Users/joshy/Development/Android/Warbler-Weather/app/libs', not found
work action org.gradle.api.internal.artifacts.transform.DefaultTransformUpstreamDependenciesResolver$FinalizeTransformDependenciesFromSelectedArtifacts$CalculateFinalDependencies@484b50d6 (Thread[#1654,Execution worker Thread 3,5,main]) started.
work action Dependencies for androidx.navigationevent:navigationevent-compose-android:1.1.2 {artifactType=android-classes-jar, asm-transformed-variant=debug} (Thread[#1654,Execution worker Thread 3,5,main]) started.
file or directory '/Users/joshy/Development/Android/Warbler-Weather/app/libs', not found
work action org.gradle.api.internal.artifacts.transform.DefaultTransformUpstreamDependenciesResolver$FinalizeTransformDependenciesFromSelectedArtifacts$CalculateFinalDependencies@3bc53960 (Thread[#1654,Execution worker Thread 3,5,main]) started.
work action Dependencies for androidx.collection:collection-jvm:1.5.0 {artifactType=android-classes-jar, asm-transformed-variant=debug} (Thread[#1654,Execution worker Thread 3,5,main]) started.
file or directory '/Users/joshy/Development/Android/Warbler-Weather/app/libs', not found
work action org.gradle.api.internal.artifacts.transform.DefaultTransformUpstreamDependenciesResolver$FinalizeTransformDependenciesFromSelectedArtifacts$CalculateFinalDependencies@371c4f1c (Thread[#1654,Execution worker Thread 3,5,main]) started.
work action Dependencies for androidx.compose.ui:ui-text-google-fonts:1.12.0-alpha03 {artifactType=android-classes-jar, asm-transformed-variant=debug} (Thread[#1654,Execution worker Thread 3,5,main]) started.
file or directory '/Users/joshy/Development/Android/Warbler-Weather/app/libs', not found
work action org.gradle.api.internal.artifacts.transform.DefaultTransformUpstreamDependenciesResolver$FinalizeTransformDependenciesFromSelectedArtifacts$CalculateFinalDependencies@2aa03f7a (Thread[#1654,Execution worker Thread 3,5,main]) started.
work action Dependencies for androidx.compose.ui:ui-util-android:1.12.0-alpha03 {artifactType=android-classes-jar, asm-transformed-variant=debug} (Thread[#1654,Execution worker Thread 3,5,main]) started.
file or directory '/Users/joshy/Development/Android/Warbler-Weather/app/libs', not found
work action org.gradle.api.internal.artifacts.transform.DefaultTransformUpstreamDependenciesResolver$FinalizeTransformDependenciesFromSelectedArtifacts$CalculateFinalDependencies@141781ef (Thread[#1654,Execution worker Thread 3,5,main]) started.
work action Dependencies for com.google.firebase:firebase-config:23.1.0 {artifactType=android-classes-jar, asm-transformed-variant=debug} (Thread[#1654,Execution worker Thread 3,5,main]) started.
file or directory '/Users/joshy/Development/Android/Warbler-Weather/app/libs', not found
work action org.gradle.api.internal.artifacts.transform.DefaultTransformUpstreamDependenciesResolver$FinalizeTransformDependenciesFromSelectedArtifacts$CalculateFinalDependencies@1e11858e (Thread[#1654,Execution worker Thread 3,5,main]) started.
work action Dependencies for androidx.lifecycle:lifecycle-runtime-ktx-android:2.11.0 {artifactType=android-classes-jar, asm-transformed-variant=debug} (Thread[#1654,Execution worker Thread 3,5,main]) started.
file or directory '/Users/joshy/Development/Android/Warbler-Weather/app/libs', not found
work action org.gradle.api.internal.artifacts.transform.DefaultTransformUpstreamDependenciesResolver$FinalizeTransformDependenciesFromSelectedArtifacts$CalculateFinalDependencies@1452002e (Thread[#1654,Execution worker Thread 3,5,main]) started.
work action Dependencies for jakarta.inject:jakarta.inject-api:2.0.1 {artifactType=android-classes-jar, asm-transformed-variant=debug} (Thread[#1654,Execution worker Thread 3,5,main]) started.
file or directory '/Users/joshy/Development/Android/Warbler-Weather/app/libs', not found
work action org.gradle.api.internal.artifacts.transform.DefaultTransformUpstreamDependenciesResolver$FinalizeTransformDependenciesFromSelectedArtifacts$CalculateFinalDependencies@df46ffe (Thread[#1654,Execution worker Thread 3,5,main]) started.
work action Dependencies for androidx.viewpager2:viewpager2:1.1.0 {artifactType=android-classes-jar, asm-transformed-variant=debug} (Thread[#1654,Execution worker Thread 3,5,main]) started.
file or directory '/Users/joshy/Development/Android/Warbler-Weather/app/libs', not found
work action org.gradle.api.internal.artifacts.transform.DefaultTransformUpstreamDependenciesResolver$FinalizeTransformDependenciesFromSelectedArtifacts$CalculateFinalDependencies@5452d919 (Thread[#1654,Execution worker Thread 3,5,main]) started.
work action Dependencies for androidx.lifecycle:lifecycle-livedata:2.11.0 {artifactType=android-classes-jar, asm-transformed-variant=debug} (Thread[#1654,Execution worker Thread 3,5,main]) started.
file or directory '/Users/joshy/Development/Android/Warbler-Weather/app/libs', not found
work action org.gradle.api.internal.artifacts.transform.DefaultTransformUpstreamDependenciesResolver$FinalizeTransformDependenciesFromSelectedArtifacts$CalculateFinalDependencies@2e725dc5 (Thread[#1654,Execution worker Thread 3,5,main]) started.
work action Dependencies for com.google.firebase:firebase-annotations:17.0.0 {artifactType=android-classes-jar, asm-transformed-variant=debug} (Thread[#1654,Execution worker Thread 3,5,main]) started.
file or directory '/Users/joshy/Development/Android/Warbler-Weather/app/libs', not found
work action org.gradle.api.internal.artifacts.transform.DefaultTransformUpstreamDependenciesResolver$FinalizeTransformDependenciesFromSelectedArtifacts$CalculateFinalDependencies@293bdd2f (Thread[#1654,Execution worker Thread 3,5,main]) started.
work action Dependencies for androidx.lifecycle:lifecycle-service:2.11.0 {artifactType=android-classes-jar, asm-transformed-variant=debug} (Thread[#1654,Execution worker Thread 3,5,main]) started.
file or directory '/Users/joshy/Development/Android/Warbler-Weather/app/libs', not found
work action org.gradle.api.internal.artifacts.transform.DefaultTransformUpstreamDependenciesResolver$FinalizeTransformDependenciesFromSelectedArtifacts$CalculateFinalDependencies@4b079cb3 (Thread[#1654,Execution worker Thread 3,5,main]) started.
work action Dependencies for com.google.firebase:firebase-auth-interop:20.0.0 {artifactType=android-classes-jar, asm-transformed-variant=debug} (Thread[#1654,Execution worker Thread 3,5,main]) started.
file or directory '/Users/joshy/Development/Android/Warbler-Weather/app/libs', not found
work action org.gradle.api.internal.artifacts.transform.DefaultTransformUpstreamDependenciesResolver$FinalizeTransformDependenciesFromSelectedArtifacts$CalculateFinalDependencies@3116db7d (Thread[#1654,Execution worker Thread 3,5,main]) started.
work action Dependencies for com.google.protobuf:protobuf-javalite:3.25.5 {artifactType=android-classes-jar, asm-transformed-variant=debug} (Thread[#1654,Execution worker Thread 3,5,main]) started.
file or directory '/Users/joshy/Development/Android/Warbler-Weather/app/libs', not found
work action org.gradle.api.internal.artifacts.transform.DefaultTransformUpstreamDependenciesResolver$FinalizeTransformDependenciesFromSelectedArtifacts$CalculateFinalDependencies@2b30b72a (Thread[#1654,Execution worker Thread 3,5,main]) started.
work action Dependencies for androidx.collection:collection-ktx:1.5.0 {artifactType=android-classes-jar, asm-transformed-variant=debug} (Thread[#1654,Execution worker Thread 3,5,main]) started.
file or directory '/Users/joshy/Development/Android/Warbler-Weather/app/libs', not found
work action org.gradle.api.internal.artifacts.transform.DefaultTransformUpstreamDependenciesResolver$FinalizeTransformDependenciesFromSelectedArtifacts$CalculateFinalDependencies@444bfc5a (Thread[#1654,Execution worker Thread 3,5,main]) started.
work action Dependencies for androidx.appcompat:appcompat:1.7.1 {artifactType=android-classes-jar, asm-transformed-variant=debug} (Thread[#1654,Execution worker Thread 3,5,main]) started.
file or directory '/Users/joshy/Development/Android/Warbler-Weather/app/libs', not found
work action org.gradle.api.internal.artifacts.transform.DefaultTransformUpstreamDependenciesResolver$FinalizeTransformDependenciesFromSelectedArtifacts$CalculateFinalDependencies@40332c0 (Thread[#1654,Execution worker Thread 3,5,main]) started.
work action Dependencies for androidx.arch.core:core-common:2.2.0 {artifactType=android-classes-jar, asm-transformed-variant=debug} (Thread[#1654,Execution worker Thread 3,5,main]) started.
file or directory '/Users/joshy/Development/Android/Warbler-Weather/app/libs', not found
work action org.gradle.api.internal.artifacts.transform.DefaultTransformUpstreamDependenciesResolver$FinalizeTransformDependenciesFromSelectedArtifacts$CalculateFinalDependencies@539d0291 (Thread[#1654,Execution worker Thread 3,5,main]) started.
work action Dependencies for androidx.privacysandbox.ads:ads-adservices-java:1.1.0-beta11 {artifactType=android-classes-jar, asm-transformed-variant=debug} (Thread[#1654,Execution worker Thread 3,5,main]) started.
file or directory '/Users/joshy/Development/Android/Warbler-Weather/app/libs', not found
work action org.gradle.api.internal.artifacts.transform.DefaultTransformUpstreamDependenciesResolver$FinalizeTransformDependenciesFromSelectedArtifacts$CalculateFinalDependencies@31e0eabe (Thread[#1654,Execution worker Thread 3,5,main]) started.
work action Dependencies for androidx.databinding:databinding-adapters:9.3.1 {artifactType=android-classes-jar, asm-transformed-variant=debug} (Thread[#1654,Execution worker Thread 3,5,main]) started.
file or directory '/Users/joshy/Development/Android/Warbler-Weather/app/libs', not found
work action org.gradle.api.internal.artifacts.transform.DefaultTransformUpstreamDependenciesResolver$FinalizeTransformDependenciesFromSelectedArtifacts$CalculateFinalDependencies@70056253 (Thread[#1656,Execution worker Thread 5,5,main]) started.
work action Dependencies for androidx.datastore:datastore-preferences-proto:1.2.1 {artifactType=android-classes-jar, asm-transformed-variant=debug} (Thread[#1656,Execution worker Thread 5,5,main]) started.
file or directory '/Users/joshy/Development/Android/Warbler-Weather/app/libs', not found
work action org.gradle.api.internal.artifacts.transform.DefaultTransformUpstreamDependenciesResolver$FinalizeTransformDependenciesFromSelectedArtifacts$CalculateFinalDependencies@20ae2f34 (Thread[#1656,Execution worker Thread 5,5,main]) started.
work action Dependencies for androidx.compose.material:material-icons-core-android:1.7.8 {artifactType=android-classes-jar, asm-transformed-variant=debug} (Thread[#1656,Execution worker Thread 5,5,main]) started.
file or directory '/Users/joshy/Development/Android/Warbler-Weather/app/libs', not found
work action org.gradle.api.internal.artifacts.transform.DefaultTransformUpstreamDependenciesResolver$FinalizeTransformDependenciesFromSelectedArtifacts$CalculateFinalDependencies@3c1147e4 (Thread[#1656,Execution worker Thread 5,5,main]) started.
work action Dependencies for androidx.customview:customview:1.2.0 {artifactType=android-classes-jar, asm-transformed-variant=debug} (Thread[#1656,Execution worker Thread 5,5,main]) started.
file or directory '/Users/joshy/Development/Android/Warbler-Weather/app/libs', not found
work action org.gradle.api.internal.artifacts.transform.DefaultTransformUpstreamDependenciesResolver$FinalizeTransformDependenciesFromSelectedArtifacts$CalculateFinalDependencies@597cb2c1 (Thread[#1656,Execution worker Thread 5,5,main]) started.
work action Dependencies for androidx.profileinstaller:profileinstaller:1.4.0 {artifactType=android-classes-jar, asm-transformed-variant=debug} (Thread[#1656,Execution worker Thread 5,5,main]) started.
file or directory '/Users/joshy/Development/Android/Warbler-Weather/app/libs', not found
work action org.gradle.api.internal.artifacts.transform.DefaultTransformUpstreamDependenciesResolver$FinalizeTransformDependenciesFromSelectedArtifacts$CalculateFinalDependencies@49f15735 (Thread[#1656,Execution worker Thread 5,5,main]) started.
work action Dependencies for com.google.firebase:firebase-encoders:17.0.0 {artifactType=android-classes-jar, asm-transformed-variant=debug} (Thread[#1656,Execution worker Thread 5,5,main]) started.
file or directory '/Users/joshy/Development/Android/Warbler-Weather/app/libs', not found
work action org.gradle.api.internal.artifacts.transform.DefaultTransformUpstreamDependenciesResolver$FinalizeTransformDependenciesFromSelectedArtifacts$CalculateFinalDependencies@31324cba (Thread[#1656,Execution worker Thread 5,5,main]) started.
work action Dependencies for androidx.slidingpanelayout:slidingpanelayout:1.2.0 {artifactType=android-classes-jar, asm-transformed-variant=debug} (Thread[#1656,Execution worker Thread 5,5,main]) started.
file or directory '/Users/joshy/Development/Android/Warbler-Weather/app/libs', not found
work action org.gradle.api.internal.artifacts.transform.DefaultTransformUpstreamDependenciesResolver$FinalizeTransformDependenciesFromSelectedArtifacts$CalculateFinalDependencies@301a219c (Thread[#1656,Execution worker Thread 5,5,main]) started.
work action Dependencies for com.google.android.gms:play-services-ads-identifier:18.0.0 {artifactType=android-classes-jar, asm-transformed-variant=debug} (Thread[#1656,Execution worker Thread 5,5,main]) started.
file or directory '/Users/joshy/Development/Android/Warbler-Weather/app/libs', not found
work action org.gradle.api.internal.artifacts.transform.DefaultTransformUpstreamDependenciesResolver$FinalizeTransformDependenciesFromSelectedArtifacts$CalculateFinalDependencies@3f46f61c (Thread[#1656,Execution worker Thread 5,5,main]) started.
work action Dependencies for com.google.android.gms:play-services-base:18.5.0 {artifactType=android-classes-jar, asm-transformed-variant=debug} (Thread[#1656,Execution worker Thread 5,5,main]) started.
file or directory '/Users/joshy/Development/Android/Warbler-Weather/app/libs', not found
work action org.gradle.api.internal.artifacts.transform.DefaultTransformUpstreamDependenciesResolver$FinalizeTransformDependenciesFromSelectedArtifacts$CalculateFinalDependencies@499ae4b2 (Thread[#1656,Execution worker Thread 5,5,main]) started.
work action Dependencies for androidx.databinding:databinding-ktx:9.3.1 {artifactType=android-classes-jar, asm-transformed-variant=debug} (Thread[#1656,Execution worker Thread 5,5,main]) started.
file or directory '/Users/joshy/Development/Android/Warbler-Weather/app/libs', not found
work action org.gradle.api.internal.artifacts.transform.DefaultTransformUpstreamDependenciesResolver$FinalizeTransformDependenciesFromSelectedArtifacts$CalculateFinalDependencies@7d03b2b6 (Thread[#1656,Execution worker Thread 5,5,main]) started.
work action Dependencies for androidx.lifecycle:lifecycle-viewmodel-ktx:2.11.0 {artifactType=android-classes-jar, asm-transformed-variant=debug} (Thread[#1656,Execution worker Thread 5,5,main]) started.
file or directory '/Users/joshy/Development/Android/Warbler-Weather/app/libs', not found
work action org.gradle.api.internal.artifacts.transform.DefaultTransformUpstreamDependenciesResolver$FinalizeTransformDependenciesFromSelectedArtifacts$CalculateFinalDependencies@1b23dd9 (Thread[#1656,Execution worker Thread 5,5,main]) started.
work action Dependencies for androidx.lifecycle:lifecycle-livedata:2.11.0 {artifactType=android-classes-jar, asm-transformed-variant=debug} (Thread[#1656,Execution worker Thread 5,5,main]) started.
file or directory '/Users/joshy/Development/Android/Warbler-Weather/app/libs', not found
work action org.gradle.api.internal.artifacts.transform.DefaultTransformUpstreamDependenciesResolver$FinalizeTransformDependenciesFromSelectedArtifacts$CalculateFinalDependencies@6adef516 (Thread[#1656,Execution worker Thread 5,5,main]) started.
work action Dependencies for androidx.compose.ui:ui-tooling-android:1.12.0-alpha03 {artifactType=android-classes-jar, asm-transformed-variant=debug} (Thread[#1656,Execution worker Thread 5,5,main]) started.
file or directory '/Users/joshy/Development/Android/Warbler-Weather/app/libs', not found
work action org.gradle.api.internal.artifacts.transform.DefaultTransformUpstreamDependenciesResolver$FinalizeTransformDependenciesFromSelectedArtifacts$CalculateFinalDependencies@40457620 (Thread[#1655,Execution worker Thread 4,5,main]) started.
work action Dependencies for androidx.compose.ui:ui-android:1.12.0-alpha03 {artifactType=android-classes-jar, asm-transformed-variant=debug} (Thread[#1655,Execution worker Thread 4,5,main]) started.
file or directory '/Users/joshy/Development/Android/Warbler-Weather/app/libs', not found
work action org.gradle.api.internal.artifacts.transform.DefaultTransformUpstreamDependenciesResolver$FinalizeTransformDependenciesFromSelectedArtifacts$CalculateFinalDependencies@30337a06 (Thread[#1655,Execution worker Thread 4,5,main]) started.
work action Dependencies for androidx.asynclayoutinflater:asynclayoutinflater:1.0.0 {artifactType=android-classes-jar, asm-transformed-variant=debug} (Thread[#1655,Execution worker Thread 4,5,main]) started.
file or directory '/Users/joshy/Development/Android/Warbler-Weather/app/libs', not found
work action org.gradle.api.internal.artifacts.transform.DefaultTransformUpstreamDependenciesResolver$FinalizeTransformDependenciesFromSelectedArtifacts$CalculateFinalDependencies@76964377 (Thread[#1655,Execution worker Thread 4,5,main]) started.
work action Dependencies for com.google.android.gms:play-services-measurement-base:23.2.0 {artifactType=android-classes-jar, asm-transformed-variant=debug} (Thread[#1655,Execution worker Thread 4,5,main]) started.
file or directory '/Users/joshy/Development/Android/Warbler-Weather/app/libs', not found
work action org.gradle.api.internal.artifacts.transform.DefaultTransformUpstreamDependenciesResolver$FinalizeTransformDependenciesFromSelectedArtifacts$CalculateFinalDependencies@ba84e90 (Thread[#1655,Execution worker Thread 4,5,main]) started.
work action Dependencies for androidx.sqlite:sqlite-framework-android:2.6.2 {artifactType=android-classes-jar, asm-transformed-variant=debug} (Thread[#1655,Execution worker Thread 4,5,main]) started.
file or directory '/Users/joshy/Development/Android/Warbler-Weather/app/libs', not found
work action org.gradle.api.internal.artifacts.transform.DefaultTransformUpstreamDependenciesResolver$FinalizeTransformDependenciesFromSelectedArtifacts$CalculateFinalDependencies@479a0426 (Thread[#1655,Execution worker Thread 4,5,main]) started.
work action Dependencies for androidx.datastore:datastore-preferences-core-android:1.2.1 {artifactType=android-classes-jar, asm-transformed-variant=debug} (Thread[#1655,Execution worker Thread 4,5,main]) started.
file or directory '/Users/joshy/Development/Android/Warbler-Weather/app/libs', not found
work action org.gradle.api.internal.artifacts.transform.DefaultTransformUpstreamDependenciesResolver$FinalizeTransformDependenciesFromSelectedArtifacts$CalculateFinalDependencies@ac7b669 (Thread[#1655,Execution worker Thread 4,5,main]) started.
work action Dependencies for androidx.cursoradapter:cursoradapter:1.0.0 {artifactType=android-classes-jar, asm-transformed-variant=debug} (Thread[#1655,Execution worker Thread 4,5,main]) started.
file or directory '/Users/joshy/Development/Android/Warbler-Weather/app/libs', not found
work action org.gradle.api.internal.artifacts.transform.DefaultTransformUpstreamDependenciesResolver$FinalizeTransformDependenciesFromSelectedArtifacts$CalculateFinalDependencies@7f99348d (Thread[#1655,Execution worker Thread 4,5,main]) started.
work action Dependencies for com.google.android.play:feature-delivery:2.1.0 {artifactType=android-classes-jar, asm-transformed-variant=debug} (Thread[#1655,Execution worker Thread 4,5,main]) started.
file or directory '/Users/joshy/Development/Android/Warbler-Weather/app/libs', not found
work action org.gradle.api.internal.artifacts.transform.DefaultTransformUpstreamDependenciesResolver$FinalizeTransformDependenciesFromSelectedArtifacts$CalculateFinalDependencies@7d1ce96 (Thread[#1655,Execution worker Thread 4,5,main]) started.
work action Dependencies for com.google.firebase:firebase-measurement-connector:20.0.1 {artifactType=android-classes-jar, asm-transformed-variant=debug} (Thread[#1655,Execution worker Thread 4,5,main]) started.
file or directory '/Users/joshy/Development/Android/Warbler-Weather/app/libs', not found
work action org.gradle.api.internal.artifacts.transform.DefaultTransformUpstreamDependenciesResolver$FinalizeTransformDependenciesFromSelectedArtifacts$CalculateFinalDependencies@31d6b0a7 (Thread[#1655,Execution worker Thread 4,5,main]) started.
work action Dependencies for androidx.coordinatorlayout:coordinatorlayout:1.1.0 {artifactType=android-classes-jar, asm-transformed-variant=debug} (Thread[#1655,Execution worker Thread 4,5,main]) started.
file or directory '/Users/joshy/Development/Android/Warbler-Weather/app/libs', not found
work action org.gradle.api.internal.artifacts.transform.DefaultTransformUpstreamDependenciesResolver$FinalizeTransformDependenciesFromSelectedArtifacts$CalculateFinalDependencies@1e914476 (Thread[#1655,Execution worker Thread 4,5,main]) started.
work action Dependencies for androidx.compose.ui:ui-text-android:1.12.0-alpha03 {artifactType=android-classes-jar, asm-transformed-variant=debug} (Thread[#1655,Execution worker Thread 4,5,main]) started.
file or directory '/Users/joshy/Development/Android/Warbler-Weather/app/libs', not found
work action org.gradle.api.internal.artifacts.transform.DefaultTransformUpstreamDependenciesResolver$FinalizeTransformDependenciesFromSelectedArtifacts$CalculateFinalDependencies@a4f2c9b (Thread[#1655,Execution worker Thread 4,5,main]) started.
work action Dependencies for androidx.room:room-runtime-android:2.8.4 {artifactType=android-classes-jar, asm-transformed-variant=debug} (Thread[#1655,Execution worker Thread 4,5,main]) started.
file or directory '/Users/joshy/Development/Android/Warbler-Weather/app/libs', not found
work action org.gradle.api.internal.artifacts.transform.DefaultTransformUpstreamDependenciesResolver$FinalizeTransformDependenciesFromSelectedArtifacts$CalculateFinalDependencies@8e39e90 (Thread[#1664,Execution worker Thread 12,5,main]) started.
work action Dependencies for androidx.core:core-viewtree:1.0.0 {artifactType=android-classes-jar, asm-transformed-variant=debug} (Thread[#1664,Execution worker Thread 12,5,main]) started.
file or directory '/Users/joshy/Development/Android/Warbler-Weather/app/libs', not found
work action org.gradle.api.internal.artifacts.transform.DefaultTransformUpstreamDependenciesResolver$FinalizeTransformDependenciesFromSelectedArtifacts$CalculateFinalDependencies@2d5f88a4 (Thread[#1664,Execution worker Thread 12,5,main]) started.
work action Dependencies for androidx.core:core:1.19.0 {artifactType=android-classes-jar, asm-transformed-variant=debug} (Thread[#1664,Execution worker Thread 12,5,main]) started.
file or directory '/Users/joshy/Development/Android/Warbler-Weather/app/libs', not found
work action org.gradle.api.internal.artifacts.transform.DefaultTransformUpstreamDependenciesResolver$FinalizeTransformDependenciesFromSelectedArtifacts$CalculateFinalDependencies@518b49b2 (Thread[#1664,Execution worker Thread 12,5,main]) started.
work action Dependencies for androidx.loader:loader:1.0.0 {artifactType=android-classes-jar, asm-transformed-variant=debug} (Thread[#1664,Execution worker Thread 12,5,main]) started.
file or directory '/Users/joshy/Development/Android/Warbler-Weather/app/libs', not found
work action org.gradle.api.internal.artifacts.transform.DefaultTransformUpstreamDependenciesResolver$FinalizeTransformDependenciesFromSelectedArtifacts$CalculateFinalDependencies@60785bd6 (Thread[#1664,Execution worker Thread 12,5,main]) started.
work action Dependencies for androidx.documentfile:documentfile:1.0.0 {artifactType=android-classes-jar, asm-transformed-variant=debug} (Thread[#1664,Execution worker Thread 12,5,main]) started.
file or directory '/Users/joshy/Development/Android/Warbler-Weather/app/libs', not found
work action org.gradle.api.internal.artifacts.transform.DefaultTransformUpstreamDependenciesResolver$FinalizeTransformDependenciesFromSelectedArtifacts$CalculateFinalDependencies@70e10055 (Thread[#1664,Execution worker Thread 12,5,main]) started.
work action Dependencies for androidx.navigation:navigation-dynamic-features-runtime:2.9.8 {artifactType=android-classes-jar, asm-transformed-variant=debug} (Thread[#1664,Execution worker Thread 12,5,main]) started.
file or directory '/Users/joshy/Development/Android/Warbler-Weather/app/libs', not found
work action org.gradle.api.internal.artifacts.transform.DefaultTransformUpstreamDependenciesResolver$FinalizeTransformDependenciesFromSelectedArtifacts$CalculateFinalDependencies@3113ead4 (Thread[#1664,Execution worker Thread 12,5,main]) started.
work action Dependencies for com.google.errorprone:error_prone_annotations:2.30.0 {artifactType=android-classes-jar, asm-transformed-variant=debug} (Thread[#1664,Execution worker Thread 12,5,main]) started.
file or directory '/Users/joshy/Development/Android/Warbler-Weather/app/libs', not found
work action org.gradle.api.internal.artifacts.transform.DefaultTransformUpstreamDependenciesResolver$FinalizeTransformDependenciesFromSelectedArtifacts$CalculateFinalDependencies@348d17cb (Thread[#1664,Execution worker Thread 12,5,main]) started.
work action Dependencies for com.google.android.gms:play-services-tasks:18.4.0 {artifactType=android-classes-jar, asm-transformed-variant=debug} (Thread[#1664,Execution worker Thread 12,5,main]) started.
file or directory '/Users/joshy/Development/Android/Warbler-Weather/app/libs', not found
work action org.gradle.api.internal.artifacts.transform.DefaultTransformUpstreamDependenciesResolver$FinalizeTransformDependenciesFromSelectedArtifacts$CalculateFinalDependencies@31dc55 (Thread[#1664,Execution worker Thread 12,5,main]) started.
work action Dependencies for com.squareup.retrofit2:retrofit:3.0.0 {artifactType=android-classes-jar, asm-transformed-variant=debug} (Thread[#1664,Execution worker Thread 12,5,main]) started.
file or directory '/Users/joshy/Development/Android/Warbler-Weather/app/libs', not found
work action org.gradle.api.internal.artifacts.transform.DefaultTransformUpstreamDependenciesResolver$FinalizeTransformDependenciesFromSelectedArtifacts$CalculateFinalDependencies@656d0388 (Thread[#1664,Execution worker Thread 12,5,main]) started.
work action Dependencies for androidx.constraintlayout:constraintlayout-core:1.1.1 {artifactType=android-classes-jar, asm-transformed-variant=debug} (Thread[#1664,Execution worker Thread 12,5,main]) started.
file or directory '/Users/joshy/Development/Android/Warbler-Weather/app/libs', not found
work action org.gradle.api.internal.artifacts.transform.DefaultTransformUpstreamDependenciesResolver$FinalizeTransformDependenciesFromSelectedArtifacts$CalculateFinalDependencies@42e94afd (Thread[#1664,Execution worker Thread 12,5,main]) started.
work action Dependencies for com.google.firebase:firebase-appcheck-interop:17.1.0 {artifactType=android-classes-jar, asm-transformed-variant=debug} (Thread[#1664,Execution worker Thread 12,5,main]) started.
file or directory '/Users/joshy/Development/Android/Warbler-Weather/app/libs', not found
work action org.gradle.api.internal.artifacts.transform.DefaultTransformUpstreamDependenciesResolver$FinalizeTransformDependenciesFromSelectedArtifacts$CalculateFinalDependencies@24976af1 (Thread[#1664,Execution worker Thread 12,5,main]) started.
work action Dependencies for com.squareup.retrofit2:converter-moshi:3.0.0 {artifactType=android-classes-jar, asm-transformed-variant=debug} (Thread[#1664,Execution worker Thread 12,5,main]) started.
file or directory '/Users/joshy/Development/Android/Warbler-Weather/app/libs', not found
work action org.gradle.api.internal.artifacts.transform.DefaultTransformUpstreamDependenciesResolver$FinalizeTransformDependenciesFromSelectedArtifacts$CalculateFinalDependencies@7d6bc1d3 (Thread[#1664,Execution worker Thread 12,5,main]) started.
work action Dependencies for androidx.arch.core:core-runtime:2.2.0 {artifactType=android-classes-jar, asm-transformed-variant=debug} (Thread[#1664,Execution worker Thread 12,5,main]) started.
file or directory '/Users/joshy/Development/Android/Warbler-Weather/app/libs', not found
work action org.gradle.api.internal.artifacts.transform.DefaultTransformUpstreamDependenciesResolver$FinalizeTransformDependenciesFromSelectedArtifacts$CalculateFinalDependencies@144cab03 (Thread[#1664,Execution worker Thread 12,5,main]) started.
work action Dependencies for androidx.concurrent:concurrent-futures:1.3.0 {artifactType=android-classes-jar, asm-transformed-variant=debug} (Thread[#1664,Execution worker Thread 12,5,main]) started.
file or directory '/Users/joshy/Development/Android/Warbler-Weather/app/libs', not found
work action org.gradle.api.internal.artifacts.transform.DefaultTransformUpstreamDependenciesResolver$FinalizeTransformDependenciesFromSelectedArtifacts$CalculateFinalDependencies@1ffe6992 (Thread[#1664,Execution worker Thread 12,5,main]) started.
work action Dependencies for androidx.fragment:fragment:1.6.2 {artifactType=android-classes-jar, asm-transformed-variant=debug} (Thread[#1664,Execution worker Thread 12,5,main]) started.
file or directory '/Users/joshy/Development/Android/Warbler-Weather/app/libs', not found
work action org.gradle.api.internal.artifacts.transform.DefaultTransformUpstreamDependenciesResolver$FinalizeTransformDependenciesFromSelectedArtifacts$CalculateFinalDependencies@7f628ed1 (Thread[#1664,Execution worker Thread 12,5,main]) started.
work action Dependencies for androidx.databinding:viewbinding:9.3.1 {artifactType=android-classes-jar, asm-transformed-variant=debug} (Thread[#1664,Execution worker Thread 12,5,main]) started.
file or directory '/Users/joshy/Development/Android/Warbler-Weather/app/libs', not found
work action org.gradle.api.internal.artifacts.transform.DefaultTransformUpstreamDependenciesResolver$FinalizeTransformDependenciesFromSelectedArtifacts$CalculateFinalDependencies@5a9eef58 (Thread[#1664,Execution worker Thread 12,5,main]) started.
work action Dependencies for androidx.lifecycle:lifecycle-viewmodel:2.11.0 {artifactType=android-classes-jar, asm-transformed-variant=debug} (Thread[#1658,Execution worker Thread 7,5,main]) started.
file or directory '/Users/joshy/Development/Android/Warbler-Weather/app/libs', not found
work action org.gradle.api.internal.artifacts.transform.DefaultTransformUpstreamDependenciesResolver$FinalizeTransformDependenciesFromSelectedArtifacts$CalculateFinalDependencies@4ada6c5d (Thread[#1658,Execution worker Thread 7,5,main]) started.
work action Dependencies for com.google.android.gms:play-services-measurement-api:23.2.0 {artifactType=android-classes-jar, asm-transformed-variant=debug} (Thread[#1658,Execution worker Thread 7,5,main]) started.
file or directory '/Users/joshy/Development/Android/Warbler-Weather/app/libs', not found
work action org.gradle.api.internal.artifacts.transform.DefaultTransformUpstreamDependenciesResolver$FinalizeTransformDependenciesFromSelectedArtifacts$CalculateFinalDependencies@27bc6843 (Thread[#1658,Execution worker Thread 7,5,main]) started.
work action Dependencies for androidx.annotation:annotation-jvm:1.10.0 {artifactType=android-classes-jar, asm-transformed-variant=debug} (Thread[#1658,Execution worker Thread 7,5,main]) started.
file or directory '/Users/joshy/Development/Android/Warbler-Weather/app/libs', not found
work action org.gradle.api.internal.artifacts.transform.DefaultTransformUpstreamDependenciesResolver$FinalizeTransformDependenciesFromSelectedArtifacts$CalculateFinalDependencies@3cb8a2a5 (Thread[#1658,Execution worker Thread 7,5,main]) started.
work action Dependencies for androidx.compose.ui:ui-graphics-android:1.12.0-alpha03 {artifactType=android-classes-jar, asm-transformed-variant=debug} (Thread[#1658,Execution worker Thread 7,5,main]) started.
file or directory '/Users/joshy/Development/Android/Warbler-Weather/app/libs', not found
work action org.gradle.api.internal.artifacts.transform.DefaultTransformUpstreamDependenciesResolver$FinalizeTransformDependenciesFromSelectedArtifacts$CalculateFinalDependencies@5a387c14 (Thread[#1658,Execution worker Thread 7,5,main]) started.
work action Dependencies for com.google.firebase:firebase-crashlytics:20.0.6 {artifactType=android-classes-jar, asm-transformed-variant=debug} (Thread[#1658,Execution worker Thread 7,5,main]) started.
file or directory '/Users/joshy/Development/Android/Warbler-Weather/app/libs', not found
work action org.gradle.api.internal.artifacts.transform.DefaultTransformUpstreamDependenciesResolver$FinalizeTransformDependenciesFromSelectedArtifacts$CalculateFinalDependencies@351cd48c (Thread[#1658,Execution worker Thread 7,5,main]) started.
work action Dependencies for androidx.cardview:cardview:1.0.0 {artifactType=android-classes-jar, asm-transformed-variant=debug} (Thread[#1658,Execution worker Thread 7,5,main]) started.
file or directory '/Users/joshy/Development/Android/Warbler-Weather/app/libs', not found
work action org.gradle.api.internal.artifacts.transform.DefaultTransformUpstreamDependenciesResolver$FinalizeTransformDependenciesFromSelectedArtifacts$CalculateFinalDependencies@ca253f8 (Thread[#1658,Execution worker Thread 7,5,main]) started.
work action Dependencies for com.google.android.play:feature-delivery:2.1.0 {artifactType=android-classes-jar, asm-transformed-variant=debug} (Thread[#1658,Execution worker Thread 7,5,main]) started.
file or directory '/Users/joshy/Development/Android/Warbler-Weather/app/libs', not found
work action org.gradle.api.internal.artifacts.transform.DefaultTransformUpstreamDependenciesResolver$FinalizeTransformDependenciesFromSelectedArtifacts$CalculateFinalDependencies@7bf3557a (Thread[#1658,Execution worker Thread 7,5,main]) started.
work action Dependencies for com.google.android.gms:play-services-location:21.3.0 {artifactType=android-classes-jar, asm-transformed-variant=debug} (Thread[#1658,Execution worker Thread 7,5,main]) started.
file or directory '/Users/joshy/Development/Android/Warbler-Weather/app/libs', not found
work action org.gradle.api.internal.artifacts.transform.DefaultTransformUpstreamDependenciesResolver$FinalizeTransformDependenciesFromSelectedArtifacts$CalculateFinalDependencies@515dc22e (Thread[#1658,Execution worker Thread 7,5,main]) started.
work action Dependencies for com.google.android.play:app-update-ktx:2.1.0 {artifactType=android-classes-jar, asm-transformed-variant=debug} (Thread[#1658,Execution worker Thread 7,5,main]) started.
file or directory '/Users/joshy/Development/Android/Warbler-Weather/app/libs', not found
work action org.gradle.api.internal.artifacts.transform.DefaultTransformUpstreamDependenciesResolver$FinalizeTransformDependenciesFromSelectedArtifacts$CalculateFinalDependencies@2439067 (Thread[#1660,Execution worker Thread 9,5,main]) started.
work action Dependencies for androidx.navigation:navigation-fragment:2.9.8 {artifactType=android-classes-jar, asm-transformed-variant=debug} (Thread[#1660,Execution worker Thread 9,5,main]) started.
file or directory '/Users/joshy/Development/Android/Warbler-Weather/app/libs', not found
work action org.gradle.api.internal.artifacts.transform.DefaultTransformUpstreamDependenciesResolver$FinalizeTransformDependenciesFromSelectedArtifacts$CalculateFinalDependencies@7c8bfd13 (Thread[#1660,Execution worker Thread 9,5,main]) started.
work action Dependencies for androidx.navigation3:navigation3-runtime-android:1.1.3 {artifactType=android-classes-jar, asm-transformed-variant=debug} (Thread[#1660,Execution worker Thread 9,5,main]) started.
file or directory '/Users/joshy/Development/Android/Warbler-Weather/app/libs', not found
work action org.gradle.api.internal.artifacts.transform.DefaultTransformUpstreamDependenciesResolver$FinalizeTransformDependenciesFromSelectedArtifacts$CalculateFinalDependencies@62a8d2d7 (Thread[#1660,Execution worker Thread 9,5,main]) started.
work action Dependencies for androidx.appfunctions:appfunctions:1.0.0-alpha09 {artifactType=android-classes-jar, asm-transformed-variant=debug} (Thread[#1660,Execution worker Thread 9,5,main]) started.
file or directory '/Users/joshy/Development/Android/Warbler-Weather/app/libs', not found
work action org.gradle.api.internal.artifacts.transform.DefaultTransformUpstreamDependenciesResolver$FinalizeTransformDependenciesFromSelectedArtifacts$CalculateFinalDependencies@35bebb35 (Thread[#1660,Execution worker Thread 9,5,main]) started.
work action Dependencies for com.google.android.play:core-common:2.0.3 {artifactType=android-classes-jar, asm-transformed-variant=debug} (Thread[#1660,Execution worker Thread 9,5,main]) started.
file or directory '/Users/joshy/Development/Android/Warbler-Weather/app/libs', not found
work action org.gradle.api.internal.artifacts.transform.DefaultTransformUpstreamDependenciesResolver$FinalizeTransformDependenciesFromSelectedArtifacts$CalculateFinalDependencies@1b996c6d (Thread[#1660,Execution worker Thread 9,5,main]) started.
work action Dependencies for com.google.firebase:protolite-well-known-types:18.0.1 {artifactType=android-classes-jar, asm-transformed-variant=debug} (Thread[#1660,Execution worker Thread 9,5,main]) started.
file or directory '/Users/joshy/Development/Android/Warbler-Weather/app/libs', not found
work action org.gradle.api.internal.artifacts.transform.DefaultTransformUpstreamDependenciesResolver$FinalizeTransformDependenciesFromSelectedArtifacts$CalculateFinalDependencies@2e56d777 (Thread[#1660,Execution worker Thread 9,5,main]) started.
work action Dependencies for androidx.savedstate:savedstate-ktx:1.4.0 {artifactType=android-classes-jar, asm-transformed-variant=debug} (Thread[#1660,Execution worker Thread 9,5,main]) started.
file or directory '/Users/joshy/Development/Android/Warbler-Weather/app/libs', not found
work action org.gradle.api.internal.artifacts.transform.DefaultTransformUpstreamDependenciesResolver$FinalizeTransformDependenciesFromSelectedArtifacts$CalculateFinalDependencies@54d610a (Thread[#1660,Execution worker Thread 9,5,main]) started.
work action Dependencies for org.reactivestreams:reactive-streams:1.0.2 {artifactType=android-classes-jar, asm-transformed-variant=debug} (Thread[#1660,Execution worker Thread 9,5,main]) started.
file or directory '/Users/joshy/Development/Android/Warbler-Weather/app/libs', not found
work action org.gradle.api.internal.artifacts.transform.DefaultTransformUpstreamDependenciesResolver$FinalizeTransformDependenciesFromSelectedArtifacts$CalculateFinalDependencies@2fea34e1 (Thread[#1660,Execution worker Thread 9,5,main]) started.
work action Dependencies for androidx.drawerlayout:drawerlayout:1.1.1 {artifactType=android-classes-jar, asm-transformed-variant=debug} (Thread[#1660,Execution worker Thread 9,5,main]) started.
file or directory '/Users/joshy/Development/Android/Warbler-Weather/app/libs', not found
work action org.gradle.api.internal.artifacts.transform.DefaultTransformUpstreamDependenciesResolver$FinalizeTransformDependenciesFromSelectedArtifacts$CalculateFinalDependencies@36cd2575 (Thread[#1660,Execution worker Thread 9,5,main]) started.
work action Dependencies for androidx.swiperefreshlayout:swiperefreshlayout:1.0.0 {artifactType=android-classes-jar, asm-transformed-variant=debug} (Thread[#1660,Execution worker Thread 9,5,main]) started.
file or directory '/Users/joshy/Development/Android/Warbler-Weather/app/libs', not found
work action org.gradle.api.internal.artifacts.transform.DefaultTransformUpstreamDependenciesResolver$FinalizeTransformDependenciesFromSelectedArtifacts$CalculateFinalDependencies@64ce3d (Thread[#1660,Execution worker Thread 9,5,main]) started.
work action Dependencies for org.jetbrains.kotlin:kotlin-parcelize-runtime:2.3.20 {artifactType=android-classes-jar, asm-transformed-variant=debug} (Thread[#1660,Execution worker Thread 9,5,main]) started.
file or directory '/Users/joshy/Development/Android/Warbler-Weather/app/libs', not found
work action org.gradle.api.internal.artifacts.transform.DefaultTransformUpstreamDependenciesResolver$FinalizeTransformDependenciesFromSelectedArtifacts$CalculateFinalDependencies@143959b9 (Thread[#1660,Execution worker Thread 9,5,main]) started.
work action Dependencies for com.google.dagger:dagger-lint-aar:2.59.2 {artifactType=android-classes-jar, asm-transformed-variant=debug} (Thread[#1660,Execution worker Thread 9,5,main]) started.
file or directory '/Users/joshy/Development/Android/Warbler-Weather/app/libs', not found
work action org.gradle.api.internal.artifacts.transform.DefaultTransformUpstreamDependenciesResolver$FinalizeTransformDependenciesFromSelectedArtifacts$CalculateFinalDependencies@44365c96 (Thread[#1660,Execution worker Thread 9,5,main]) started.
work action Dependencies for androidx.compose.foundation:foundation-layout-android:1.12.0-alpha03 {artifactType=android-classes-jar, asm-transformed-variant=debug} (Thread[#1660,Execution worker Thread 9,5,main]) started.
file or directory '/Users/joshy/Development/Android/Warbler-Weather/app/libs', not found
work action org.gradle.api.internal.artifacts.transform.DefaultTransformUpstreamDependenciesResolver$FinalizeTransformDependenciesFromSelectedArtifacts$CalculateFinalDependencies@6aaa51fd (Thread[#1660,Execution worker Thread 9,5,main]) started.
work action Dependencies for androidx.print:print:1.0.0 {artifactType=android-classes-jar, asm-transformed-variant=debug} (Thread[#1660,Execution worker Thread 9,5,main]) started.
file or directory '/Users/joshy/Development/Android/Warbler-Weather/app/libs', not found
work action org.gradle.api.internal.artifacts.transform.DefaultTransformUpstreamDependenciesResolver$FinalizeTransformDependenciesFromSelectedArtifacts$CalculateFinalDependencies@37683e8d (Thread[#1660,Execution worker Thread 9,5,main]) started.
work action Dependencies for com.patrykandpatrick.vico:views:2.0.0-alpha.6 {artifactType=android-classes-jar, asm-transformed-variant=debug} (Thread[#1660,Execution worker Thread 9,5,main]) started.
file or directory '/Users/joshy/Development/Android/Warbler-Weather/app/libs', not found
work action org.gradle.api.internal.artifacts.transform.DefaultTransformUpstreamDependenciesResolver$FinalizeTransformDependenciesFromSelectedArtifacts$CalculateFinalDependencies@60f3a704 (Thread[#1660,Execution worker Thread 9,5,main]) started.
work action Dependencies for androidx.window:window:1.5.0 {artifactType=android-classes-jar, asm-transformed-variant=debug} (Thread[#1660,Execution worker Thread 9,5,main]) started.
file or directory '/Users/joshy/Development/Android/Warbler-Weather/app/libs', not found
work action org.gradle.api.internal.artifacts.transform.DefaultTransformUpstreamDependenciesResolver$FinalizeTransformDependenciesFromSelectedArtifacts$CalculateFinalDependencies@11793620 (Thread[#1660,Execution worker Thread 9,5,main]) started.
work action Dependencies for androidx.compose.material:material-ripple-android:1.12.0-alpha03 {artifactType=android-classes-jar, asm-transformed-variant=debug} (Thread[#1660,Execution worker Thread 9,5,main]) started.
file or directory '/Users/joshy/Development/Android/Warbler-Weather/app/libs', not found
work action org.gradle.api.internal.artifacts.transform.DefaultTransformUpstreamDependenciesResolver$FinalizeTransformDependenciesFromSelectedArtifacts$CalculateFinalDependencies@2405d602 (Thread[#1660,Execution worker Thread 9,5,main]) started.
work action Dependencies for com.google.firebase:firebase-encoders-json:18.0.1 {artifactType=android-classes-jar, asm-transformed-variant=debug} (Thread[#1660,Execution worker Thread 9,5,main]) started.
file or directory '/Users/joshy/Development/Android/Warbler-Weather/app/libs', not found
work action org.gradle.api.internal.artifacts.transform.DefaultTransformUpstreamDependenciesResolver$FinalizeTransformDependenciesFromSelectedArtifacts$CalculateFinalDependencies@37d00fb2 (Thread[#1660,Execution worker Thread 9,5,main]) started.
work action Dependencies for androidx.appcompat:appcompat-resources:1.7.1 {artifactType=android-classes-jar, asm-transformed-variant=debug} (Thread[#1660,Execution worker Thread 9,5,main]) started.
file or directory '/Users/joshy/Development/Android/Warbler-Weather/app/libs', not found
work action org.gradle.api.internal.artifacts.transform.DefaultTransformUpstreamDependenciesResolver$FinalizeTransformDependenciesFromSelectedArtifacts$CalculateFinalDependencies@31488907 (Thread[#1660,Execution worker Thread 9,5,main]) started.
work action Dependencies for com.squareup.moshi:moshi:1.15.2 {artifactType=android-classes-jar, asm-transformed-variant=debug} (Thread[#1660,Execution worker Thread 9,5,main]) started.
file or directory '/Users/joshy/Development/Android/Warbler-Weather/app/libs', not found
work action org.gradle.api.internal.artifacts.transform.DefaultTransformUpstreamDependenciesResolver$FinalizeTransformDependenciesFromSelectedArtifacts$CalculateFinalDependencies@3b108c78 (Thread[#1660,Execution worker Thread 9,5,main]) started.
work action Dependencies for com.google.android.play:feature-delivery-ktx:2.1.0 {artifactType=android-classes-jar, asm-transformed-variant=debug} (Thread[#1660,Execution worker Thread 9,5,main]) started.
file or directory '/Users/joshy/Development/Android/Warbler-Weather/app/libs', not found
work action org.gradle.api.internal.artifacts.transform.DefaultTransformUpstreamDependenciesResolver$FinalizeTransformDependenciesFromSelectedArtifacts$CalculateFinalDependencies@d06ef17 (Thread[#1660,Execution worker Thread 9,5,main]) started.
work action Dependencies for androidx.legacy:legacy-support-core-ui:1.0.0 {artifactType=android-classes-jar, asm-transformed-variant=debug} (Thread[#1660,Execution worker Thread 9,5,main]) started.
file or directory '/Users/joshy/Development/Android/Warbler-Weather/app/libs', not found
work action org.gradle.api.internal.artifacts.transform.DefaultTransformUpstreamDependenciesResolver$FinalizeTransformDependenciesFromSelectedArtifacts$CalculateFinalDependencies@5afdbef9 (Thread[#1660,Execution worker Thread 9,5,main]) started.
work action Dependencies for androidx.datastore:datastore-android:1.2.1 {artifactType=android-classes-jar, asm-transformed-variant=debug} (Thread[#1660,Execution worker Thread 9,5,main]) started.
file or directory '/Users/joshy/Development/Android/Warbler-Weather/app/libs', not found
work action org.gradle.api.internal.artifacts.transform.DefaultTransformUpstreamDependenciesResolver$FinalizeTransformDependenciesFromSelectedArtifacts$CalculateFinalDependencies@6c14dc0b (Thread[#1660,Execution worker Thread 9,5,main]) started.
work action Dependencies for androidx.browser:browser:1.10.0 {artifactType=android-classes-jar, asm-transformed-variant=debug} (Thread[#1660,Execution worker Thread 9,5,main]) started.
file or directory '/Users/joshy/Development/Android/Warbler-Weather/app/libs', not found
work action org.gradle.api.internal.artifacts.transform.DefaultTransformUpstreamDependenciesResolver$FinalizeTransformDependenciesFromSelectedArtifacts$CalculateFinalDependencies@1d223868 (Thread[#1660,Execution worker Thread 9,5,main]) started.
work action Dependencies for androidx.autofill:autofill:1.0.0 {artifactType=android-classes-jar, asm-transformed-variant=debug} (Thread[#1660,Execution worker Thread 9,5,main]) started.
file or directory '/Users/joshy/Development/Android/Warbler-Weather/app/libs', not found
work action org.gradle.api.internal.artifacts.transform.DefaultTransformUpstreamDependenciesResolver$FinalizeTransformDependenciesFromSelectedArtifacts$CalculateFinalDependencies@30dd1e32 (Thread[#1660,Execution worker Thread 9,5,main]) started.
work action Dependencies for com.google.android.datatransport:transport-api:3.2.0 {artifactType=android-classes-jar, asm-transformed-variant=debug} (Thread[#1660,Execution worker Thread 9,5,main]) started.
file or directory '/Users/joshy/Development/Android/Warbler-Weather/app/libs', not found
work action org.gradle.api.internal.artifacts.transform.DefaultTransformUpstreamDependenciesResolver$FinalizeTransformDependenciesFromSelectedArtifacts$CalculateFinalDependencies@47989688 (Thread[#1660,Execution worker Thread 9,5,main]) started.
work action Dependencies for org.jetbrains.kotlinx:kotlinx-coroutines-play-services:1.11.0 {artifactType=android-classes-jar, asm-transformed-variant=debug} (Thread[#1660,Execution worker Thread 9,5,main]) started.
file or directory '/Users/joshy/Development/Android/Warbler-Weather/app/libs', not found
work action org.gradle.api.internal.artifacts.transform.DefaultTransformUpstreamDependenciesResolver$FinalizeTransformDependenciesFromSelectedArtifacts$CalculateFinalDependencies@78a4c7ea (Thread[#1660,Execution worker Thread 9,5,main]) started.
work action Dependencies for com.squareup.okhttp3:logging-interceptor:5.4.0 {artifactType=android-classes-jar, asm-transformed-variant=debug} (Thread[#1660,Execution worker Thread 9,5,main]) started.
file or directory '/Users/joshy/Development/Android/Warbler-Weather/app/libs', not found
work action org.gradle.api.internal.artifacts.transform.DefaultTransformUpstreamDependenciesResolver$FinalizeTransformDependenciesFromSelectedArtifacts$CalculateFinalDependencies@59021aa3 (Thread[#1660,Execution worker Thread 9,5,main]) started.
work action Dependencies for org.jetbrains.kotlinx:kotlinx-coroutines-core-jvm:1.11.0 {artifactType=android-classes-jar, asm-transformed-variant=debug} (Thread[#1660,Execution worker Thread 9,5,main]) started.
file or directory '/Users/joshy/Development/Android/Warbler-Weather/app/libs', not found
work action org.gradle.api.internal.artifacts.transform.DefaultTransformUpstreamDependenciesResolver$FinalizeTransformDependenciesFromSelectedArtifacts$CalculateFinalDependencies@35c4e999 (Thread[#1660,Execution worker Thread 9,5,main]) started.
work action Dependencies for androidx.annotation:annotation-experimental:1.5.1 {artifactType=android-classes-jar, asm-transformed-variant=debug} (Thread[#1660,Execution worker Thread 9,5,main]) started.
file or directory '/Users/joshy/Development/Android/Warbler-Weather/app/libs', not found
work action org.gradle.api.internal.artifacts.transform.DefaultTransformUpstreamDependenciesResolver$FinalizeTransformDependenciesFromSelectedArtifacts$CalculateFinalDependencies@54e07c34 (Thread[#1660,Execution worker Thread 9,5,main]) started.
work action Dependencies for androidx.customview:customview:1.2.0 {artifactType=android-classes-jar, asm-transformed-variant=debug} (Thread[#1660,Execution worker Thread 9,5,main]) started.
file or directory '/Users/joshy/Development/Android/Warbler-Weather/app/libs', not found
work action org.gradle.api.internal.artifacts.transform.DefaultTransformUpstreamDependenciesResolver$FinalizeTransformDependenciesFromSelectedArtifacts$CalculateFinalDependencies@46348ed3 (Thread[#1660,Execution worker Thread 9,5,main]) started.
work action Dependencies for androidx.datastore:datastore-core-okio-jvm:1.2.1 {artifactType=android-classes-jar, asm-transformed-variant=debug} (Thread[#1660,Execution worker Thread 9,5,main]) started.
file or directory '/Users/joshy/Development/Android/Warbler-Weather/app/libs', not found
work action org.gradle.api.internal.artifacts.transform.DefaultTransformUpstreamDependenciesResolver$FinalizeTransformDependenciesFromSelectedArtifacts$CalculateFinalDependencies@3191bf4c (Thread[#1660,Execution worker Thread 9,5,main]) started.
work action Dependencies for androidx.coordinatorlayout:coordinatorlayout:1.1.0 {artifactType=android-classes-jar, asm-transformed-variant=debug} (Thread[#1660,Execution worker Thread 9,5,main]) started.
file or directory '/Users/joshy/Development/Android/Warbler-Weather/app/libs', not found
work action org.gradle.api.internal.artifacts.transform.DefaultTransformUpstreamDependenciesResolver$FinalizeTransformDependenciesFromSelectedArtifacts$CalculateFinalDependencies@7149cf0a (Thread[#1660,Execution worker Thread 9,5,main]) started.
work action Dependencies for com.google.firebase:firebase-common:22.1.0 {artifactType=android-classes-jar, asm-transformed-variant=debug} (Thread[#1660,Execution worker Thread 9,5,main]) started.
file or directory '/Users/joshy/Development/Android/Warbler-Weather/app/libs', not found
work action org.gradle.api.internal.artifacts.transform.DefaultTransformUpstreamDependenciesResolver$FinalizeTransformDependenciesFromSelectedArtifacts$CalculateFinalDependencies@3eb480c3 (Thread[#1660,Execution worker Thread 9,5,main]) started.
work action Dependencies for org.jetbrains.kotlin:kotlin-stdlib-jdk7:1.8.22 {artifactType=android-classes-jar, asm-transformed-variant=debug} (Thread[#1660,Execution worker Thread 9,5,main]) started.
file or directory '/Users/joshy/Development/Android/Warbler-Weather/app/libs', not found
work action org.gradle.api.internal.artifacts.transform.DefaultTransformUpstreamDependenciesResolver$FinalizeTransformDependenciesFromSelectedArtifacts$CalculateFinalDependencies@27cf1dba (Thread[#1660,Execution worker Thread 9,5,main]) started.
work action Dependencies for androidx.compose.material3:material3-android:1.5.0-alpha22 {artifactType=android-classes-jar, asm-transformed-variant=debug} (Thread[#1660,Execution worker Thread 9,5,main]) started.
file or directory '/Users/joshy/Development/Android/Warbler-Weather/app/libs', not found
work action org.gradle.api.internal.artifacts.transform.DefaultTransformUpstreamDependenciesResolver$FinalizeTransformDependenciesFromSelectedArtifacts$CalculateFinalDependencies@58ebee9d (Thread[#1660,Execution worker Thread 9,5,main]) started.
work action Dependencies for androidx.activity:activity:1.13.0 {artifactType=android-classes-jar, asm-transformed-variant=debug} (Thread[#1660,Execution worker Thread 9,5,main]) started.
file or directory '/Users/joshy/Development/Android/Warbler-Weather/app/libs', not found
work action org.gradle.api.internal.artifacts.transform.DefaultTransformUpstreamDependenciesResolver$FinalizeTransformDependenciesFromSelectedArtifacts$CalculateFinalDependencies@532382b1 (Thread[#1660,Execution worker Thread 9,5,main]) started.
work action Dependencies for androidx.appcompat:appcompat:1.7.1 {artifactType=android-classes-jar, asm-transformed-variant=debug} (Thread[#1660,Execution worker Thread 9,5,main]) started.
file or directory '/Users/joshy/Development/Android/Warbler-Weather/app/libs', not found
work action org.gradle.api.internal.artifacts.transform.DefaultTransformUpstreamDependenciesResolver$FinalizeTransformDependenciesFromSelectedArtifacts$CalculateFinalDependencies@5fde3ddb (Thread[#1660,Execution worker Thread 9,5,main]) started.
work action Dependencies for javax.inject:javax.inject:1 {artifactType=android-classes-jar, asm-transformed-variant=debug} (Thread[#1660,Execution worker Thread 9,5,main]) started.
file or directory '/Users/joshy/Development/Android/Warbler-Weather/app/libs', not found
work action org.gradle.api.internal.artifacts.transform.DefaultTransformUpstreamDependenciesResolver$FinalizeTransformDependenciesFromSelectedArtifacts$CalculateFinalDependencies@3783e9d0 (Thread[#1660,Execution worker Thread 9,5,main]) started.
work action Dependencies for org.jspecify:jspecify:1.0.0 {artifactType=android-classes-jar, asm-transformed-variant=debug} (Thread[#1660,Execution worker Thread 9,5,main]) started.
file or directory '/Users/joshy/Development/Android/Warbler-Weather/app/libs', not found
work action org.gradle.api.internal.artifacts.transform.DefaultTransformUpstreamDependenciesResolver$FinalizeTransformDependenciesFromSelectedArtifacts$CalculateFinalDependencies@8fc0d88 (Thread[#1660,Execution worker Thread 9,5,main]) started.
work action Dependencies for androidx.navigation:navigation-runtime-android:2.9.8 {artifactType=android-classes-jar, asm-transformed-variant=debug} (Thread[#1660,Execution worker Thread 9,5,main]) started.
file or directory '/Users/joshy/Development/Android/Warbler-Weather/app/libs', not found
work action org.gradle.api.internal.artifacts.transform.DefaultTransformUpstreamDependenciesResolver$FinalizeTransformDependenciesFromSelectedArtifacts$CalculateFinalDependencies@733df6d8 (Thread[#1660,Execution worker Thread 9,5,main]) started.
work action Dependencies for com.squareup.okio:okio-jvm:3.17.0 {artifactType=android-classes-jar, asm-transformed-variant=debug} (Thread[#1660,Execution worker Thread 9,5,main]) started.
file or directory '/Users/joshy/Development/Android/Warbler-Weather/app/libs', not found
work action org.gradle.api.internal.artifacts.transform.DefaultTransformUpstreamDependenciesResolver$FinalizeTransformDependenciesFromSelectedArtifacts$CalculateFinalDependencies@6326c645 (Thread[#1660,Execution worker Thread 9,5,main]) started.
work action Dependencies for androidx.navigation:navigation-fragment-ktx:2.9.8 {artifactType=android-classes-jar, asm-transformed-variant=debug} (Thread[#1660,Execution worker Thread 9,5,main]) started.
file or directory '/Users/joshy/Development/Android/Warbler-Weather/app/libs', not found
work action org.gradle.api.internal.artifacts.transform.DefaultTransformUpstreamDependenciesResolver$FinalizeTransformDependenciesFromSelectedArtifacts$CalculateFinalDependencies@74e8b4a0 (Thread[#1660,Execution worker Thread 9,5,main]) started.
work action Dependencies for androidx.lifecycle:lifecycle-common-jvm:2.11.0 {artifactType=android-classes-jar, asm-transformed-variant=debug} (Thread[#1660,Execution worker Thread 9,5,main]) started.
file or directory '/Users/joshy/Development/Android/Warbler-Weather/app/libs', not found
work action org.gradle.api.internal.artifacts.transform.DefaultTransformUpstreamDependenciesResolver$FinalizeTransformDependenciesFromSelectedArtifacts$CalculateFinalDependencies@3727a4d1 (Thread[#1660,Execution worker Thread 9,5,main]) started.
work action Dependencies for androidx.lifecycle:lifecycle-livedata-core:2.11.0 {artifactType=android-classes-jar, asm-transformed-variant=debug} (Thread[#1660,Execution worker Thread 9,5,main]) started.
file or directory '/Users/joshy/Development/Android/Warbler-Weather/app/libs', not found
work action org.gradle.api.internal.artifacts.transform.DefaultTransformUpstreamDependenciesResolver$FinalizeTransformDependenciesFromSelectedArtifacts$CalculateFinalDependencies@7c5e58bf (Thread[#1660,Execution worker Thread 9,5,main]) started.
work action Dependencies for androidx.loader:loader:1.0.0 {artifactType=android-classes-jar, asm-transformed-variant=debug} (Thread[#1660,Execution worker Thread 9,5,main]) started.
file or directory '/Users/joshy/Development/Android/Warbler-Weather/app/libs', not found
work action org.gradle.api.internal.artifacts.transform.DefaultTransformUpstreamDependenciesResolver$FinalizeTransformDependenciesFromSelectedArtifacts$CalculateFinalDependencies@4dafd6a (Thread[#1660,Execution worker Thread 9,5,main]) started.
work action Dependencies for androidx.lifecycle:lifecycle-service:2.11.0 {artifactType=android-classes-jar, asm-transformed-variant=debug} (Thread[#1660,Execution worker Thread 9,5,main]) started.
file or directory '/Users/joshy/Development/Android/Warbler-Weather/app/libs', not found
work action org.gradle.api.internal.artifacts.transform.DefaultTransformUpstreamDependenciesResolver$FinalizeTransformDependenciesFromSelectedArtifacts$CalculateFinalDependencies@5f679513 (Thread[#1660,Execution worker Thread 9,5,main]) started.
work action Dependencies for androidx.datastore:datastore-preferences-android:1.2.1 {artifactType=android-classes-jar, asm-transformed-variant=debug} (Thread[#1660,Execution worker Thread 9,5,main]) started.
file or directory '/Users/joshy/Development/Android/Warbler-Weather/app/libs', not found
work action org.gradle.api.internal.artifacts.transform.DefaultTransformUpstreamDependenciesResolver$FinalizeTransformDependenciesFromSelectedArtifacts$CalculateFinalDependencies@53004f39 (Thread[#1660,Execution worker Thread 9,5,main]) started.
work action Dependencies for com.google.android.gms:play-services-tasks:18.4.0 {artifactType=android-classes-jar, asm-transformed-variant=debug} (Thread[#1660,Execution worker Thread 9,5,main]) started.
file or directory '/Users/joshy/Development/Android/Warbler-Weather/app/libs', not found
work action org.gradle.api.internal.artifacts.transform.DefaultTransformUpstreamDependenciesResolver$FinalizeTransformDependenciesFromSelectedArtifacts$CalculateFinalDependencies@2c891c1f (Thread[#1660,Execution worker Thread 9,5,main]) started.
work action Dependencies for androidx.databinding:databinding-runtime:9.3.1 {artifactType=android-classes-jar, asm-transformed-variant=debug} (Thread[#1660,Execution worker Thread 9,5,main]) started.
file or directory '/Users/joshy/Development/Android/Warbler-Weather/app/libs', not found
work action org.gradle.api.internal.artifacts.transform.DefaultTransformUpstreamDependenciesResolver$FinalizeTransformDependenciesFromSelectedArtifacts$CalculateFinalDependencies@640912aa (Thread[#1660,Execution worker Thread 9,5,main]) started.
work action Dependencies for com.google.android.play:app-update:2.1.0 {artifactType=android-classes-jar, asm-transformed-variant=debug} (Thread[#1660,Execution worker Thread 9,5,main]) started.
file or directory '/Users/joshy/Development/Android/Warbler-Weather/app/libs', not found
work action org.gradle.api.internal.artifacts.transform.DefaultTransformUpstreamDependenciesResolver$FinalizeTransformDependenciesFromSelectedArtifacts$CalculateFinalDependencies@2b715401 (Thread[#1660,Execution worker Thread 9,5,main]) started.
work action Dependencies for androidx.databinding:databinding-common:9.3.1 {artifactType=android-classes-jar, asm-transformed-variant=debug} (Thread[#1660,Execution worker Thread 9,5,main]) started.
file or directory '/Users/joshy/Development/Android/Warbler-Weather/app/libs', not found
work action org.gradle.api.internal.artifacts.transform.DefaultTransformUpstreamDependenciesResolver$FinalizeTransformDependenciesFromSelectedArtifacts$CalculateFinalDependencies@545f3ead (Thread[#1660,Execution worker Thread 9,5,main]) started.
work action Dependencies for androidx.compose.runtime:runtime-android:1.12.0-alpha03 {artifactType=android-classes-jar, asm-transformed-variant=debug} (Thread[#1660,Execution worker Thread 9,5,main]) started.
file or directory '/Users/joshy/Development/Android/Warbler-Weather/app/libs', not found
work action org.gradle.api.internal.artifacts.transform.DefaultTransformUpstreamDependenciesResolver$FinalizeTransformDependenciesFromSelectedArtifacts$CalculateFinalDependencies@7e495a36 (Thread[#1660,Execution worker Thread 9,5,main]) started.
work action Dependencies for org.jetbrains.kotlinx:kotlinx-serialization-core-jvm:1.11.0 {artifactType=android-classes-jar, asm-transformed-variant=debug} (Thread[#1660,Execution worker Thread 9,5,main]) started.
file or directory '/Users/joshy/Development/Android/Warbler-Weather/app/libs', not found
work action org.gradle.api.internal.artifacts.transform.DefaultTransformUpstreamDependenciesResolver$FinalizeTransformDependenciesFromSelectedArtifacts$CalculateFinalDependencies@6becfd3d (Thread[#1660,Execution worker Thread 9,5,main]) started.
work action Dependencies for com.google.firebase:firebase-encoders-proto:16.0.0 {artifactType=android-classes-jar, asm-transformed-variant=debug} (Thread[#1660,Execution worker Thread 9,5,main]) started.
file or directory '/Users/joshy/Development/Android/Warbler-Weather/app/libs', not found
work action org.gradle.api.internal.artifacts.transform.DefaultTransformUpstreamDependenciesResolver$FinalizeTransformDependenciesFromSelectedArtifacts$CalculateFinalDependencies@7c138e5 (Thread[#1660,Execution worker Thread 9,5,main]) started.
work action Dependencies for androidx.cursoradapter:cursoradapter:1.0.0 {artifactType=android-classes-jar, asm-transformed-variant=debug} (Thread[#1660,Execution worker Thread 9,5,main]) started.
file or directory '/Users/joshy/Development/Android/Warbler-Weather/app/libs', not found
work action org.gradle.api.internal.artifacts.transform.DefaultTransformUpstreamDependenciesResolver$FinalizeTransformDependenciesFromSelectedArtifacts$CalculateFinalDependencies@1d0e5a75 (Thread[#1660,Execution worker Thread 9,5,main]) started.
work action Dependencies for org.jetbrains:annotations:23.0.0 {artifactType=android-classes-jar, asm-transformed-variant=debug} (Thread[#1660,Execution worker Thread 9,5,main]) started.
file or directory '/Users/joshy/Development/Android/Warbler-Weather/app/libs', not found
work action org.gradle.api.internal.artifacts.transform.DefaultTransformUpstreamDependenciesResolver$FinalizeTransformDependenciesFromSelectedArtifacts$CalculateFinalDependencies@3c2e59f0 (Thread[#1660,Execution worker Thread 9,5,main]) started.
work action Dependencies for com.google.android.gms:play-services-stats:17.0.2 {artifactType=android-classes-jar, asm-transformed-variant=debug} (Thread[#1660,Execution worker Thread 9,5,main]) started.
file or directory '/Users/joshy/Development/Android/Warbler-Weather/app/libs', not found
work action org.gradle.api.internal.artifacts.transform.DefaultTransformUpstreamDependenciesResolver$FinalizeTransformDependenciesFromSelectedArtifacts$CalculateFinalDependencies@7e79997d (Thread[#1660,Execution worker Thread 9,5,main]) started.
work action Dependencies for com.google.firebase:firebase-config-interop:16.0.1 {artifactType=android-classes-jar, asm-transformed-variant=debug} (Thread[#1660,Execution worker Thread 9,5,main]) started.
file or directory '/Users/joshy/Development/Android/Warbler-Weather/app/libs', not found
work action org.gradle.api.internal.artifacts.transform.DefaultTransformUpstreamDependenciesResolver$FinalizeTransformDependenciesFromSelectedArtifacts$CalculateFinalDependencies@62290073 (Thread[#1660,Execution worker Thread 9,5,main]) started.
work action Dependencies for androidx.room:room-ktx:2.8.4 {artifactType=android-classes-jar, asm-transformed-variant=debug} (Thread[#1660,Execution worker Thread 9,5,main]) started.
file or directory '/Users/joshy/Development/Android/Warbler-Weather/app/libs', not found
work action org.gradle.api.internal.artifacts.transform.DefaultTransformUpstreamDependenciesResolver$FinalizeTransformDependenciesFromSelectedArtifacts$CalculateFinalDependencies@590e5e50 (Thread[#1660,Execution worker Thread 9,5,main]) started.
work action Dependencies for com.google.firebase:firebase-installations:19.1.1 {artifactType=android-classes-jar, asm-transformed-variant=debug} (Thread[#1660,Execution worker Thread 9,5,main]) started.
file or directory '/Users/joshy/Development/Android/Warbler-Weather/app/libs', not found
work action org.gradle.api.internal.artifacts.transform.DefaultTransformUpstreamDependenciesResolver$FinalizeTransformDependenciesFromSelectedArtifacts$CalculateFinalDependencies@653818a4 (Thread[#1660,Execution worker Thread 9,5,main]) started.
work action Dependencies for com.google.android.gms:play-services-measurement-impl:23.2.0 {artifactType=android-classes-jar, asm-transformed-variant=debug} (Thread[#1660,Execution worker Thread 9,5,main]) started.
file or directory '/Users/joshy/Development/Android/Warbler-Weather/app/libs', not found
work action org.gradle.api.internal.artifacts.transform.DefaultTransformUpstreamDependenciesResolver$FinalizeTransformDependenciesFromSelectedArtifacts$CalculateFinalDependencies@5b63391c (Thread[#1660,Execution worker Thread 9,5,main]) started.
work action Dependencies for com.google.j2objc:j2objc-annotations:2.8 {artifactType=android-classes-jar, asm-transformed-variant=debug} (Thread[#1660,Execution worker Thread 9,5,main]) started.
file or directory '/Users/joshy/Development/Android/Warbler-Weather/app/libs', not found
work action org.gradle.api.internal.artifacts.transform.DefaultTransformUpstreamDependenciesResolver$FinalizeTransformDependenciesFromSelectedArtifacts$CalculateFinalDependencies@7c3b2cc8 (Thread[#1660,Execution worker Thread 9,5,main]) started.
work action Dependencies for com.google.android.gms:play-services-basement:18.9.0 {artifactType=android-classes-jar, asm-transformed-variant=debug} (Thread[#1660,Execution worker Thread 9,5,main]) started.
file or directory '/Users/joshy/Development/Android/Warbler-Weather/app/libs', not found
work action org.gradle.api.internal.artifacts.transform.DefaultTransformUpstreamDependenciesResolver$FinalizeTransformDependenciesFromSelectedArtifacts$CalculateFinalDependencies@1252cdf4 (Thread[#1660,Execution worker Thread 9,5,main]) started.
work action Dependencies for androidx.fragment:fragment-ktx:1.6.2 {artifactType=android-classes-jar, asm-transformed-variant=debug} (Thread[#1660,Execution worker Thread 9,5,main]) started.
file or directory '/Users/joshy/Development/Android/Warbler-Weather/app/libs', not found
work action org.gradle.api.internal.artifacts.transform.DefaultTransformUpstreamDependenciesResolver$FinalizeTransformDependenciesFromSelectedArtifacts$CalculateFinalDependencies@13815819 (Thread[#1660,Execution worker Thread 9,5,main]) started.
work action Dependencies for androidx.viewpager:viewpager:1.0.0 {artifactType=android-classes-jar, asm-transformed-variant=debug} (Thread[#1660,Execution worker Thread 9,5,main]) started.
file or directory '/Users/joshy/Development/Android/Warbler-Weather/app/libs', not found
work action org.gradle.api.internal.artifacts.transform.DefaultTransformUpstreamDependenciesResolver$FinalizeTransformDependenciesFromSelectedArtifacts$CalculateFinalDependencies@279e0319 (Thread[#1660,Execution worker Thread 9,5,main]) started.
work action Dependencies for androidx.dynamicanimation:dynamicanimation:1.1.0 {artifactType=android-classes-jar, asm-transformed-variant=debug} (Thread[#1660,Execution worker Thread 9,5,main]) started.
file or directory '/Users/joshy/Development/Android/Warbler-Weather/app/libs', not found
work action org.gradle.api.internal.artifacts.transform.DefaultTransformUpstreamDependenciesResolver$FinalizeTransformDependenciesFromSelectedArtifacts$CalculateFinalDependencies@25f8f1ca (Thread[#1660,Execution worker Thread 9,5,main]) started.
work action Dependencies for com.google.dagger:hilt-core:2.59.2 {artifactType=android-classes-jar, asm-transformed-variant=debug} (Thread[#1660,Execution worker Thread 9,5,main]) started.
file or directory '/Users/joshy/Development/Android/Warbler-Weather/app/libs', not found
work action org.gradle.api.internal.artifacts.transform.DefaultTransformUpstreamDependenciesResolver$FinalizeTransformDependenciesFromSelectedArtifacts$CalculateFinalDependencies@163e1136 (Thread[#1660,Execution worker Thread 9,5,main]) started.
work action Dependencies for com.google.android.play:app-update:2.1.0 {artifactType=android-classes-jar, asm-transformed-variant=debug} (Thread[#1660,Execution worker Thread 9,5,main]) started.
file or directory '/Users/joshy/Development/Android/Warbler-Weather/app/libs', not found
work action org.gradle.api.internal.artifacts.transform.DefaultTransformUpstreamDependenciesResolver$FinalizeTransformDependenciesFromSelectedArtifacts$CalculateFinalDependencies@1d70f33b (Thread[#1660,Execution worker Thread 9,5,main]) started.
work action Dependencies for androidx.lifecycle:lifecycle-common-java8:2.11.0 {artifactType=android-classes-jar, asm-transformed-variant=debug} (Thread[#1660,Execution worker Thread 9,5,main]) started.
file or directory '/Users/joshy/Development/Android/Warbler-Weather/app/libs', not found
work action org.gradle.api.internal.artifacts.transform.DefaultTransformUpstreamDependenciesResolver$FinalizeTransformDependenciesFromSelectedArtifacts$CalculateFinalDependencies@639c03a8 (Thread[#1660,Execution worker Thread 9,5,main]) started.
work action Dependencies for com.google.guava:listenablefuture:9999.0-empty-to-avoid-conflict-with-guava {artifactType=android-classes-jar, asm-transformed-variant=debug} (Thread[#1661,Execution worker Thread 10,5,main]) started.
file or directory '/Users/joshy/Development/Android/Warbler-Weather/app/libs', not found
work action org.gradle.api.internal.artifacts.transform.DefaultTransformUpstreamDependenciesResolver$FinalizeTransformDependenciesFromSelectedArtifacts$CalculateFinalDependencies@5e8cbc5d (Thread[#1661,Execution worker Thread 10,5,main]) started.
work action Dependencies for org.checkerframework:checker-qual:3.33.0 {artifactType=android-classes-jar, asm-transformed-variant=debug} (Thread[#1661,Execution worker Thread 10,5,main]) started.
file or directory '/Users/joshy/Development/Android/Warbler-Weather/app/libs', not found
work action org.gradle.api.internal.artifacts.transform.DefaultTransformUpstreamDependenciesResolver$FinalizeTransformDependenciesFromSelectedArtifacts$CalculateFinalDependencies@22bf6386 (Thread[#1661,Execution worker Thread 10,5,main]) started.
work action Dependencies for androidx.window:window-core-android:1.5.0 {artifactType=android-classes-jar, asm-transformed-variant=debug} (Thread[#1661,Execution worker Thread 10,5,main]) started.
file or directory '/Users/joshy/Development/Android/Warbler-Weather/app/libs', not found
work action org.gradle.api.internal.artifacts.transform.DefaultTransformUpstreamDependenciesResolver$FinalizeTransformDependenciesFromSelectedArtifacts$CalculateFinalDependencies@5b367f4a (Thread[#1661,Execution worker Thread 10,5,main]) started.
work action Dependencies for org.jetbrains.kotlinx:kotlinx-serialization-json-jvm:1.11.0 {artifactType=android-classes-jar, asm-transformed-variant=debug} (Thread[#1661,Execution worker Thread 10,5,main]) started.
file or directory '/Users/joshy/Development/Android/Warbler-Weather/app/libs', not found
work action org.gradle.api.internal.artifacts.transform.DefaultTransformUpstreamDependenciesResolver$FinalizeTransformDependenciesFromSelectedArtifacts$CalculateFinalDependencies@57773cb8 (Thread[#1661,Execution worker Thread 10,5,main]) started.
work action Dependencies for androidx.navigation:navigation-ui:2.9.8 {artifactType=android-classes-jar, asm-transformed-variant=debug} (Thread[#1661,Execution worker Thread 10,5,main]) started.
file or directory '/Users/joshy/Development/Android/Warbler-Weather/app/libs', not found
work action org.gradle.api.internal.artifacts.transform.DefaultTransformUpstreamDependenciesResolver$FinalizeTransformDependenciesFromSelectedArtifacts$CalculateFinalDependencies@46669e4e (Thread[#1661,Execution worker Thread 10,5,main]) started.
work action Dependencies for androidx.compose.foundation:foundation-android:1.12.0-alpha03 {artifactType=android-classes-jar, asm-transformed-variant=debug} (Thread[#1661,Execution worker Thread 10,5,main]) started.
file or directory '/Users/joshy/Development/Android/Warbler-Weather/app/libs', not found
work action org.gradle.api.internal.artifacts.transform.DefaultTransformUpstreamDependenciesResolver$FinalizeTransformDependenciesFromSelectedArtifacts$CalculateFinalDependencies@369f234a (Thread[#1661,Execution worker Thread 10,5,main]) started.
work action Dependencies for androidx.lifecycle:lifecycle-viewmodel-savedstate-android:2.11.0 {artifactType=android-classes-jar, asm-transformed-variant=debug} (Thread[#1661,Execution worker Thread 10,5,main]) started.
file or directory '/Users/joshy/Development/Android/Warbler-Weather/app/libs', not found
work action org.gradle.api.internal.artifacts.transform.DefaultTransformUpstreamDependenciesResolver$FinalizeTransformDependenciesFromSelectedArtifacts$CalculateFinalDependencies@4892d498 (Thread[#1661,Execution worker Thread 10,5,main]) started.
work action Dependencies for androidx.datastore:datastore-preferences-external-protobuf:1.2.1 {artifactType=android-classes-jar, asm-transformed-variant=debug} (Thread[#1661,Execution worker Thread 10,5,main]) started.
file or directory '/Users/joshy/Development/Android/Warbler-Weather/app/libs', not found
work action org.gradle.api.internal.artifacts.transform.DefaultTransformUpstreamDependenciesResolver$FinalizeTransformDependenciesFromSelectedArtifacts$CalculateFinalDependencies@49dd9865 (Thread[#1661,Execution worker Thread 10,5,main]) started.
work action Dependencies for androidx.compose.ui:ui-test-manifest:1.12.0-alpha03 {artifactType=android-classes-jar, asm-transformed-variant=debug} (Thread[#1661,Execution worker Thread 10,5,main]) started.
file or directory '/Users/joshy/Development/Android/Warbler-Weather/app/libs', not found
work action org.gradle.api.internal.artifacts.transform.DefaultTransformUpstreamDependenciesResolver$FinalizeTransformDependenciesFromSelectedArtifacts$CalculateFinalDependencies@9385cf (Thread[#1661,Execution worker Thread 10,5,main]) started.
work action Dependencies for androidx.compose.runtime:runtime-annotation-android:1.12.0-alpha03 {artifactType=android-classes-jar, asm-transformed-variant=debug} (Thread[#1661,Execution worker Thread 10,5,main]) started.
file or directory '/Users/joshy/Development/Android/Warbler-Weather/app/libs', not found
work action org.gradle.api.internal.artifacts.transform.DefaultTransformUpstreamDependenciesResolver$FinalizeTransformDependenciesFromSelectedArtifacts$CalculateFinalDependencies@62f38547 (Thread[#1661,Execution worker Thread 10,5,main]) started.
work action Dependencies for androidx.lifecycle:lifecycle-process:2.11.0 {artifactType=android-classes-jar, asm-transformed-variant=debug} (Thread[#1661,Execution worker Thread 10,5,main]) started.
file or directory '/Users/joshy/Development/Android/Warbler-Weather/app/libs', not found
work action org.gradle.api.internal.artifacts.transform.DefaultTransformUpstreamDependenciesResolver$FinalizeTransformDependenciesFromSelectedArtifacts$CalculateFinalDependencies@317cc24b (Thread[#1661,Execution worker Thread 10,5,main]) started.
work action Dependencies for com.google.firebase:firebase-abt:21.1.1 {artifactType=android-classes-jar, asm-transformed-variant=debug} (Thread[#1661,Execution worker Thread 10,5,main]) started.
file or directory '/Users/joshy/Development/Android/Warbler-Weather/app/libs', not found
work action org.gradle.api.internal.artifacts.transform.DefaultTransformUpstreamDependenciesResolver$FinalizeTransformDependenciesFromSelectedArtifacts$CalculateFinalDependencies@9d3c9b8 (Thread[#1661,Execution worker Thread 10,5,main]) started.
work action Dependencies for androidx.vectordrawable:vectordrawable:1.1.0 {artifactType=android-classes-jar, asm-transformed-variant=debug} (Thread[#1661,Execution worker Thread 10,5,main]) started.
file or directory '/Users/joshy/Development/Android/Warbler-Weather/app/libs', not found
work action org.gradle.api.internal.artifacts.transform.DefaultTransformUpstreamDependenciesResolver$FinalizeTransformDependenciesFromSelectedArtifacts$CalculateFinalDependencies@8ffab5 (Thread[#1661,Execution worker Thread 10,5,main]) started.
work action Dependencies for androidx.vectordrawable:vectordrawable:1.1.0 {artifactType=android-classes-jar, asm-transformed-variant=debug} (Thread[#1661,Execution worker Thread 10,5,main]) started.
file or directory '/Users/joshy/Development/Android/Warbler-Weather/app/libs', not found
work action org.gradle.api.internal.artifacts.transform.DefaultTransformUpstreamDependenciesResolver$FinalizeTransformDependenciesFromSelectedArtifacts$CalculateFinalDependencies@4f0f0433 (Thread[#1661,Execution worker Thread 10,5,main]) started.
work action Dependencies for com.google.android.gms:play-services-measurement-sdk:23.2.0 {artifactType=android-classes-jar, asm-transformed-variant=debug} (Thread[#1661,Execution worker Thread 10,5,main]) started.
file or directory '/Users/joshy/Development/Android/Warbler-Weather/app/libs', not found
work action org.gradle.api.internal.artifacts.transform.DefaultTransformUpstreamDependenciesResolver$FinalizeTransformDependenciesFromSelectedArtifacts$CalculateFinalDependencies@3c0a3702 (Thread[#1661,Execution worker Thread 10,5,main]) started.
work action Dependencies for androidx.constraintlayout:constraintlayout:2.2.1 {artifactType=android-classes-jar, asm-transformed-variant=debug} (Thread[#1661,Execution worker Thread 10,5,main]) started.
file or directory '/Users/joshy/Development/Android/Warbler-Weather/app/libs', not found
work action org.gradle.api.internal.artifacts.transform.DefaultTransformUpstreamDependenciesResolver$FinalizeTransformDependenciesFromSelectedArtifacts$CalculateFinalDependencies@3aa8d97 (Thread[#1661,Execution worker Thread 10,5,main]) started.
work action Dependencies for org.jetbrains.kotlinx:kotlinx-coroutines-guava:1.11.0 {artifactType=android-classes-jar, asm-transformed-variant=debug} (Thread[#1661,Execution worker Thread 10,5,main]) started.
file or directory '/Users/joshy/Development/Android/Warbler-Weather/app/libs', not found
work action org.gradle.api.internal.artifacts.transform.DefaultTransformUpstreamDependenciesResolver$FinalizeTransformDependenciesFromSelectedArtifacts$CalculateFinalDependencies@2320a3b0 (Thread[#1661,Execution worker Thread 10,5,main]) started.
work action Dependencies for com.google.firebase:firebase-perf:22.0.5 {artifactType=android-classes-jar, asm-transformed-variant=debug} (Thread[#1661,Execution worker Thread 10,5,main]) started.
file or directory '/Users/joshy/Development/Android/Warbler-Weather/app/libs', not found
work action org.gradle.api.internal.artifacts.transform.DefaultTransformUpstreamDependenciesResolver$FinalizeTransformDependenciesFromSelectedArtifacts$CalculateFinalDependencies@6c0704c1 (Thread[#1659,Execution worker Thread 8,5,main]) started.
work action Dependencies for androidx.startup:startup-runtime:1.2.0 {artifactType=android-classes-jar, asm-transformed-variant=debug} (Thread[#1659,Execution worker Thread 8,5,main]) started.
file or directory '/Users/joshy/Development/Android/Warbler-Weather/app/libs', not found
work action org.gradle.api.internal.artifacts.transform.DefaultTransformUpstreamDependenciesResolver$FinalizeTransformDependenciesFromSelectedArtifacts$CalculateFinalDependencies@1c5d66d2 (Thread[#1659,Execution worker Thread 8,5,main]) started.
work action Dependencies for com.google.android.gms:play-services-measurement-sdk-api:23.2.0 {artifactType=android-classes-jar, asm-transformed-variant=debug} (Thread[#1659,Execution worker Thread 8,5,main]) started.
file or directory '/Users/joshy/Development/Android/Warbler-Weather/app/libs', not found
work action org.gradle.api.internal.artifacts.transform.DefaultTransformUpstreamDependenciesResolver$FinalizeTransformDependenciesFromSelectedArtifacts$CalculateFinalDependencies@303b474f (Thread[#1659,Execution worker Thread 8,5,main]) started.
work action Dependencies for androidx.activity:activity-ktx:1.13.0 {artifactType=android-classes-jar, asm-transformed-variant=debug} (Thread[#1659,Execution worker Thread 8,5,main]) started.
file or directory '/Users/joshy/Development/Android/Warbler-Weather/app/libs', not found
work action org.gradle.api.internal.artifacts.transform.DefaultTransformUpstreamDependenciesResolver$FinalizeTransformDependenciesFromSelectedArtifacts$CalculateFinalDependencies@5a7a6075 (Thread[#1659,Execution worker Thread 8,5,main]) started.
work action Dependencies for androidx.lifecycle:lifecycle-viewmodel-android:2.11.0 {artifactType=android-classes-jar, asm-transformed-variant=debug} (Thread[#1659,Execution worker Thread 8,5,main]) started.
file or directory '/Users/joshy/Development/Android/Warbler-Weather/app/libs', not found
work action org.gradle.api.internal.artifacts.transform.DefaultTransformUpstreamDependenciesResolver$FinalizeTransformDependenciesFromSelectedArtifacts$CalculateFinalDependencies@5d8ba902 (Thread[#1659,Execution worker Thread 8,5,main]) started.
work action Dependencies for androidx.lifecycle:lifecycle-runtime:2.11.0 {artifactType=android-classes-jar, asm-transformed-variant=debug} (Thread[#1659,Execution worker Thread 8,5,main]) started.
file or directory '/Users/joshy/Development/Android/Warbler-Weather/app/libs', not found
work action org.gradle.api.internal.artifacts.transform.DefaultTransformUpstreamDependenciesResolver$FinalizeTransformDependenciesFromSelectedArtifacts$CalculateFinalDependencies@6504077 (Thread[#1659,Execution worker Thread 8,5,main]) started.
work action Dependencies for com.google.firebase:firebase-database:22.0.1 {artifactType=android-classes-jar, asm-transformed-variant=debug} (Thread[#1659,Execution worker Thread 8,5,main]) started.
file or directory '/Users/joshy/Development/Android/Warbler-Weather/app/libs', not found
work action org.gradle.api.internal.artifacts.transform.DefaultTransformUpstreamDependenciesResolver$FinalizeTransformDependenciesFromSelectedArtifacts$CalculateFinalDependencies@1e9bd214 (Thread[#1659,Execution worker Thread 8,5,main]) started.
work action Dependencies for androidx.compose.runtime:runtime-retain-android:1.12.0-alpha03 {artifactType=android-classes-jar, asm-transformed-variant=debug} (Thread[#1659,Execution worker Thread 8,5,main]) started.
file or directory '/Users/joshy/Development/Android/Warbler-Weather/app/libs', not found
work action org.gradle.api.internal.artifacts.transform.DefaultTransformUpstreamDependenciesResolver$FinalizeTransformDependenciesFromSelectedArtifacts$CalculateFinalDependencies@25212550 (Thread[#1659,Execution worker Thread 8,5,main]) started.
work action Dependencies for com.google.firebase:firebase-datatransport:19.0.0 {artifactType=android-classes-jar, asm-transformed-variant=debug} (Thread[#1659,Execution worker Thread 8,5,main]) started.
file or directory '/Users/joshy/Development/Android/Warbler-Weather/app/libs', not found
work action org.gradle.api.internal.artifacts.transform.DefaultTransformUpstreamDependenciesResolver$FinalizeTransformDependenciesFromSelectedArtifacts$CalculateFinalDependencies@ea93569 (Thread[#1659,Execution worker Thread 8,5,main]) started.
work action Dependencies for com.google.firebase:firebase-analytics:23.2.0 {artifactType=android-classes-jar, asm-transformed-variant=debug} (Thread[#1659,Execution worker Thread 8,5,main]) started.
file or directory '/Users/joshy/Development/Android/Warbler-Weather/app/libs', not found
work action org.gradle.api.internal.artifacts.transform.DefaultTransformUpstreamDependenciesResolver$FinalizeTransformDependenciesFromSelectedArtifacts$CalculateFinalDependencies@7cdaac4e (Thread[#1659,Execution worker Thread 8,5,main]) started.
work action Dependencies for androidx.core:core:1.19.0 {artifactType=android-classes-jar, asm-transformed-variant=debug} (Thread[#1659,Execution worker Thread 8,5,main]) started.
file or directory '/Users/joshy/Development/Android/Warbler-Weather/app/libs', not found
work action org.gradle.api.internal.artifacts.transform.DefaultTransformUpstreamDependenciesResolver$FinalizeTransformDependenciesFromSelectedArtifacts$CalculateFinalDependencies@40969df5 (Thread[#1659,Execution worker Thread 8,5,main]) started.
work action Dependencies for androidx.tracing:tracing:1.2.0 {artifactType=android-classes-jar, asm-transformed-variant=debug} (Thread[#1656,Execution worker Thread 5,5,main]) started.
file or directory '/Users/joshy/Development/Android/Warbler-Weather/app/libs', not found
work action org.gradle.api.internal.artifacts.transform.DefaultTransformUpstreamDependenciesResolver$FinalizeTransformDependenciesFromSelectedArtifacts$CalculateFinalDependencies@10e94491 (Thread[#1656,Execution worker Thread 5,5,main]) started.
work action Dependencies for androidx.compose.runtime:runtime-saveable-android:1.12.0-alpha03 {artifactType=android-classes-jar, asm-transformed-variant=debug} (Thread[#1656,Execution worker Thread 5,5,main]) started.
file or directory '/Users/joshy/Development/Android/Warbler-Weather/app/libs', not found
work action org.gradle.api.internal.artifacts.transform.DefaultTransformUpstreamDependenciesResolver$FinalizeTransformDependenciesFromSelectedArtifacts$CalculateFinalDependencies@14504b35 (Thread[#1656,Execution worker Thread 5,5,main]) started.
work action Dependencies for androidx.interpolator:interpolator:1.0.0 {artifactType=android-classes-jar, asm-transformed-variant=debug} (Thread[#1656,Execution worker Thread 5,5,main]) started.
file or directory '/Users/joshy/Development/Android/Warbler-Weather/app/libs', not found
work action org.gradle.api.internal.artifacts.transform.DefaultTransformUpstreamDependenciesResolver$FinalizeTransformDependenciesFromSelectedArtifacts$CalculateFinalDependencies@25b7246d (Thread[#1656,Execution worker Thread 5,5,main]) started.
work action Dependencies for androidx.recyclerview:recyclerview:1.3.1 {artifactType=android-classes-jar, asm-transformed-variant=debug} (Thread[#1656,Execution worker Thread 5,5,main]) started.
file or directory '/Users/joshy/Development/Android/Warbler-Weather/app/libs', not found
work action org.gradle.api.internal.artifacts.transform.DefaultTransformUpstreamDependenciesResolver$FinalizeTransformDependenciesFromSelectedArtifacts$CalculateFinalDependencies@37321465 (Thread[#1656,Execution worker Thread 5,5,main]) started.
work action Dependencies for androidx.interpolator:interpolator:1.0.0 {artifactType=android-classes-jar, asm-transformed-variant=debug} (Thread[#1656,Execution worker Thread 5,5,main]) started.
file or directory '/Users/joshy/Development/Android/Warbler-Weather/app/libs', not found
work action Parameters of AsmClassesTransform (Thread[#1656,Execution worker Thread 5,5,main]) started.
work action Parameters of DexingNoClasspathTransform (Thread[#1656,Execution worker Thread 5,5,main]) started.
work action Parameters of DexingOutputSplitTransform (Thread[#1656,Execution worker Thread 5,5,main]) started.
work action org.gradle.api.internal.artifacts.transform.DefaultTransformUpstreamDependenciesResolver$FinalizeTransformDependenciesFromSelectedArtifacts$CalculateFinalDependencies@37cabad3 (Thread[#1654,Execution worker Thread 3,5,main]) started.
work action Dependencies for project :core {artifactType=android-classes-jar, asm-transformed-variant=debug} (Thread[#1654,Execution worker Thread 3,5,main]) started.
file or directory '/Users/joshy/Development/Android/Warbler-Weather/app/libs', not found
work action Parameters of AggregatedPackagesTransform (Thread[#1666,Execution worker Thread 14,5,main]) started.
Resolve mutations for :app:loadKtlintReporters (Thread[#1666,Execution worker Thread 14,5,main]) started.
:app:loadKtlintReporters (Thread[#1666,Execution worker Thread 14,5,main]) started.

> Task :app:loadKtlintReporters UP-TO-DATE
Caching disabled for task ':app:loadKtlintReporters' because:
  Build cache is disabled
Skipping task ':app:loadKtlintReporters' as it is up-to-date.
Resolve mutations for :app:runKtlintFormatOverKotlinScripts (Thread[#1666,Execution worker Thread 14,5,main]) started.
:app:runKtlintFormatOverKotlinScripts (Thread[#1666,Execution worker Thread 14,5,main]) started.

> Task :app:runKtlintFormatOverKotlinScripts UP-TO-DATE
Caching disabled for task ':app:runKtlintFormatOverKotlinScripts' because:
  Build cache is disabled
Skipping task ':app:runKtlintFormatOverKotlinScripts' as it is up-to-date.
Resolve mutations for :app:runKtlintFormatOverAndroidTestDebugSourceSet (Thread[#1666,Execution worker Thread 14,5,main]) started.
:app:runKtlintFormatOverAndroidTestDebugSourceSet (Thread[#1666,Execution worker Thread 14,5,main]) started.

> Task :app:runKtlintFormatOverAndroidTestDebugSourceSet NO-SOURCE
file or directory '/Users/joshy/Development/Android/Warbler-Weather/app/src/androidTestDebug/kotlin', not found
file or directory '/Users/joshy/Development/Android/Warbler-Weather/app/src/androidTestDebug/java', not found
Skipping task ':app:runKtlintFormatOverAndroidTestDebugSourceSet' as it has no source files and no previous output files.
Resolve mutations for :app:ktlintAndroidTestDebugSourceSetFormat (Thread[#1666,Execution worker Thread 14,5,main]) started.
:app:ktlintAndroidTestDebugSourceSetFormat (Thread[#1666,Execution worker Thread 14,5,main]) started.

> Task :app:ktlintAndroidTestDebugSourceSetFormat SKIPPED
Skipping task ':app:ktlintAndroidTestDebugSourceSetFormat' as task onlyIf 'Task satisfies onlyIf spec' is false.
Resolve mutations for :app:runKtlintFormatOverAndroidTestReleaseSourceSet (Thread[#1666,Execution worker Thread 14,5,main]) started.
:app:runKtlintFormatOverAndroidTestReleaseSourceSet (Thread[#1666,Execution worker Thread 14,5,main]) started.

> Task :app:runKtlintFormatOverAndroidTestReleaseSourceSet NO-SOURCE
file or directory '/Users/joshy/Development/Android/Warbler-Weather/app/src/androidTestRelease/kotlin', not found
file or directory '/Users/joshy/Development/Android/Warbler-Weather/app/src/androidTestRelease/java', not found
Skipping task ':app:runKtlintFormatOverAndroidTestReleaseSourceSet' as it has no source files and no previous output files.
Resolve mutations for :app:ktlintAndroidTestReleaseSourceSetFormat (Thread[#1666,Execution worker Thread 14,5,main]) started.
:app:ktlintAndroidTestReleaseSourceSetFormat (Thread[#1666,Execution worker Thread 14,5,main]) started.

> Task :app:ktlintAndroidTestReleaseSourceSetFormat SKIPPED
Skipping task ':app:ktlintAndroidTestReleaseSourceSetFormat' as task onlyIf 'Task satisfies onlyIf spec' is false.
Resolve mutations for :app:runKtlintFormatOverAndroidTestSourceSet (Thread[#1666,Execution worker Thread 14,5,main]) started.
:app:runKtlintFormatOverAndroidTestSourceSet (Thread[#1666,Execution worker Thread 14,5,main]) started.

> Task :app:runKtlintFormatOverAndroidTestSourceSet UP-TO-DATE
file or directory '/Users/joshy/Development/Android/Warbler-Weather/app/src/androidTest/kotlin', not found
Caching disabled for task ':app:runKtlintFormatOverAndroidTestSourceSet' because:
  Build cache is disabled
Skipping task ':app:runKtlintFormatOverAndroidTestSourceSet' as it is up-to-date.
Resolve mutations for :app:ktlintAndroidTestSourceSetFormat (Thread[#1666,Execution worker Thread 14,5,main]) started.
:app:ktlintAndroidTestSourceSetFormat (Thread[#1666,Execution worker Thread 14,5,main]) started.

> Task :app:ktlintAndroidTestSourceSetFormat UP-TO-DATE
Caching disabled for task ':app:ktlintAndroidTestSourceSetFormat' because:
  Build cache is disabled
Skipping task ':app:ktlintAndroidTestSourceSetFormat' as it is up-to-date.
Resolve mutations for :app:runKtlintFormatOverDebugSourceSet (Thread[#1666,Execution worker Thread 14,5,main]) started.
:app:runKtlintFormatOverDebugSourceSet (Thread[#1666,Execution worker Thread 14,5,main]) started.

> Task :app:runKtlintFormatOverDebugSourceSet NO-SOURCE
file or directory '/Users/joshy/Development/Android/Warbler-Weather/app/src/debug/kotlin', not found
file or directory '/Users/joshy/Development/Android/Warbler-Weather/app/src/debug/java', not found
Skipping task ':app:runKtlintFormatOverDebugSourceSet' as it has no source files and no previous output files.
Resolve mutations for :app:ktlintDebugSourceSetFormat (Thread[#1666,Execution worker Thread 14,5,main]) started.
:app:ktlintDebugSourceSetFormat (Thread[#1666,Execution worker Thread 14,5,main]) started.

> Task :app:ktlintDebugSourceSetFormat SKIPPED
Skipping task ':app:ktlintDebugSourceSetFormat' as task onlyIf 'Task satisfies onlyIf spec' is false.
Resolve mutations for :app:ktlintKotlinScriptFormat (Thread[#1666,Execution worker Thread 14,5,main]) started.
:app:ktlintKotlinScriptFormat (Thread[#1666,Execution worker Thread 14,5,main]) started.

> Task :app:ktlintKotlinScriptFormat UP-TO-DATE
Caching disabled for task ':app:ktlintKotlinScriptFormat' because:
  Build cache is disabled
Skipping task ':app:ktlintKotlinScriptFormat' as it is up-to-date.
Resolve mutations for :app:runKtlintFormatOverMainSourceSet (Thread[#1666,Execution worker Thread 14,5,main]) started.
:app:runKtlintFormatOverMainSourceSet (Thread[#1666,Execution worker Thread 14,5,main]) started.

> Task :app:runKtlintFormatOverMainSourceSet UP-TO-DATE
file or directory '/Users/joshy/Development/Android/Warbler-Weather/app/src/main/kotlin', not found
Caching disabled for task ':app:runKtlintFormatOverMainSourceSet' because:
  Build cache is disabled
Skipping task ':app:runKtlintFormatOverMainSourceSet' as it is up-to-date.
Resolve mutations for :app:ktlintMainSourceSetFormat (Thread[#1666,Execution worker Thread 14,5,main]) started.
:app:ktlintMainSourceSetFormat (Thread[#1666,Execution worker Thread 14,5,main]) started.

> Task :app:ktlintMainSourceSetFormat UP-TO-DATE
Caching disabled for task ':app:ktlintMainSourceSetFormat' because:
  Build cache is disabled
Skipping task ':app:ktlintMainSourceSetFormat' as it is up-to-date.
Resolve mutations for :app:runKtlintFormatOverReleaseSourceSet (Thread[#1666,Execution worker Thread 14,5,main]) started.
:app:runKtlintFormatOverReleaseSourceSet (Thread[#1666,Execution worker Thread 14,5,main]) started.

> Task :app:runKtlintFormatOverReleaseSourceSet NO-SOURCE
file or directory '/Users/joshy/Development/Android/Warbler-Weather/app/src/release/kotlin', not found
file or directory '/Users/joshy/Development/Android/Warbler-Weather/app/src/release/java', not found
Skipping task ':app:runKtlintFormatOverReleaseSourceSet' as it has no source files and no previous output files.
Resolve mutations for :app:ktlintReleaseSourceSetFormat (Thread[#1666,Execution worker Thread 14,5,main]) started.
:app:ktlintReleaseSourceSetFormat (Thread[#1666,Execution worker Thread 14,5,main]) started.

> Task :app:ktlintReleaseSourceSetFormat SKIPPED
Skipping task ':app:ktlintReleaseSourceSetFormat' as task onlyIf 'Task satisfies onlyIf spec' is false.
Resolve mutations for :app:runKtlintFormatOverTestDebugSourceSet (Thread[#1666,Execution worker Thread 14,5,main]) started.
:app:runKtlintFormatOverTestDebugSourceSet (Thread[#1666,Execution worker Thread 14,5,main]) started.

> Task :app:runKtlintFormatOverTestDebugSourceSet NO-SOURCE
file or directory '/Users/joshy/Development/Android/Warbler-Weather/app/src/testDebug/kotlin', not found
file or directory '/Users/joshy/Development/Android/Warbler-Weather/app/src/testDebug/java', not found
Skipping task ':app:runKtlintFormatOverTestDebugSourceSet' as it has no source files and no previous output files.
Resolve mutations for :app:ktlintTestDebugSourceSetFormat (Thread[#1666,Execution worker Thread 14,5,main]) started.
:app:ktlintTestDebugSourceSetFormat (Thread[#1666,Execution worker Thread 14,5,main]) started.

> Task :app:ktlintTestDebugSourceSetFormat SKIPPED
Skipping task ':app:ktlintTestDebugSourceSetFormat' as task onlyIf 'Task satisfies onlyIf spec' is false.
Resolve mutations for :app:runKtlintFormatOverTestFixturesDebugSourceSet (Thread[#1666,Execution worker Thread 14,5,main]) started.
:app:runKtlintFormatOverTestFixturesDebugSourceSet (Thread[#1666,Execution worker Thread 14,5,main]) started.

> Task :app:runKtlintFormatOverTestFixturesDebugSourceSet NO-SOURCE
file or directory '/Users/joshy/Development/Android/Warbler-Weather/app/src/testFixturesDebug/kotlin', not found
file or directory '/Users/joshy/Development/Android/Warbler-Weather/app/src/testFixturesDebug/java', not found
Skipping task ':app:runKtlintFormatOverTestFixturesDebugSourceSet' as it has no source files and no previous output files.
Resolve mutations for :app:ktlintTestFixturesDebugSourceSetFormat (Thread[#1666,Execution worker Thread 14,5,main]) started.
:app:ktlintTestFixturesDebugSourceSetFormat (Thread[#1666,Execution worker Thread 14,5,main]) started.

> Task :app:ktlintTestFixturesDebugSourceSetFormat SKIPPED
Skipping task ':app:ktlintTestFixturesDebugSourceSetFormat' as task onlyIf 'Task satisfies onlyIf spec' is false.
Resolve mutations for :app:runKtlintFormatOverTestFixturesReleaseSourceSet (Thread[#1666,Execution worker Thread 14,5,main]) started.
:app:runKtlintFormatOverTestFixturesReleaseSourceSet (Thread[#1666,Execution worker Thread 14,5,main]) started.

> Task :app:runKtlintFormatOverTestFixturesReleaseSourceSet NO-SOURCE
file or directory '/Users/joshy/Development/Android/Warbler-Weather/app/src/testFixturesRelease/kotlin', not found
file or directory '/Users/joshy/Development/Android/Warbler-Weather/app/src/testFixturesRelease/java', not found
Skipping task ':app:runKtlintFormatOverTestFixturesReleaseSourceSet' as it has no source files and no previous output files.
Resolve mutations for :app:ktlintTestFixturesReleaseSourceSetFormat (Thread[#1666,Execution worker Thread 14,5,main]) started.
:app:ktlintTestFixturesReleaseSourceSetFormat (Thread[#1666,Execution worker Thread 14,5,main]) started.

> Task :app:ktlintTestFixturesReleaseSourceSetFormat SKIPPED
Skipping task ':app:ktlintTestFixturesReleaseSourceSetFormat' as task onlyIf 'Task satisfies onlyIf spec' is false.
Resolve mutations for :app:runKtlintFormatOverTestFixturesSourceSet (Thread[#1666,Execution worker Thread 14,5,main]) started.
:app:runKtlintFormatOverTestFixturesSourceSet (Thread[#1666,Execution worker Thread 14,5,main]) started.

> Task :app:runKtlintFormatOverTestFixturesSourceSet NO-SOURCE
file or directory '/Users/joshy/Development/Android/Warbler-Weather/app/src/testFixtures/kotlin', not found
file or directory '/Users/joshy/Development/Android/Warbler-Weather/app/src/testFixtures/java', not found
Skipping task ':app:runKtlintFormatOverTestFixturesSourceSet' as it has no source files and no previous output files.
Resolve mutations for :app:ktlintTestFixturesSourceSetFormat (Thread[#1666,Execution worker Thread 14,5,main]) started.
:app:ktlintTestFixturesSourceSetFormat (Thread[#1666,Execution worker Thread 14,5,main]) started.

> Task :app:ktlintTestFixturesSourceSetFormat SKIPPED
Skipping task ':app:ktlintTestFixturesSourceSetFormat' as task onlyIf 'Task satisfies onlyIf spec' is false.
Resolve mutations for :app:runKtlintFormatOverTestReleaseSourceSet (Thread[#1666,Execution worker Thread 14,5,main]) started.
:app:runKtlintFormatOverTestReleaseSourceSet (Thread[#1666,Execution worker Thread 14,5,main]) started.

> Task :app:runKtlintFormatOverTestReleaseSourceSet NO-SOURCE
file or directory '/Users/joshy/Development/Android/Warbler-Weather/app/src/testRelease/kotlin', not found
file or directory '/Users/joshy/Development/Android/Warbler-Weather/app/src/testRelease/java', not found
Skipping task ':app:runKtlintFormatOverTestReleaseSourceSet' as it has no source files and no previous output files.
Resolve mutations for :app:ktlintTestReleaseSourceSetFormat (Thread[#1666,Execution worker Thread 14,5,main]) started.
:app:ktlintTestReleaseSourceSetFormat (Thread[#1666,Execution worker Thread 14,5,main]) started.

> Task :app:ktlintTestReleaseSourceSetFormat SKIPPED
Skipping task ':app:ktlintTestReleaseSourceSetFormat' as task onlyIf 'Task satisfies onlyIf spec' is false.
Resolve mutations for :app:runKtlintFormatOverTestSourceSet (Thread[#1666,Execution worker Thread 14,5,main]) started.
:app:runKtlintFormatOverTestSourceSet (Thread[#1666,Execution worker Thread 14,5,main]) started.

> Task :app:runKtlintFormatOverTestSourceSet UP-TO-DATE
file or directory '/Users/joshy/Development/Android/Warbler-Weather/app/src/test/kotlin', not found
Caching disabled for task ':app:runKtlintFormatOverTestSourceSet' because:
  Build cache is disabled
Skipping task ':app:runKtlintFormatOverTestSourceSet' as it is up-to-date.
Resolve mutations for :app:ktlintTestSourceSetFormat (Thread[#1666,Execution worker Thread 14,5,main]) started.
:app:ktlintTestSourceSetFormat (Thread[#1666,Execution worker Thread 14,5,main]) started.

> Task :app:ktlintTestSourceSetFormat UP-TO-DATE
Caching disabled for task ':app:ktlintTestSourceSetFormat' because:
  Build cache is disabled
Skipping task ':app:ktlintTestSourceSetFormat' as it is up-to-date.
Resolve mutations for :app:ktlintFormat (Thread[#1666,Execution worker Thread 14,5,main]) started.
:app:ktlintFormat (Thread[#1666,Execution worker Thread 14,5,main]) started.

> Task :app:ktlintFormat UP-TO-DATE
Skipping task ':app:ktlintFormat' as it has no actions.
Resolve mutations for :app:preBuild (Thread[#1666,Execution worker Thread 14,5,main]) started.
:app:preBuild (Thread[#1666,Execution worker Thread 14,5,main]) started.

> Task :app:preBuild UP-TO-DATE
Skipping task ':app:preBuild' as it has no actions.
Resolve mutations for :app:preDebugBuild (Thread[#1666,Execution worker Thread 14,5,main]) started.
:app:preDebugBuild (Thread[#1666,Execution worker Thread 14,5,main]) started.

> Task :app:preDebugBuild UP-TO-DATE
Skipping task ':app:preDebugBuild' as it has no actions.
Resolve mutations for :app:mergeDebugNativeDebugMetadata (Thread[#1666,Execution worker Thread 14,5,main]) started.
:app:mergeDebugNativeDebugMetadata (Thread[#1666,Execution worker Thread 14,5,main]) started.

> Task :app:mergeDebugNativeDebugMetadata NO-SOURCE
Skipping task ':app:mergeDebugNativeDebugMetadata' as it has no source files and no previous output files.
Resolve mutations for :app:checkKotlinGradlePluginConfigurationErrors (Thread[#1666,Execution worker Thread 14,5,main]) started.
:app:checkKotlinGradlePluginConfigurationErrors (Thread[#1666,Execution worker Thread 14,5,main]) started.

> Task :app:checkKotlinGradlePluginConfigurationErrors SKIPPED
Skipping task ':app:checkKotlinGradlePluginConfigurationErrors' as task onlyIf 'errorDiagnostics are present' is false.
Resolve mutations for :core:loadKtlintReporters (Thread[#1666,Execution worker Thread 14,5,main]) started.
:core:loadKtlintReporters (Thread[#1666,Execution worker Thread 14,5,main]) started.

> Task :core:loadKtlintReporters UP-TO-DATE
Caching disabled for task ':core:loadKtlintReporters' because:
  Build cache is disabled
Skipping task ':core:loadKtlintReporters' as it is up-to-date.
Resolve mutations for :core:runKtlintFormatOverKotlinScripts (Thread[#1666,Execution worker Thread 14,5,main]) started.
:core:runKtlintFormatOverKotlinScripts (Thread[#1666,Execution worker Thread 14,5,main]) started.

> Task :core:runKtlintFormatOverKotlinScripts UP-TO-DATE
Caching disabled for task ':core:runKtlintFormatOverKotlinScripts' because:
  Build cache is disabled
Skipping task ':core:runKtlintFormatOverKotlinScripts' as it is up-to-date.
Resolve mutations for :core:runKtlintFormatOverAndroidTestDebugSourceSet (Thread[#1666,Execution worker Thread 14,5,main]) started.
:core:runKtlintFormatOverAndroidTestDebugSourceSet (Thread[#1666,Execution worker Thread 14,5,main]) started.

> Task :core:runKtlintFormatOverAndroidTestDebugSourceSet NO-SOURCE
file or directory '/Users/joshy/Development/Android/Warbler-Weather/core/src/androidTestDebug/kotlin', not found
file or directory '/Users/joshy/Development/Android/Warbler-Weather/core/src/androidTestDebug/java', not found
Skipping task ':core:runKtlintFormatOverAndroidTestDebugSourceSet' as it has no source files and no previous output files.
Resolve mutations for :core:ktlintAndroidTestDebugSourceSetFormat (Thread[#1666,Execution worker Thread 14,5,main]) started.
:core:ktlintAndroidTestDebugSourceSetFormat (Thread[#1666,Execution worker Thread 14,5,main]) started.

> Task :core:ktlintAndroidTestDebugSourceSetFormat SKIPPED
Skipping task ':core:ktlintAndroidTestDebugSourceSetFormat' as task onlyIf 'Task satisfies onlyIf spec' is false.
Resolve mutations for :core:runKtlintFormatOverAndroidTestReleaseSourceSet (Thread[#1666,Execution worker Thread 14,5,main]) started.
:core:runKtlintFormatOverAndroidTestReleaseSourceSet (Thread[#1666,Execution worker Thread 14,5,main]) started.

> Task :core:runKtlintFormatOverAndroidTestReleaseSourceSet NO-SOURCE
file or directory '/Users/joshy/Development/Android/Warbler-Weather/core/src/androidTestRelease/kotlin', not found
file or directory '/Users/joshy/Development/Android/Warbler-Weather/core/src/androidTestRelease/java', not found
Skipping task ':core:runKtlintFormatOverAndroidTestReleaseSourceSet' as it has no source files and no previous output files.
Resolve mutations for :core:ktlintAndroidTestReleaseSourceSetFormat (Thread[#1666,Execution worker Thread 14,5,main]) started.
:core:ktlintAndroidTestReleaseSourceSetFormat (Thread[#1666,Execution worker Thread 14,5,main]) started.

> Task :core:ktlintAndroidTestReleaseSourceSetFormat SKIPPED
Skipping task ':core:ktlintAndroidTestReleaseSourceSetFormat' as task onlyIf 'Task satisfies onlyIf spec' is false.
Resolve mutations for :core:runKtlintFormatOverAndroidTestSourceSet (Thread[#1666,Execution worker Thread 14,5,main]) started.
:core:runKtlintFormatOverAndroidTestSourceSet (Thread[#1666,Execution worker Thread 14,5,main]) started.

> Task :core:runKtlintFormatOverAndroidTestSourceSet NO-SOURCE
file or directory '/Users/joshy/Development/Android/Warbler-Weather/core/src/androidTest/kotlin', not found
file or directory '/Users/joshy/Development/Android/Warbler-Weather/core/src/androidTest/java', not found
Skipping task ':core:runKtlintFormatOverAndroidTestSourceSet' as it has no source files and no previous output files.
Resolve mutations for :core:ktlintAndroidTestSourceSetFormat (Thread[#1666,Execution worker Thread 14,5,main]) started.
:core:ktlintAndroidTestSourceSetFormat (Thread[#1666,Execution worker Thread 14,5,main]) started.

> Task :core:ktlintAndroidTestSourceSetFormat SKIPPED
Skipping task ':core:ktlintAndroidTestSourceSetFormat' as task onlyIf 'Task satisfies onlyIf spec' is false.
Resolve mutations for :core:runKtlintFormatOverDebugSourceSet (Thread[#1666,Execution worker Thread 14,5,main]) started.
:core:runKtlintFormatOverDebugSourceSet (Thread[#1666,Execution worker Thread 14,5,main]) started.

> Task :core:runKtlintFormatOverDebugSourceSet NO-SOURCE
file or directory '/Users/joshy/Development/Android/Warbler-Weather/core/src/debug/kotlin', not found
file or directory '/Users/joshy/Development/Android/Warbler-Weather/core/src/debug/java', not found
Skipping task ':core:runKtlintFormatOverDebugSourceSet' as it has no source files and no previous output files.
Resolve mutations for :core:ktlintDebugSourceSetFormat (Thread[#1666,Execution worker Thread 14,5,main]) started.
:core:ktlintDebugSourceSetFormat (Thread[#1666,Execution worker Thread 14,5,main]) started.

> Task :core:ktlintDebugSourceSetFormat SKIPPED
Skipping task ':core:ktlintDebugSourceSetFormat' as task onlyIf 'Task satisfies onlyIf spec' is false.
Resolve mutations for :core:ktlintKotlinScriptFormat (Thread[#1666,Execution worker Thread 14,5,main]) started.
:core:ktlintKotlinScriptFormat (Thread[#1666,Execution worker Thread 14,5,main]) started.

> Task :core:ktlintKotlinScriptFormat UP-TO-DATE
Caching disabled for task ':core:ktlintKotlinScriptFormat' because:
  Build cache is disabled
Skipping task ':core:ktlintKotlinScriptFormat' as it is up-to-date.
Resolve mutations for :core:runKtlintFormatOverMainSourceSet (Thread[#1666,Execution worker Thread 14,5,main]) started.
:core:runKtlintFormatOverMainSourceSet (Thread[#1666,Execution worker Thread 14,5,main]) started.

> Task :core:runKtlintFormatOverMainSourceSet UP-TO-DATE
file or directory '/Users/joshy/Development/Android/Warbler-Weather/core/src/main/kotlin', not found
Caching disabled for task ':core:runKtlintFormatOverMainSourceSet' because:
  Build cache is disabled
Skipping task ':core:runKtlintFormatOverMainSourceSet' as it is up-to-date.
Resolve mutations for :core:ktlintMainSourceSetFormat (Thread[#1666,Execution worker Thread 14,5,main]) started.
:core:ktlintMainSourceSetFormat (Thread[#1666,Execution worker Thread 14,5,main]) started.

> Task :core:ktlintMainSourceSetFormat UP-TO-DATE
Caching disabled for task ':core:ktlintMainSourceSetFormat' because:
  Build cache is disabled
Skipping task ':core:ktlintMainSourceSetFormat' as it is up-to-date.
Resolve mutations for :core:runKtlintFormatOverReleaseSourceSet (Thread[#1666,Execution worker Thread 14,5,main]) started.
:core:runKtlintFormatOverReleaseSourceSet (Thread[#1666,Execution worker Thread 14,5,main]) started.

> Task :core:runKtlintFormatOverReleaseSourceSet NO-SOURCE
file or directory '/Users/joshy/Development/Android/Warbler-Weather/core/src/release/kotlin', not found
file or directory '/Users/joshy/Development/Android/Warbler-Weather/core/src/release/java', not found
Skipping task ':core:runKtlintFormatOverReleaseSourceSet' as it has no source files and no previous output files.
Resolve mutations for :core:ktlintReleaseSourceSetFormat (Thread[#1666,Execution worker Thread 14,5,main]) started.
:core:ktlintReleaseSourceSetFormat (Thread[#1666,Execution worker Thread 14,5,main]) started.

> Task :core:ktlintReleaseSourceSetFormat SKIPPED
Skipping task ':core:ktlintReleaseSourceSetFormat' as task onlyIf 'Task satisfies onlyIf spec' is false.
Resolve mutations for :core:runKtlintFormatOverTestDebugSourceSet (Thread[#1666,Execution worker Thread 14,5,main]) started.
:core:runKtlintFormatOverTestDebugSourceSet (Thread[#1666,Execution worker Thread 14,5,main]) started.

> Task :core:runKtlintFormatOverTestDebugSourceSet NO-SOURCE
file or directory '/Users/joshy/Development/Android/Warbler-Weather/core/src/testDebug/kotlin', not found
file or directory '/Users/joshy/Development/Android/Warbler-Weather/core/src/testDebug/java', not found
Skipping task ':core:runKtlintFormatOverTestDebugSourceSet' as it has no source files and no previous output files.
Resolve mutations for :core:ktlintTestDebugSourceSetFormat (Thread[#1666,Execution worker Thread 14,5,main]) started.
:core:ktlintTestDebugSourceSetFormat (Thread[#1666,Execution worker Thread 14,5,main]) started.

> Task :core:ktlintTestDebugSourceSetFormat SKIPPED
Skipping task ':core:ktlintTestDebugSourceSetFormat' as task onlyIf 'Task satisfies onlyIf spec' is false.
Resolve mutations for :core:runKtlintFormatOverTestFixturesDebugSourceSet (Thread[#1666,Execution worker Thread 14,5,main]) started.
:core:runKtlintFormatOverTestFixturesDebugSourceSet (Thread[#1666,Execution worker Thread 14,5,main]) started.

> Task :core:runKtlintFormatOverTestFixturesDebugSourceSet NO-SOURCE
file or directory '/Users/joshy/Development/Android/Warbler-Weather/core/src/testFixturesDebug/kotlin', not found
file or directory '/Users/joshy/Development/Android/Warbler-Weather/core/src/testFixturesDebug/java', not found
Skipping task ':core:runKtlintFormatOverTestFixturesDebugSourceSet' as it has no source files and no previous output files.
Resolve mutations for :core:ktlintTestFixturesDebugSourceSetFormat (Thread[#1666,Execution worker Thread 14,5,main]) started.
:core:ktlintTestFixturesDebugSourceSetFormat (Thread[#1666,Execution worker Thread 14,5,main]) started.

> Task :core:ktlintTestFixturesDebugSourceSetFormat SKIPPED
Skipping task ':core:ktlintTestFixturesDebugSourceSetFormat' as task onlyIf 'Task satisfies onlyIf spec' is false.
Resolve mutations for :core:runKtlintFormatOverTestFixturesReleaseSourceSet (Thread[#1666,Execution worker Thread 14,5,main]) started.
:core:runKtlintFormatOverTestFixturesReleaseSourceSet (Thread[#1666,Execution worker Thread 14,5,main]) started.

> Task :core:runKtlintFormatOverTestFixturesReleaseSourceSet NO-SOURCE
file or directory '/Users/joshy/Development/Android/Warbler-Weather/core/src/testFixturesRelease/kotlin', not found
file or directory '/Users/joshy/Development/Android/Warbler-Weather/core/src/testFixturesRelease/java', not found
Skipping task ':core:runKtlintFormatOverTestFixturesReleaseSourceSet' as it has no source files and no previous output files.
Resolve mutations for :core:ktlintTestFixturesReleaseSourceSetFormat (Thread[#1666,Execution worker Thread 14,5,main]) started.
:core:ktlintTestFixturesReleaseSourceSetFormat (Thread[#1666,Execution worker Thread 14,5,main]) started.

> Task :core:ktlintTestFixturesReleaseSourceSetFormat SKIPPED
Skipping task ':core:ktlintTestFixturesReleaseSourceSetFormat' as task onlyIf 'Task satisfies onlyIf spec' is false.
Resolve mutations for :core:runKtlintFormatOverTestFixturesSourceSet (Thread[#1666,Execution worker Thread 14,5,main]) started.
:core:runKtlintFormatOverTestFixturesSourceSet (Thread[#1666,Execution worker Thread 14,5,main]) started.

> Task :core:runKtlintFormatOverTestFixturesSourceSet NO-SOURCE
file or directory '/Users/joshy/Development/Android/Warbler-Weather/core/src/testFixtures/kotlin', not found
file or directory '/Users/joshy/Development/Android/Warbler-Weather/core/src/testFixtures/java', not found
Skipping task ':core:runKtlintFormatOverTestFixturesSourceSet' as it has no source files and no previous output files.
Resolve mutations for :core:ktlintTestFixturesSourceSetFormat (Thread[#1666,Execution worker Thread 14,5,main]) started.
:core:ktlintTestFixturesSourceSetFormat (Thread[#1666,Execution worker Thread 14,5,main]) started.

> Task :core:ktlintTestFixturesSourceSetFormat SKIPPED
Skipping task ':core:ktlintTestFixturesSourceSetFormat' as task onlyIf 'Task satisfies onlyIf spec' is false.
Resolve mutations for :core:runKtlintFormatOverTestReleaseSourceSet (Thread[#1666,Execution worker Thread 14,5,main]) started.
:core:runKtlintFormatOverTestReleaseSourceSet (Thread[#1666,Execution worker Thread 14,5,main]) started.

> Task :core:runKtlintFormatOverTestReleaseSourceSet NO-SOURCE
file or directory '/Users/joshy/Development/Android/Warbler-Weather/core/src/testRelease/kotlin', not found
file or directory '/Users/joshy/Development/Android/Warbler-Weather/core/src/testRelease/java', not found
Skipping task ':core:runKtlintFormatOverTestReleaseSourceSet' as it has no source files and no previous output files.
Resolve mutations for :core:ktlintTestReleaseSourceSetFormat (Thread[#1666,Execution worker Thread 14,5,main]) started.
:core:ktlintTestReleaseSourceSetFormat (Thread[#1666,Execution worker Thread 14,5,main]) started.

> Task :core:ktlintTestReleaseSourceSetFormat SKIPPED
Skipping task ':core:ktlintTestReleaseSourceSetFormat' as task onlyIf 'Task satisfies onlyIf spec' is false.
Resolve mutations for :core:runKtlintFormatOverTestSourceSet (Thread[#1666,Execution worker Thread 14,5,main]) started.
:core:runKtlintFormatOverTestSourceSet (Thread[#1666,Execution worker Thread 14,5,main]) started.

> Task :core:runKtlintFormatOverTestSourceSet NO-SOURCE
file or directory '/Users/joshy/Development/Android/Warbler-Weather/core/src/test/kotlin', not found
file or directory '/Users/joshy/Development/Android/Warbler-Weather/core/src/test/java', not found
Skipping task ':core:runKtlintFormatOverTestSourceSet' as it has no source files and no previous output files.
Resolve mutations for :core:ktlintTestSourceSetFormat (Thread[#1666,Execution worker Thread 14,5,main]) started.
:core:ktlintTestSourceSetFormat (Thread[#1666,Execution worker Thread 14,5,main]) started.

> Task :core:ktlintTestSourceSetFormat SKIPPED
Skipping task ':core:ktlintTestSourceSetFormat' as task onlyIf 'Task satisfies onlyIf spec' is false.
Resolve mutations for :core:ktlintFormat (Thread[#1666,Execution worker Thread 14,5,main]) started.
:core:ktlintFormat (Thread[#1666,Execution worker Thread 14,5,main]) started.

> Task :core:ktlintFormat UP-TO-DATE
Skipping task ':core:ktlintFormat' as it has no actions.
Resolve mutations for :core:preBuild (Thread[#1666,Execution worker Thread 14,5,main]) started.
:core:preBuild (Thread[#1666,Execution worker Thread 14,5,main]) started.

> Task :core:preBuild UP-TO-DATE
Skipping task ':core:preBuild' as it has no actions.
Resolve mutations for :core:preDebugBuild (Thread[#1666,Execution worker Thread 14,5,main]) started.
:core:preDebugBuild (Thread[#1666,Execution worker Thread 14,5,main]) started.

> Task :core:preDebugBuild UP-TO-DATE
Skipping task ':core:preDebugBuild' as it has no actions.
Resolve mutations for :core:dataBindingMergeDependencyArtifactsDebug (Thread[#1666,Execution worker Thread 14,5,main]) started.
:core:dataBindingMergeDependencyArtifactsDebug (Thread[#1666,Execution worker Thread 14,5,main]) started.

> Task :core:dataBindingMergeDependencyArtifactsDebug UP-TO-DATE
Caching disabled for task ':core:dataBindingMergeDependencyArtifactsDebug' because:
  Build cache is disabled
  Caching has been disabled for the task
Skipping task ':core:dataBindingMergeDependencyArtifactsDebug' as it is up-to-date.
Resolve mutations for :core:generateDebugResources (Thread[#1666,Execution worker Thread 14,5,main]) started.
:core:generateDebugResources (Thread[#1666,Execution worker Thread 14,5,main]) started.

> Task :core:generateDebugResources UP-TO-DATE
Caching disabled for task ':core:generateDebugResources' because:
  Build cache is disabled
Skipping task ':core:generateDebugResources' as it is up-to-date.
Resolve mutations for :core:packageDebugResources (Thread[#1666,Execution worker Thread 14,5,main]) started.
:core:packageDebugResources (Thread[#1666,Execution worker Thread 14,5,main]) started.

> Task :core:packageDebugResources UP-TO-DATE
Caching disabled for task ':core:packageDebugResources' because:
  Build cache is disabled
Skipping task ':core:packageDebugResources' as it is up-to-date.
work action resolve packageDebugResources (project :core) (Thread[#1666,Execution worker Thread 14,5,main]) started.
Resolve mutations for :core:dataBindingGenBaseClassesDebug (Thread[#1666,Execution worker Thread 14,5,main]) started.
:core:dataBindingGenBaseClassesDebug (Thread[#1666,Execution worker Thread 14,5,main]) started.

> Task :core:dataBindingGenBaseClassesDebug UP-TO-DATE
Caching disabled for task ':core:dataBindingGenBaseClassesDebug' because:
  Build cache is disabled
Skipping task ':core:dataBindingGenBaseClassesDebug' as it is up-to-date.
work action resolve out (project :core) (Thread[#1666,Execution worker Thread 14,5,main]) started.
Resolve mutations for :core:checkKotlinGradlePluginConfigurationErrors (Thread[#1666,Execution worker Thread 14,5,main]) started.
:core:checkKotlinGradlePluginConfigurationErrors (Thread[#1666,Execution worker Thread 14,5,main]) started.

> Task :core:checkKotlinGradlePluginConfigurationErrors SKIPPED
Skipping task ':core:checkKotlinGradlePluginConfigurationErrors' as task onlyIf 'errorDiagnostics are present' is false.
Resolve mutations for :core:dataBindingTriggerDebug (Thread[#1666,Execution worker Thread 14,5,main]) started.
:core:dataBindingTriggerDebug (Thread[#1666,Execution worker Thread 14,5,main]) started.

> Task :core:dataBindingTriggerDebug UP-TO-DATE
Caching disabled for task ':core:dataBindingTriggerDebug' because:
  Build cache is disabled
  Caching has been disabled for the task
Skipping task ':core:dataBindingTriggerDebug' as it is up-to-date.
Resolve mutations for :core:processDebugNavigationResources (Thread[#1666,Execution worker Thread 14,5,main]) started.
:core:processDebugNavigationResources (Thread[#1666,Execution worker Thread 14,5,main]) started.

> Task :core:processDebugNavigationResources UP-TO-DATE
Caching disabled for task ':core:processDebugNavigationResources' because:
  Build cache is disabled
Skipping task ':core:processDebugNavigationResources' as it is up-to-date.
work action resolve debug (project :core) (Thread[#1666,Execution worker Thread 14,5,main]) started.
Resolve mutations for :core:parseDebugLocalResources (Thread[#1666,Execution worker Thread 14,5,main]) started.
:core:parseDebugLocalResources (Thread[#1666,Execution worker Thread 14,5,main]) started.

> Task :core:parseDebugLocalResources UP-TO-DATE
Caching disabled for task ':core:parseDebugLocalResources' because:
  Build cache is disabled
Skipping task ':core:parseDebugLocalResources' as it is up-to-date.
Resolve mutations for :core:generateDebugRFile (Thread[#1666,Execution worker Thread 14,5,main]) started.
:core:generateDebugRFile (Thread[#1666,Execution worker Thread 14,5,main]) started.

> Task :core:generateDebugRFile UP-TO-DATE
Caching disabled for task ':core:generateDebugRFile' because:
  Build cache is disabled
Skipping task ':core:generateDebugRFile' as it is up-to-date.
work action resolve package-aware-r.txt (project :core) (Thread[#1666,Execution worker Thread 14,5,main]) started.
work action resolve package-aware-r.txt (project :core) (Thread[#1666,Execution worker Thread 14,5,main]) started.
Resolve mutations for :core:kspDebugKotlin (Thread[#1666,Execution worker Thread 14,5,main]) started.
:core:kspDebugKotlin (Thread[#1666,Execution worker Thread 14,5,main]) started.
Resolve mutations for :feature-location:loadKtlintReporters (Thread[#1664,Execution worker Thread 12,5,main]) started.
:feature-location:loadKtlintReporters (Thread[#1664,Execution worker Thread 12,5,main]) started.

> Task :feature-location:loadKtlintReporters UP-TO-DATE
Caching disabled for task ':feature-location:loadKtlintReporters' because:
  Build cache is disabled
Skipping task ':feature-location:loadKtlintReporters' as it is up-to-date.
Resolve mutations for :feature-location:runKtlintFormatOverKotlinScripts (Thread[#1664,Execution worker Thread 12,5,main]) started.
:feature-location:runKtlintFormatOverKotlinScripts (Thread[#1664,Execution worker Thread 12,5,main]) started.

> Task :feature-location:runKtlintFormatOverKotlinScripts UP-TO-DATE
Caching disabled for task ':feature-location:runKtlintFormatOverKotlinScripts' because:
  Build cache is disabled
Skipping task ':feature-location:runKtlintFormatOverKotlinScripts' as it is up-to-date.
Resolve mutations for :feature-location:runKtlintFormatOverAndroidTestDebugSourceSet (Thread[#1664,Execution worker Thread 12,5,main]) started.
:feature-location:runKtlintFormatOverAndroidTestDebugSourceSet (Thread[#1664,Execution worker Thread 12,5,main]) started.

> Task :feature-location:runKtlintFormatOverAndroidTestDebugSourceSet NO-SOURCE
file or directory '/Users/joshy/Development/Android/Warbler-Weather/feature-location/src/androidTestDebug/kotlin', not found
file or directory '/Users/joshy/Development/Android/Warbler-Weather/feature-location/src/androidTestDebug/java', not found
Skipping task ':feature-location:runKtlintFormatOverAndroidTestDebugSourceSet' as it has no source files and no previous output files.
Resolve mutations for :feature-location:ktlintAndroidTestDebugSourceSetFormat (Thread[#1664,Execution worker Thread 12,5,main]) started.
:feature-location:ktlintAndroidTestDebugSourceSetFormat (Thread[#1664,Execution worker Thread 12,5,main]) started.

> Task :feature-location:ktlintAndroidTestDebugSourceSetFormat SKIPPED
Skipping task ':feature-location:ktlintAndroidTestDebugSourceSetFormat' as task onlyIf 'Task satisfies onlyIf spec' is false.
Resolve mutations for :feature-location:runKtlintFormatOverAndroidTestReleaseSourceSet (Thread[#1664,Execution worker Thread 12,5,main]) started.
:feature-location:runKtlintFormatOverAndroidTestReleaseSourceSet (Thread[#1654,Execution worker Thread 3,5,main]) started.

> Task :feature-location:runKtlintFormatOverAndroidTestReleaseSourceSet NO-SOURCE
file or directory '/Users/joshy/Development/Android/Warbler-Weather/feature-location/src/androidTestRelease/kotlin', not found
file or directory '/Users/joshy/Development/Android/Warbler-Weather/feature-location/src/androidTestRelease/java', not found
Skipping task ':feature-location:runKtlintFormatOverAndroidTestReleaseSourceSet' as it has no source files and no previous output files.
Resolve mutations for :feature-location:ktlintAndroidTestReleaseSourceSetFormat (Thread[#1654,Execution worker Thread 3,5,main]) started.
:feature-location:ktlintAndroidTestReleaseSourceSetFormat (Thread[#1654,Execution worker Thread 3,5,main]) started.

> Task :feature-location:ktlintAndroidTestReleaseSourceSetFormat SKIPPED
Skipping task ':feature-location:ktlintAndroidTestReleaseSourceSetFormat' as task onlyIf 'Task satisfies onlyIf spec' is false.
Resolve mutations for :feature-location:runKtlintFormatOverAndroidTestSourceSet (Thread[#1654,Execution worker Thread 3,5,main]) started.
:feature-location:runKtlintFormatOverAndroidTestSourceSet (Thread[#1654,Execution worker Thread 3,5,main]) started.

> Task :feature-location:runKtlintFormatOverAndroidTestSourceSet NO-SOURCE
file or directory '/Users/joshy/Development/Android/Warbler-Weather/feature-location/src/androidTest/kotlin', not found
file or directory '/Users/joshy/Development/Android/Warbler-Weather/feature-location/src/androidTest/java', not found
Skipping task ':feature-location:runKtlintFormatOverAndroidTestSourceSet' as it has no source files and no previous output files.
Resolve mutations for :feature-location:ktlintAndroidTestSourceSetFormat (Thread[#1654,Execution worker Thread 3,5,main]) started.
:feature-location:ktlintAndroidTestSourceSetFormat (Thread[#1654,Execution worker Thread 3,5,main]) started.

> Task :feature-location:ktlintAndroidTestSourceSetFormat SKIPPED
Skipping task ':feature-location:ktlintAndroidTestSourceSetFormat' as task onlyIf 'Task satisfies onlyIf spec' is false.
Resolve mutations for :feature-location:runKtlintFormatOverDebugSourceSet (Thread[#1653,Execution worker Thread 2,5,main]) started.
:feature-location:runKtlintFormatOverDebugSourceSet (Thread[#1653,Execution worker Thread 2,5,main]) started.

> Task :feature-location:runKtlintFormatOverDebugSourceSet NO-SOURCE
file or directory '/Users/joshy/Development/Android/Warbler-Weather/feature-location/src/debug/kotlin', not found
file or directory '/Users/joshy/Development/Android/Warbler-Weather/feature-location/src/debug/java', not found
Skipping task ':feature-location:runKtlintFormatOverDebugSourceSet' as it has no source files and no previous output files.
Resolve mutations for :feature-location:ktlintDebugSourceSetFormat (Thread[#1653,Execution worker Thread 2,5,main]) started.
:feature-location:ktlintDebugSourceSetFormat (Thread[#1653,Execution worker Thread 2,5,main]) started.

> Task :feature-location:ktlintDebugSourceSetFormat SKIPPED
Skipping task ':feature-location:ktlintDebugSourceSetFormat' as task onlyIf 'Task satisfies onlyIf spec' is false.
Resolve mutations for :feature-location:ktlintKotlinScriptFormat (Thread[#1653,Execution worker Thread 2,5,main]) started.
:feature-location:ktlintKotlinScriptFormat (Thread[#1653,Execution worker Thread 2,5,main]) started.

> Task :feature-location:ktlintKotlinScriptFormat UP-TO-DATE
Caching disabled for task ':feature-location:ktlintKotlinScriptFormat' because:
  Build cache is disabled
Skipping task ':feature-location:ktlintKotlinScriptFormat' as it is up-to-date.
Resolve mutations for :feature-location:runKtlintFormatOverMainSourceSet (Thread[#1653,Execution worker Thread 2,5,main]) started.
:feature-location:runKtlintFormatOverMainSourceSet (Thread[#1653,Execution worker Thread 2,5,main]) started.

> Task :feature-location:runKtlintFormatOverMainSourceSet UP-TO-DATE
file or directory '/Users/joshy/Development/Android/Warbler-Weather/feature-location/src/main/kotlin', not found
Caching disabled for task ':feature-location:runKtlintFormatOverMainSourceSet' because:
  Build cache is disabled
Skipping task ':feature-location:runKtlintFormatOverMainSourceSet' as it is up-to-date.
Resolve mutations for :feature-location:ktlintMainSourceSetFormat (Thread[#1653,Execution worker Thread 2,5,main]) started.
:feature-location:ktlintMainSourceSetFormat (Thread[#1653,Execution worker Thread 2,5,main]) started.

> Task :feature-location:ktlintMainSourceSetFormat UP-TO-DATE
Caching disabled for task ':feature-location:ktlintMainSourceSetFormat' because:
  Build cache is disabled
Skipping task ':feature-location:ktlintMainSourceSetFormat' as it is up-to-date.
Resolve mutations for :feature-location:runKtlintFormatOverReleaseSourceSet (Thread[#1653,Execution worker Thread 2,5,main]) started.
:feature-location:runKtlintFormatOverReleaseSourceSet (Thread[#1653,Execution worker Thread 2,5,main]) started.

> Task :feature-location:runKtlintFormatOverReleaseSourceSet NO-SOURCE
file or directory '/Users/joshy/Development/Android/Warbler-Weather/feature-location/src/release/kotlin', not found
file or directory '/Users/joshy/Development/Android/Warbler-Weather/feature-location/src/release/java', not found
Skipping task ':feature-location:runKtlintFormatOverReleaseSourceSet' as it has no source files and no previous output files.
Resolve mutations for :feature-location:ktlintReleaseSourceSetFormat (Thread[#1653,Execution worker Thread 2,5,main]) started.
:feature-location:ktlintReleaseSourceSetFormat (Thread[#1653,Execution worker Thread 2,5,main]) started.

> Task :feature-location:ktlintReleaseSourceSetFormat SKIPPED
Skipping task ':feature-location:ktlintReleaseSourceSetFormat' as task onlyIf 'Task satisfies onlyIf spec' is false.
Resolve mutations for :feature-location:runKtlintFormatOverTestDebugSourceSet (Thread[#1653,Execution worker Thread 2,5,main]) started.
:feature-location:runKtlintFormatOverTestDebugSourceSet (Thread[#1653,Execution worker Thread 2,5,main]) started.

> Task :feature-location:runKtlintFormatOverTestDebugSourceSet NO-SOURCE
file or directory '/Users/joshy/Development/Android/Warbler-Weather/feature-location/src/testDebug/kotlin', not found
file or directory '/Users/joshy/Development/Android/Warbler-Weather/feature-location/src/testDebug/java', not found
Skipping task ':feature-location:runKtlintFormatOverTestDebugSourceSet' as it has no source files and no previous output files.
Resolve mutations for :feature-location:ktlintTestDebugSourceSetFormat (Thread[#1653,Execution worker Thread 2,5,main]) started.
:feature-location:ktlintTestDebugSourceSetFormat (Thread[#1653,Execution worker Thread 2,5,main]) started.

> Task :feature-location:ktlintTestDebugSourceSetFormat SKIPPED
Skipping task ':feature-location:ktlintTestDebugSourceSetFormat' as task onlyIf 'Task satisfies onlyIf spec' is false.
Resolve mutations for :feature-location:runKtlintFormatOverTestFixturesDebugSourceSet (Thread[#1653,Execution worker Thread 2,5,main]) started.
:feature-location:runKtlintFormatOverTestFixturesDebugSourceSet (Thread[#1653,Execution worker Thread 2,5,main]) started.

> Task :feature-location:runKtlintFormatOverTestFixturesDebugSourceSet NO-SOURCE
file or directory '/Users/joshy/Development/Android/Warbler-Weather/feature-location/src/testFixturesDebug/kotlin', not found
file or directory '/Users/joshy/Development/Android/Warbler-Weather/feature-location/src/testFixturesDebug/java', not found
Skipping task ':feature-location:runKtlintFormatOverTestFixturesDebugSourceSet' as it has no source files and no previous output files.
Resolve mutations for :feature-location:ktlintTestFixturesDebugSourceSetFormat (Thread[#1653,Execution worker Thread 2,5,main]) started.
:feature-location:ktlintTestFixturesDebugSourceSetFormat (Thread[#1653,Execution worker Thread 2,5,main]) started.

> Task :feature-location:ktlintTestFixturesDebugSourceSetFormat SKIPPED
Skipping task ':feature-location:ktlintTestFixturesDebugSourceSetFormat' as task onlyIf 'Task satisfies onlyIf spec' is false.
Resolve mutations for :feature-location:runKtlintFormatOverTestFixturesReleaseSourceSet (Thread[#1653,Execution worker Thread 2,5,main]) started.
:feature-location:runKtlintFormatOverTestFixturesReleaseSourceSet (Thread[#1653,Execution worker Thread 2,5,main]) started.

> Task :feature-location:runKtlintFormatOverTestFixturesReleaseSourceSet NO-SOURCE
file or directory '/Users/joshy/Development/Android/Warbler-Weather/feature-location/src/testFixturesRelease/kotlin', not found
file or directory '/Users/joshy/Development/Android/Warbler-Weather/feature-location/src/testFixturesRelease/java', not found
Skipping task ':feature-location:runKtlintFormatOverTestFixturesReleaseSourceSet' as it has no source files and no previous output files.
Resolve mutations for :feature-location:ktlintTestFixturesReleaseSourceSetFormat (Thread[#1653,Execution worker Thread 2,5,main]) started.
:feature-location:ktlintTestFixturesReleaseSourceSetFormat (Thread[#1653,Execution worker Thread 2,5,main]) started.

> Task :feature-location:ktlintTestFixturesReleaseSourceSetFormat SKIPPED
Skipping task ':feature-location:ktlintTestFixturesReleaseSourceSetFormat' as task onlyIf 'Task satisfies onlyIf spec' is false.
Resolve mutations for :feature-location:runKtlintFormatOverTestFixturesSourceSet (Thread[#1653,Execution worker Thread 2,5,main]) started.
:feature-location:runKtlintFormatOverTestFixturesSourceSet (Thread[#1653,Execution worker Thread 2,5,main]) started.

> Task :feature-location:runKtlintFormatOverTestFixturesSourceSet NO-SOURCE
file or directory '/Users/joshy/Development/Android/Warbler-Weather/feature-location/src/testFixtures/kotlin', not found
file or directory '/Users/joshy/Development/Android/Warbler-Weather/feature-location/src/testFixtures/java', not found
Skipping task ':feature-location:runKtlintFormatOverTestFixturesSourceSet' as it has no source files and no previous output files.
Resolve mutations for :feature-location:ktlintTestFixturesSourceSetFormat (Thread[#1653,Execution worker Thread 2,5,main]) started.
:feature-location:ktlintTestFixturesSourceSetFormat (Thread[#1653,Execution worker Thread 2,5,main]) started.

> Task :feature-location:ktlintTestFixturesSourceSetFormat SKIPPED
Skipping task ':feature-location:ktlintTestFixturesSourceSetFormat' as task onlyIf 'Task satisfies onlyIf spec' is false.
Resolve mutations for :feature-location:runKtlintFormatOverTestReleaseSourceSet (Thread[#1653,Execution worker Thread 2,5,main]) started.
:feature-location:runKtlintFormatOverTestReleaseSourceSet (Thread[#1653,Execution worker Thread 2,5,main]) started.

> Task :feature-location:runKtlintFormatOverTestReleaseSourceSet NO-SOURCE
file or directory '/Users/joshy/Development/Android/Warbler-Weather/feature-location/src/testRelease/kotlin', not found
file or directory '/Users/joshy/Development/Android/Warbler-Weather/feature-location/src/testRelease/java', not found
Skipping task ':feature-location:runKtlintFormatOverTestReleaseSourceSet' as it has no source files and no previous output files.
Resolve mutations for :feature-location:ktlintTestReleaseSourceSetFormat (Thread[#1653,Execution worker Thread 2,5,main]) started.
:feature-location:ktlintTestReleaseSourceSetFormat (Thread[#1653,Execution worker Thread 2,5,main]) started.

> Task :feature-location:ktlintTestReleaseSourceSetFormat SKIPPED
Skipping task ':feature-location:ktlintTestReleaseSourceSetFormat' as task onlyIf 'Task satisfies onlyIf spec' is false.
Resolve mutations for :feature-location:runKtlintFormatOverTestSourceSet (Thread[#1653,Execution worker Thread 2,5,main]) started.
:feature-location:runKtlintFormatOverTestSourceSet (Thread[#1653,Execution worker Thread 2,5,main]) started.

> Task :feature-location:runKtlintFormatOverTestSourceSet NO-SOURCE
file or directory '/Users/joshy/Development/Android/Warbler-Weather/feature-location/src/test/kotlin', not found
file or directory '/Users/joshy/Development/Android/Warbler-Weather/feature-location/src/test/java', not found
Skipping task ':feature-location:runKtlintFormatOverTestSourceSet' as it has no source files and no previous output files.
Resolve mutations for :feature-location:ktlintTestSourceSetFormat (Thread[#1653,Execution worker Thread 2,5,main]) started.
:feature-location:ktlintTestSourceSetFormat (Thread[#1653,Execution worker Thread 2,5,main]) started.

> Task :feature-location:ktlintTestSourceSetFormat SKIPPED
Skipping task ':feature-location:ktlintTestSourceSetFormat' as task onlyIf 'Task satisfies onlyIf spec' is false.
Resolve mutations for :feature-location:ktlintFormat (Thread[#1653,Execution worker Thread 2,5,main]) started.
:feature-location:ktlintFormat (Thread[#1653,Execution worker Thread 2,5,main]) started.

> Task :feature-location:ktlintFormat UP-TO-DATE
Skipping task ':feature-location:ktlintFormat' as it has no actions.
Resolve mutations for :feature-location:preBuild (Thread[#1653,Execution worker Thread 2,5,main]) started.
:feature-location:preBuild (Thread[#1653,Execution worker Thread 2,5,main]) started.

> Task :feature-location:preBuild UP-TO-DATE
Skipping task ':feature-location:preBuild' as it has no actions.
Resolve mutations for :feature-location:preDebugBuild (Thread[#1653,Execution worker Thread 2,5,main]) started.
:feature-location:preDebugBuild (Thread[#1653,Execution worker Thread 2,5,main]) started.

> Task :feature-location:preDebugBuild UP-TO-DATE
Skipping task ':feature-location:preDebugBuild' as it has no actions.
Resolve mutations for :feature-location:generateDebugResources (Thread[#1653,Execution worker Thread 2,5,main]) started.
:feature-location:generateDebugResources (Thread[#1653,Execution worker Thread 2,5,main]) started.

> Task :feature-location:generateDebugResources UP-TO-DATE
Caching disabled for task ':feature-location:generateDebugResources' because:
  Build cache is disabled
Skipping task ':feature-location:generateDebugResources' as it is up-to-date.
Resolve mutations for :feature-location:packageDebugResources (Thread[#1653,Execution worker Thread 2,5,main]) started.
:feature-location:packageDebugResources (Thread[#1653,Execution worker Thread 2,5,main]) started.

> Task :feature-location:packageDebugResources UP-TO-DATE
Caching disabled for task ':feature-location:packageDebugResources' because:
  Build cache is disabled
Skipping task ':feature-location:packageDebugResources' as it is up-to-date.
work action resolve packageDebugResources (project :feature-location) (Thread[#1653,Execution worker Thread 2,5,main]) started.
Resolve mutations for :core:javaPreCompileDebug (Thread[#1653,Execution worker Thread 2,5,main]) started.
:core:javaPreCompileDebug (Thread[#1653,Execution worker Thread 2,5,main]) started.

> Task :core:javaPreCompileDebug UP-TO-DATE
Caching disabled for task ':core:javaPreCompileDebug' because:
  Build cache is disabled
Skipping task ':core:javaPreCompileDebug' as it is up-to-date.
Resolve mutations for :feature-location:checkKotlinGradlePluginConfigurationErrors (Thread[#1653,Execution worker Thread 2,5,main]) started.
:feature-location:checkKotlinGradlePluginConfigurationErrors (Thread[#1653,Execution worker Thread 2,5,main]) started.

> Task :feature-location:checkKotlinGradlePluginConfigurationErrors SKIPPED
Skipping task ':feature-location:checkKotlinGradlePluginConfigurationErrors' as task onlyIf 'errorDiagnostics are present' is false.
Resolve mutations for :feature-location:dataBindingTriggerDebug (Thread[#1653,Execution worker Thread 2,5,main]) started.
:feature-location:dataBindingTriggerDebug (Thread[#1653,Execution worker Thread 2,5,main]) started.

> Task :feature-location:dataBindingTriggerDebug UP-TO-DATE
Caching disabled for task ':feature-location:dataBindingTriggerDebug' because:
  Build cache is disabled
  Caching has been disabled for the task
Skipping task ':feature-location:dataBindingTriggerDebug' as it is up-to-date.
Resolve mutations for :feature-location:processDebugNavigationResources (Thread[#1653,Execution worker Thread 2,5,main]) started.
:feature-location:processDebugNavigationResources (Thread[#1653,Execution worker Thread 2,5,main]) started.

> Task :feature-location:processDebugNavigationResources UP-TO-DATE
Caching disabled for task ':feature-location:processDebugNavigationResources' because:
  Build cache is disabled
Skipping task ':feature-location:processDebugNavigationResources' as it is up-to-date.
work action resolve debug (project :feature-location) (Thread[#1653,Execution worker Thread 2,5,main]) started.
Resolve mutations for :feature-location:parseDebugLocalResources (Thread[#1653,Execution worker Thread 2,5,main]) started.
:feature-location:parseDebugLocalResources (Thread[#1653,Execution worker Thread 2,5,main]) started.

> Task :feature-location:parseDebugLocalResources UP-TO-DATE
Caching disabled for task ':feature-location:parseDebugLocalResources' because:
  Build cache is disabled
Skipping task ':feature-location:parseDebugLocalResources' as it is up-to-date.
Resolve mutations for :feature-location:generateDebugRFile (Thread[#1653,Execution worker Thread 2,5,main]) started.
:feature-location:generateDebugRFile (Thread[#1653,Execution worker Thread 2,5,main]) started.

> Task :feature-location:generateDebugRFile UP-TO-DATE
Caching disabled for task ':feature-location:generateDebugRFile' because:
  Build cache is disabled
Skipping task ':feature-location:generateDebugRFile' as it is up-to-date.
work action resolve package-aware-r.txt (project :feature-location) (Thread[#1653,Execution worker Thread 2,5,main]) started.
work action resolve package-aware-r.txt (project :feature-location) (Thread[#1653,Execution worker Thread 2,5,main]) started.
Resolve mutations for :feature-settings:loadKtlintReporters (Thread[#1653,Execution worker Thread 2,5,main]) started.
:feature-settings:loadKtlintReporters (Thread[#1653,Execution worker Thread 2,5,main]) started.

> Task :feature-settings:loadKtlintReporters UP-TO-DATE
Caching disabled for task ':feature-settings:loadKtlintReporters' because:
  Build cache is disabled
Skipping task ':feature-settings:loadKtlintReporters' as it is up-to-date.
Resolve mutations for :feature-settings:runKtlintFormatOverKotlinScripts (Thread[#1653,Execution worker Thread 2,5,main]) started.
:feature-settings:runKtlintFormatOverKotlinScripts (Thread[#1653,Execution worker Thread 2,5,main]) started.

> Task :feature-settings:runKtlintFormatOverKotlinScripts UP-TO-DATE
Caching disabled for task ':feature-settings:runKtlintFormatOverKotlinScripts' because:
  Build cache is disabled
Skipping task ':feature-settings:runKtlintFormatOverKotlinScripts' as it is up-to-date.
Resolve mutations for :feature-settings:runKtlintFormatOverAndroidTestDebugSourceSet (Thread[#1653,Execution worker Thread 2,5,main]) started.
:feature-settings:runKtlintFormatOverAndroidTestDebugSourceSet (Thread[#1653,Execution worker Thread 2,5,main]) started.

> Task :feature-settings:runKtlintFormatOverAndroidTestDebugSourceSet NO-SOURCE
file or directory '/Users/joshy/Development/Android/Warbler-Weather/feature-settings/src/androidTestDebug/kotlin', not found
file or directory '/Users/joshy/Development/Android/Warbler-Weather/feature-settings/src/androidTestDebug/java', not found
Skipping task ':feature-settings:runKtlintFormatOverAndroidTestDebugSourceSet' as it has no source files and no previous output files.
Resolve mutations for :feature-settings:ktlintAndroidTestDebugSourceSetFormat (Thread[#1653,Execution worker Thread 2,5,main]) started.
:feature-settings:ktlintAndroidTestDebugSourceSetFormat (Thread[#1653,Execution worker Thread 2,5,main]) started.

> Task :feature-settings:ktlintAndroidTestDebugSourceSetFormat SKIPPED
Skipping task ':feature-settings:ktlintAndroidTestDebugSourceSetFormat' as task onlyIf 'Task satisfies onlyIf spec' is false.
Resolve mutations for :feature-settings:runKtlintFormatOverAndroidTestReleaseSourceSet (Thread[#1653,Execution worker Thread 2,5,main]) started.
:feature-settings:runKtlintFormatOverAndroidTestReleaseSourceSet (Thread[#1653,Execution worker Thread 2,5,main]) started.

> Task :feature-settings:runKtlintFormatOverAndroidTestReleaseSourceSet NO-SOURCE
file or directory '/Users/joshy/Development/Android/Warbler-Weather/feature-settings/src/androidTestRelease/kotlin', not found
file or directory '/Users/joshy/Development/Android/Warbler-Weather/feature-settings/src/androidTestRelease/java', not found
Skipping task ':feature-settings:runKtlintFormatOverAndroidTestReleaseSourceSet' as it has no source files and no previous output files.
Resolve mutations for :feature-settings:ktlintAndroidTestReleaseSourceSetFormat (Thread[#1653,Execution worker Thread 2,5,main]) started.
:feature-settings:ktlintAndroidTestReleaseSourceSetFormat (Thread[#1653,Execution worker Thread 2,5,main]) started.

> Task :feature-settings:ktlintAndroidTestReleaseSourceSetFormat SKIPPED
Skipping task ':feature-settings:ktlintAndroidTestReleaseSourceSetFormat' as task onlyIf 'Task satisfies onlyIf spec' is false.
Resolve mutations for :feature-settings:runKtlintFormatOverAndroidTestSourceSet (Thread[#1653,Execution worker Thread 2,5,main]) started.
:feature-settings:runKtlintFormatOverAndroidTestSourceSet (Thread[#1653,Execution worker Thread 2,5,main]) started.

> Task :feature-settings:runKtlintFormatOverAndroidTestSourceSet NO-SOURCE
file or directory '/Users/joshy/Development/Android/Warbler-Weather/feature-settings/src/androidTest/kotlin', not found
file or directory '/Users/joshy/Development/Android/Warbler-Weather/feature-settings/src/androidTest/java', not found
Skipping task ':feature-settings:runKtlintFormatOverAndroidTestSourceSet' as it has no source files and no previous output files.
Resolve mutations for :feature-settings:ktlintAndroidTestSourceSetFormat (Thread[#1653,Execution worker Thread 2,5,main]) started.
:feature-settings:ktlintAndroidTestSourceSetFormat (Thread[#1653,Execution worker Thread 2,5,main]) started.

> Task :feature-settings:ktlintAndroidTestSourceSetFormat SKIPPED
Skipping task ':feature-settings:ktlintAndroidTestSourceSetFormat' as task onlyIf 'Task satisfies onlyIf spec' is false.
Resolve mutations for :feature-settings:runKtlintFormatOverDebugSourceSet (Thread[#1653,Execution worker Thread 2,5,main]) started.
:feature-settings:runKtlintFormatOverDebugSourceSet (Thread[#1653,Execution worker Thread 2,5,main]) started.

> Task :feature-settings:runKtlintFormatOverDebugSourceSet NO-SOURCE
file or directory '/Users/joshy/Development/Android/Warbler-Weather/feature-settings/src/debug/kotlin', not found
file or directory '/Users/joshy/Development/Android/Warbler-Weather/feature-settings/src/debug/java', not found
Skipping task ':feature-settings:runKtlintFormatOverDebugSourceSet' as it has no source files and no previous output files.
Resolve mutations for :feature-settings:ktlintDebugSourceSetFormat (Thread[#1653,Execution worker Thread 2,5,main]) started.
:feature-settings:ktlintDebugSourceSetFormat (Thread[#1653,Execution worker Thread 2,5,main]) started.

> Task :feature-settings:ktlintDebugSourceSetFormat SKIPPED
Skipping task ':feature-settings:ktlintDebugSourceSetFormat' as task onlyIf 'Task satisfies onlyIf spec' is false.
Resolve mutations for :feature-settings:ktlintKotlinScriptFormat (Thread[#1653,Execution worker Thread 2,5,main]) started.
:feature-settings:ktlintKotlinScriptFormat (Thread[#1653,Execution worker Thread 2,5,main]) started.

> Task :feature-settings:ktlintKotlinScriptFormat UP-TO-DATE
Caching disabled for task ':feature-settings:ktlintKotlinScriptFormat' because:
  Build cache is disabled
Skipping task ':feature-settings:ktlintKotlinScriptFormat' as it is up-to-date.
Resolve mutations for :feature-settings:runKtlintFormatOverMainSourceSet (Thread[#1653,Execution worker Thread 2,5,main]) started.
:feature-settings:runKtlintFormatOverMainSourceSet (Thread[#1653,Execution worker Thread 2,5,main]) started.

> Task :feature-settings:runKtlintFormatOverMainSourceSet UP-TO-DATE
file or directory '/Users/joshy/Development/Android/Warbler-Weather/feature-settings/src/main/kotlin', not found
Caching disabled for task ':feature-settings:runKtlintFormatOverMainSourceSet' because:
  Build cache is disabled
Skipping task ':feature-settings:runKtlintFormatOverMainSourceSet' as it is up-to-date.
Resolve mutations for :feature-settings:ktlintMainSourceSetFormat (Thread[#1653,Execution worker Thread 2,5,main]) started.
:feature-settings:ktlintMainSourceSetFormat (Thread[#1653,Execution worker Thread 2,5,main]) started.

> Task :feature-settings:ktlintMainSourceSetFormat UP-TO-DATE
Caching disabled for task ':feature-settings:ktlintMainSourceSetFormat' because:
  Build cache is disabled
Skipping task ':feature-settings:ktlintMainSourceSetFormat' as it is up-to-date.
Resolve mutations for :feature-settings:runKtlintFormatOverReleaseSourceSet (Thread[#1653,Execution worker Thread 2,5,main]) started.
:feature-settings:runKtlintFormatOverReleaseSourceSet (Thread[#1653,Execution worker Thread 2,5,main]) started.

> Task :feature-settings:runKtlintFormatOverReleaseSourceSet NO-SOURCE
file or directory '/Users/joshy/Development/Android/Warbler-Weather/feature-settings/src/release/kotlin', not found
file or directory '/Users/joshy/Development/Android/Warbler-Weather/feature-settings/src/release/java', not found
Skipping task ':feature-settings:runKtlintFormatOverReleaseSourceSet' as it has no source files and no previous output files.
Resolve mutations for :feature-settings:ktlintReleaseSourceSetFormat (Thread[#1653,Execution worker Thread 2,5,main]) started.
:feature-settings:ktlintReleaseSourceSetFormat (Thread[#1653,Execution worker Thread 2,5,main]) started.

> Task :feature-settings:ktlintReleaseSourceSetFormat SKIPPED
Skipping task ':feature-settings:ktlintReleaseSourceSetFormat' as task onlyIf 'Task satisfies onlyIf spec' is false.
Resolve mutations for :feature-settings:runKtlintFormatOverTestDebugSourceSet (Thread[#1653,Execution worker Thread 2,5,main]) started.
:feature-settings:runKtlintFormatOverTestDebugSourceSet (Thread[#1653,Execution worker Thread 2,5,main]) started.

> Task :feature-settings:runKtlintFormatOverTestDebugSourceSet NO-SOURCE
file or directory '/Users/joshy/Development/Android/Warbler-Weather/feature-settings/src/testDebug/kotlin', not found
file or directory '/Users/joshy/Development/Android/Warbler-Weather/feature-settings/src/testDebug/java', not found
Skipping task ':feature-settings:runKtlintFormatOverTestDebugSourceSet' as it has no source files and no previous output files.
Resolve mutations for :feature-settings:ktlintTestDebugSourceSetFormat (Thread[#1653,Execution worker Thread 2,5,main]) started.
:feature-settings:ktlintTestDebugSourceSetFormat (Thread[#1653,Execution worker Thread 2,5,main]) started.

> Task :feature-settings:ktlintTestDebugSourceSetFormat SKIPPED
Skipping task ':feature-settings:ktlintTestDebugSourceSetFormat' as task onlyIf 'Task satisfies onlyIf spec' is false.
Resolve mutations for :feature-settings:runKtlintFormatOverTestFixturesDebugSourceSet (Thread[#1654,Execution worker Thread 3,5,main]) started.
:feature-settings:runKtlintFormatOverTestFixturesDebugSourceSet (Thread[#1654,Execution worker Thread 3,5,main]) started.

> Task :feature-settings:runKtlintFormatOverTestFixturesDebugSourceSet NO-SOURCE
file or directory '/Users/joshy/Development/Android/Warbler-Weather/feature-settings/src/testFixturesDebug/kotlin', not found
file or directory '/Users/joshy/Development/Android/Warbler-Weather/feature-settings/src/testFixturesDebug/java', not found
Skipping task ':feature-settings:runKtlintFormatOverTestFixturesDebugSourceSet' as it has no source files and no previous output files.
Resolve mutations for :feature-settings:ktlintTestFixturesDebugSourceSetFormat (Thread[#1654,Execution worker Thread 3,5,main]) started.
:feature-settings:ktlintTestFixturesDebugSourceSetFormat (Thread[#1665,Execution worker Thread 13,5,main]) started.

> Task :feature-settings:ktlintTestFixturesDebugSourceSetFormat SKIPPED
Skipping task ':feature-settings:ktlintTestFixturesDebugSourceSetFormat' as task onlyIf 'Task satisfies onlyIf spec' is false.
Resolve mutations for :feature-settings:runKtlintFormatOverTestFixturesReleaseSourceSet (Thread[#1665,Execution worker Thread 13,5,main]) started.
:feature-settings:runKtlintFormatOverTestFixturesReleaseSourceSet (Thread[#1665,Execution worker Thread 13,5,main]) started.

> Task :feature-settings:runKtlintFormatOverTestFixturesReleaseSourceSet NO-SOURCE
file or directory '/Users/joshy/Development/Android/Warbler-Weather/feature-settings/src/testFixturesRelease/kotlin', not found
file or directory '/Users/joshy/Development/Android/Warbler-Weather/feature-settings/src/testFixturesRelease/java', not found
Skipping task ':feature-settings:runKtlintFormatOverTestFixturesReleaseSourceSet' as it has no source files and no previous output files.
Resolve mutations for :feature-settings:ktlintTestFixturesReleaseSourceSetFormat (Thread[#1665,Execution worker Thread 13,5,main]) started.
:feature-settings:ktlintTestFixturesReleaseSourceSetFormat (Thread[#1665,Execution worker Thread 13,5,main]) started.

> Task :feature-settings:ktlintTestFixturesReleaseSourceSetFormat SKIPPED
Skipping task ':feature-settings:ktlintTestFixturesReleaseSourceSetFormat' as task onlyIf 'Task satisfies onlyIf spec' is false.
Resolve mutations for :feature-settings:runKtlintFormatOverTestFixturesSourceSet (Thread[#1665,Execution worker Thread 13,5,main]) started.
:feature-settings:runKtlintFormatOverTestFixturesSourceSet (Thread[#1665,Execution worker Thread 13,5,main]) started.

> Task :feature-settings:runKtlintFormatOverTestFixturesSourceSet NO-SOURCE
file or directory '/Users/joshy/Development/Android/Warbler-Weather/feature-settings/src/testFixtures/kotlin', not found
file or directory '/Users/joshy/Development/Android/Warbler-Weather/feature-settings/src/testFixtures/java', not found
Skipping task ':feature-settings:runKtlintFormatOverTestFixturesSourceSet' as it has no source files and no previous output files.
Resolve mutations for :feature-settings:ktlintTestFixturesSourceSetFormat (Thread[#1665,Execution worker Thread 13,5,main]) started.
:feature-settings:ktlintTestFixturesSourceSetFormat (Thread[#1665,Execution worker Thread 13,5,main]) started.

> Task :feature-settings:ktlintTestFixturesSourceSetFormat SKIPPED
Skipping task ':feature-settings:ktlintTestFixturesSourceSetFormat' as task onlyIf 'Task satisfies onlyIf spec' is false.
Resolve mutations for :feature-settings:runKtlintFormatOverTestReleaseSourceSet (Thread[#1667,Execution worker Thread 15,5,main]) started.
:feature-settings:runKtlintFormatOverTestReleaseSourceSet (Thread[#1667,Execution worker Thread 15,5,main]) started.

> Task :feature-settings:runKtlintFormatOverTestReleaseSourceSet NO-SOURCE
file or directory '/Users/joshy/Development/Android/Warbler-Weather/feature-settings/src/testRelease/kotlin', not found
file or directory '/Users/joshy/Development/Android/Warbler-Weather/feature-settings/src/testRelease/java', not found
Skipping task ':feature-settings:runKtlintFormatOverTestReleaseSourceSet' as it has no source files and no previous output files.
Resolve mutations for :feature-settings:ktlintTestReleaseSourceSetFormat (Thread[#1667,Execution worker Thread 15,5,main]) started.
:feature-settings:ktlintTestReleaseSourceSetFormat (Thread[#1667,Execution worker Thread 15,5,main]) started.

> Task :feature-settings:ktlintTestReleaseSourceSetFormat SKIPPED
Skipping task ':feature-settings:ktlintTestReleaseSourceSetFormat' as task onlyIf 'Task satisfies onlyIf spec' is false.
Resolve mutations for :feature-settings:runKtlintFormatOverTestSourceSet (Thread[#1667,Execution worker Thread 15,5,main]) started.
:feature-settings:runKtlintFormatOverTestSourceSet (Thread[#1667,Execution worker Thread 15,5,main]) started.

> Task :feature-settings:runKtlintFormatOverTestSourceSet NO-SOURCE
file or directory '/Users/joshy/Development/Android/Warbler-Weather/feature-settings/src/test/kotlin', not found
file or directory '/Users/joshy/Development/Android/Warbler-Weather/feature-settings/src/test/java', not found
Skipping task ':feature-settings:runKtlintFormatOverTestSourceSet' as it has no source files and no previous output files.
Resolve mutations for :feature-settings:ktlintTestSourceSetFormat (Thread[#1667,Execution worker Thread 15,5,main]) started.
:feature-settings:ktlintTestSourceSetFormat (Thread[#1667,Execution worker Thread 15,5,main]) started.

> Task :feature-settings:ktlintTestSourceSetFormat SKIPPED
Skipping task ':feature-settings:ktlintTestSourceSetFormat' as task onlyIf 'Task satisfies onlyIf spec' is false.
Resolve mutations for :feature-settings:ktlintFormat (Thread[#1667,Execution worker Thread 15,5,main]) started.
:feature-settings:ktlintFormat (Thread[#1667,Execution worker Thread 15,5,main]) started.

> Task :feature-settings:ktlintFormat UP-TO-DATE
Skipping task ':feature-settings:ktlintFormat' as it has no actions.
Resolve mutations for :feature-settings:preBuild (Thread[#1667,Execution worker Thread 15,5,main]) started.
:feature-settings:preBuild (Thread[#1667,Execution worker Thread 15,5,main]) started.

> Task :feature-settings:preBuild UP-TO-DATE
Skipping task ':feature-settings:preBuild' as it has no actions.
Resolve mutations for :feature-settings:preDebugBuild (Thread[#1667,Execution worker Thread 15,5,main]) started.
:feature-settings:preDebugBuild (Thread[#1667,Execution worker Thread 15,5,main]) started.

> Task :feature-settings:preDebugBuild UP-TO-DATE
Skipping task ':feature-settings:preDebugBuild' as it has no actions.
Resolve mutations for :feature-settings:generateDebugResources (Thread[#1667,Execution worker Thread 15,5,main]) started.
:feature-settings:generateDebugResources (Thread[#1667,Execution worker Thread 15,5,main]) started.

> Task :feature-settings:generateDebugResources UP-TO-DATE
Caching disabled for task ':feature-settings:generateDebugResources' because:
  Build cache is disabled
Skipping task ':feature-settings:generateDebugResources' as it is up-to-date.
Resolve mutations for :feature-settings:packageDebugResources (Thread[#1667,Execution worker Thread 15,5,main]) started.
:feature-settings:packageDebugResources (Thread[#1667,Execution worker Thread 15,5,main]) started.

> Task :feature-settings:packageDebugResources UP-TO-DATE
Caching disabled for task ':feature-settings:packageDebugResources' because:
  Build cache is disabled
Skipping task ':feature-settings:packageDebugResources' as it is up-to-date.
work action resolve packageDebugResources (project :feature-settings) (Thread[#1667,Execution worker Thread 15,5,main]) started.
Resolve mutations for :feature-settings:checkKotlinGradlePluginConfigurationErrors (Thread[#1667,Execution worker Thread 15,5,main]) started.
:feature-settings:checkKotlinGradlePluginConfigurationErrors (Thread[#1667,Execution worker Thread 15,5,main]) started.

> Task :feature-settings:checkKotlinGradlePluginConfigurationErrors SKIPPED
Skipping task ':feature-settings:checkKotlinGradlePluginConfigurationErrors' as task onlyIf 'errorDiagnostics are present' is false.
Resolve mutations for :feature-settings:dataBindingTriggerDebug (Thread[#1667,Execution worker Thread 15,5,main]) started.
:feature-settings:dataBindingTriggerDebug (Thread[#1667,Execution worker Thread 15,5,main]) started.

> Task :feature-settings:dataBindingTriggerDebug UP-TO-DATE
Caching disabled for task ':feature-settings:dataBindingTriggerDebug' because:
  Build cache is disabled
  Caching has been disabled for the task
Skipping task ':feature-settings:dataBindingTriggerDebug' as it is up-to-date.
Resolve mutations for :feature-settings:processDebugNavigationResources (Thread[#1667,Execution worker Thread 15,5,main]) started.
:feature-settings:processDebugNavigationResources (Thread[#1667,Execution worker Thread 15,5,main]) started.

> Task :feature-settings:processDebugNavigationResources UP-TO-DATE
Caching disabled for task ':feature-settings:processDebugNavigationResources' because:
  Build cache is disabled
Skipping task ':feature-settings:processDebugNavigationResources' as it is up-to-date.
work action resolve debug (project :feature-settings) (Thread[#1667,Execution worker Thread 15,5,main]) started.
Resolve mutations for :feature-settings:parseDebugLocalResources (Thread[#1667,Execution worker Thread 15,5,main]) started.
:feature-settings:parseDebugLocalResources (Thread[#1667,Execution worker Thread 15,5,main]) started.

> Task :feature-settings:parseDebugLocalResources UP-TO-DATE
Caching disabled for task ':feature-settings:parseDebugLocalResources' because:
  Build cache is disabled
Skipping task ':feature-settings:parseDebugLocalResources' as it is up-to-date.
Resolve mutations for :feature-settings:generateDebugRFile (Thread[#1667,Execution worker Thread 15,5,main]) started.
:feature-settings:generateDebugRFile (Thread[#1667,Execution worker Thread 15,5,main]) started.

> Task :feature-settings:generateDebugRFile UP-TO-DATE
Caching disabled for task ':feature-settings:generateDebugRFile' because:
  Build cache is disabled
Skipping task ':feature-settings:generateDebugRFile' as it is up-to-date.
work action resolve package-aware-r.txt (project :feature-settings) (Thread[#1667,Execution worker Thread 15,5,main]) started.
work action resolve package-aware-r.txt (project :feature-settings) (Thread[#1667,Execution worker Thread 15,5,main]) started.
Resolve mutations for :feature-weather:loadKtlintReporters (Thread[#1667,Execution worker Thread 15,5,main]) started.
:feature-weather:loadKtlintReporters (Thread[#1667,Execution worker Thread 15,5,main]) started.

> Task :feature-weather:loadKtlintReporters UP-TO-DATE
Caching disabled for task ':feature-weather:loadKtlintReporters' because:
  Build cache is disabled
Skipping task ':feature-weather:loadKtlintReporters' as it is up-to-date.
Resolve mutations for :feature-weather:runKtlintFormatOverKotlinScripts (Thread[#1667,Execution worker Thread 15,5,main]) started.
:feature-weather:runKtlintFormatOverKotlinScripts (Thread[#1667,Execution worker Thread 15,5,main]) started.

> Task :feature-weather:runKtlintFormatOverKotlinScripts UP-TO-DATE
Caching disabled for task ':feature-weather:runKtlintFormatOverKotlinScripts' because:
  Build cache is disabled
Skipping task ':feature-weather:runKtlintFormatOverKotlinScripts' as it is up-to-date.
Resolve mutations for :feature-weather:runKtlintFormatOverAndroidTestDebugSourceSet (Thread[#1667,Execution worker Thread 15,5,main]) started.
:feature-weather:runKtlintFormatOverAndroidTestDebugSourceSet (Thread[#1661,Execution worker Thread 10,5,main]) started.

> Task :feature-weather:runKtlintFormatOverAndroidTestDebugSourceSet NO-SOURCE
file or directory '/Users/joshy/Development/Android/Warbler-Weather/feature-weather/src/androidTestDebug/kotlin', not found
file or directory '/Users/joshy/Development/Android/Warbler-Weather/feature-weather/src/androidTestDebug/java', not found
Skipping task ':feature-weather:runKtlintFormatOverAndroidTestDebugSourceSet' as it has no source files and no previous output files.
Resolve mutations for :feature-weather:ktlintAndroidTestDebugSourceSetFormat (Thread[#1661,Execution worker Thread 10,5,main]) started.
:feature-weather:ktlintAndroidTestDebugSourceSetFormat (Thread[#1661,Execution worker Thread 10,5,main]) started.

> Task :feature-weather:ktlintAndroidTestDebugSourceSetFormat SKIPPED
Skipping task ':feature-weather:ktlintAndroidTestDebugSourceSetFormat' as task onlyIf 'Task satisfies onlyIf spec' is false.
Resolve mutations for :feature-weather:runKtlintFormatOverAndroidTestReleaseSourceSet (Thread[#1661,Execution worker Thread 10,5,main]) started.
:feature-weather:runKtlintFormatOverAndroidTestReleaseSourceSet (Thread[#1661,Execution worker Thread 10,5,main]) started.

> Task :feature-weather:runKtlintFormatOverAndroidTestReleaseSourceSet NO-SOURCE
file or directory '/Users/joshy/Development/Android/Warbler-Weather/feature-weather/src/androidTestRelease/kotlin', not found
file or directory '/Users/joshy/Development/Android/Warbler-Weather/feature-weather/src/androidTestRelease/java', not found
Skipping task ':feature-weather:runKtlintFormatOverAndroidTestReleaseSourceSet' as it has no source files and no previous output files.
Resolve mutations for :feature-weather:ktlintAndroidTestReleaseSourceSetFormat (Thread[#1661,Execution worker Thread 10,5,main]) started.
:feature-weather:ktlintAndroidTestReleaseSourceSetFormat (Thread[#1661,Execution worker Thread 10,5,main]) started.

> Task :feature-weather:ktlintAndroidTestReleaseSourceSetFormat SKIPPED
Skipping task ':feature-weather:ktlintAndroidTestReleaseSourceSetFormat' as task onlyIf 'Task satisfies onlyIf spec' is false.
Resolve mutations for :feature-weather:runKtlintFormatOverAndroidTestSourceSet (Thread[#1661,Execution worker Thread 10,5,main]) started.
:feature-weather:runKtlintFormatOverAndroidTestSourceSet (Thread[#1661,Execution worker Thread 10,5,main]) started.

> Task :feature-weather:runKtlintFormatOverAndroidTestSourceSet NO-SOURCE
file or directory '/Users/joshy/Development/Android/Warbler-Weather/feature-weather/src/androidTest/kotlin', not found
Skipping task ':feature-weather:runKtlintFormatOverAndroidTestSourceSet' as it has no source files and no previous output files.
Resolve mutations for :feature-weather:ktlintAndroidTestSourceSetFormat (Thread[#1661,Execution worker Thread 10,5,main]) started.
:feature-weather:ktlintAndroidTestSourceSetFormat (Thread[#1661,Execution worker Thread 10,5,main]) started.

> Task :feature-weather:ktlintAndroidTestSourceSetFormat SKIPPED
Skipping task ':feature-weather:ktlintAndroidTestSourceSetFormat' as task onlyIf 'Task satisfies onlyIf spec' is false.
Resolve mutations for :feature-weather:runKtlintFormatOverDebugSourceSet (Thread[#1661,Execution worker Thread 10,5,main]) started.
:feature-weather:runKtlintFormatOverDebugSourceSet (Thread[#1661,Execution worker Thread 10,5,main]) started.

> Task :feature-weather:runKtlintFormatOverDebugSourceSet NO-SOURCE
file or directory '/Users/joshy/Development/Android/Warbler-Weather/feature-weather/src/debug/kotlin', not found
file or directory '/Users/joshy/Development/Android/Warbler-Weather/feature-weather/src/debug/java', not found
Skipping task ':feature-weather:runKtlintFormatOverDebugSourceSet' as it has no source files and no previous output files.
Resolve mutations for :feature-weather:ktlintDebugSourceSetFormat (Thread[#1661,Execution worker Thread 10,5,main]) started.
:feature-weather:ktlintDebugSourceSetFormat (Thread[#1661,Execution worker Thread 10,5,main]) started.

> Task :feature-weather:ktlintDebugSourceSetFormat SKIPPED
Skipping task ':feature-weather:ktlintDebugSourceSetFormat' as task onlyIf 'Task satisfies onlyIf spec' is false.
Resolve mutations for :feature-weather:ktlintKotlinScriptFormat (Thread[#1661,Execution worker Thread 10,5,main]) started.
:feature-weather:ktlintKotlinScriptFormat (Thread[#1661,Execution worker Thread 10,5,main]) started.

> Task :feature-weather:ktlintKotlinScriptFormat UP-TO-DATE
Caching disabled for task ':feature-weather:ktlintKotlinScriptFormat' because:
  Build cache is disabled
Skipping task ':feature-weather:ktlintKotlinScriptFormat' as it is up-to-date.
Resolve mutations for :feature-weather:runKtlintFormatOverMainSourceSet (Thread[#1661,Execution worker Thread 10,5,main]) started.
:feature-weather:runKtlintFormatOverMainSourceSet (Thread[#1661,Execution worker Thread 10,5,main]) started.

> Task :feature-weather:runKtlintFormatOverMainSourceSet UP-TO-DATE
file or directory '/Users/joshy/Development/Android/Warbler-Weather/feature-weather/src/main/kotlin', not found
Caching disabled for task ':feature-weather:runKtlintFormatOverMainSourceSet' because:
  Build cache is disabled
Skipping task ':feature-weather:runKtlintFormatOverMainSourceSet' as it is up-to-date.
Resolve mutations for :feature-weather:ktlintMainSourceSetFormat (Thread[#1661,Execution worker Thread 10,5,main]) started.
:feature-weather:ktlintMainSourceSetFormat (Thread[#1661,Execution worker Thread 10,5,main]) started.

> Task :feature-weather:ktlintMainSourceSetFormat UP-TO-DATE
Caching disabled for task ':feature-weather:ktlintMainSourceSetFormat' because:
  Build cache is disabled
Skipping task ':feature-weather:ktlintMainSourceSetFormat' as it is up-to-date.
Resolve mutations for :feature-weather:runKtlintFormatOverReleaseSourceSet (Thread[#1661,Execution worker Thread 10,5,main]) started.
:feature-weather:runKtlintFormatOverReleaseSourceSet (Thread[#1661,Execution worker Thread 10,5,main]) started.

> Task :feature-weather:runKtlintFormatOverReleaseSourceSet NO-SOURCE
file or directory '/Users/joshy/Development/Android/Warbler-Weather/feature-weather/src/release/kotlin', not found
file or directory '/Users/joshy/Development/Android/Warbler-Weather/feature-weather/src/release/java', not found
Skipping task ':feature-weather:runKtlintFormatOverReleaseSourceSet' as it has no source files and no previous output files.
Resolve mutations for :feature-weather:ktlintReleaseSourceSetFormat (Thread[#1661,Execution worker Thread 10,5,main]) started.
:feature-weather:ktlintReleaseSourceSetFormat (Thread[#1661,Execution worker Thread 10,5,main]) started.

> Task :feature-weather:ktlintReleaseSourceSetFormat SKIPPED
Skipping task ':feature-weather:ktlintReleaseSourceSetFormat' as task onlyIf 'Task satisfies onlyIf spec' is false.
Resolve mutations for :feature-weather:runKtlintFormatOverTestDebugSourceSet (Thread[#1661,Execution worker Thread 10,5,main]) started.
:feature-weather:runKtlintFormatOverTestDebugSourceSet (Thread[#1661,Execution worker Thread 10,5,main]) started.

> Task :feature-weather:runKtlintFormatOverTestDebugSourceSet NO-SOURCE
file or directory '/Users/joshy/Development/Android/Warbler-Weather/feature-weather/src/testDebug/kotlin', not found
file or directory '/Users/joshy/Development/Android/Warbler-Weather/feature-weather/src/testDebug/java', not found
Skipping task ':feature-weather:runKtlintFormatOverTestDebugSourceSet' as it has no source files and no previous output files.
Resolve mutations for :feature-weather:ktlintTestDebugSourceSetFormat (Thread[#1661,Execution worker Thread 10,5,main]) started.
:feature-weather:ktlintTestDebugSourceSetFormat (Thread[#1661,Execution worker Thread 10,5,main]) started.

> Task :feature-weather:ktlintTestDebugSourceSetFormat SKIPPED
Skipping task ':feature-weather:ktlintTestDebugSourceSetFormat' as task onlyIf 'Task satisfies onlyIf spec' is false.
Resolve mutations for :feature-weather:runKtlintFormatOverTestFixturesDebugSourceSet (Thread[#1661,Execution worker Thread 10,5,main]) started.
:feature-weather:runKtlintFormatOverTestFixturesDebugSourceSet (Thread[#1661,Execution worker Thread 10,5,main]) started.

> Task :feature-weather:runKtlintFormatOverTestFixturesDebugSourceSet NO-SOURCE
file or directory '/Users/joshy/Development/Android/Warbler-Weather/feature-weather/src/testFixturesDebug/kotlin', not found
file or directory '/Users/joshy/Development/Android/Warbler-Weather/feature-weather/src/testFixturesDebug/java', not found
Skipping task ':feature-weather:runKtlintFormatOverTestFixturesDebugSourceSet' as it has no source files and no previous output files.
Resolve mutations for :feature-weather:ktlintTestFixturesDebugSourceSetFormat (Thread[#1661,Execution worker Thread 10,5,main]) started.
:feature-weather:ktlintTestFixturesDebugSourceSetFormat (Thread[#1661,Execution worker Thread 10,5,main]) started.

> Task :feature-weather:ktlintTestFixturesDebugSourceSetFormat SKIPPED
Skipping task ':feature-weather:ktlintTestFixturesDebugSourceSetFormat' as task onlyIf 'Task satisfies onlyIf spec' is false.
Resolve mutations for :feature-weather:runKtlintFormatOverTestFixturesReleaseSourceSet (Thread[#1661,Execution worker Thread 10,5,main]) started.
:feature-weather:runKtlintFormatOverTestFixturesReleaseSourceSet (Thread[#1661,Execution worker Thread 10,5,main]) started.

> Task :feature-weather:runKtlintFormatOverTestFixturesReleaseSourceSet NO-SOURCE
file or directory '/Users/joshy/Development/Android/Warbler-Weather/feature-weather/src/testFixturesRelease/kotlin', not found
file or directory '/Users/joshy/Development/Android/Warbler-Weather/feature-weather/src/testFixturesRelease/java', not found
Skipping task ':feature-weather:runKtlintFormatOverTestFixturesReleaseSourceSet' as it has no source files and no previous output files.
Resolve mutations for :feature-weather:ktlintTestFixturesReleaseSourceSetFormat (Thread[#1661,Execution worker Thread 10,5,main]) started.
:feature-weather:ktlintTestFixturesReleaseSourceSetFormat (Thread[#1661,Execution worker Thread 10,5,main]) started.

> Task :feature-weather:ktlintTestFixturesReleaseSourceSetFormat SKIPPED
Skipping task ':feature-weather:ktlintTestFixturesReleaseSourceSetFormat' as task onlyIf 'Task satisfies onlyIf spec' is false.
Resolve mutations for :feature-weather:runKtlintFormatOverTestFixturesSourceSet (Thread[#1661,Execution worker Thread 10,5,main]) started.
:feature-weather:runKtlintFormatOverTestFixturesSourceSet (Thread[#1661,Execution worker Thread 10,5,main]) started.

> Task :feature-weather:runKtlintFormatOverTestFixturesSourceSet NO-SOURCE
file or directory '/Users/joshy/Development/Android/Warbler-Weather/feature-weather/src/testFixtures/kotlin', not found
file or directory '/Users/joshy/Development/Android/Warbler-Weather/feature-weather/src/testFixtures/java', not found
Skipping task ':feature-weather:runKtlintFormatOverTestFixturesSourceSet' as it has no source files and no previous output files.
Resolve mutations for :feature-weather:ktlintTestFixturesSourceSetFormat (Thread[#1661,Execution worker Thread 10,5,main]) started.
:feature-weather:ktlintTestFixturesSourceSetFormat (Thread[#1661,Execution worker Thread 10,5,main]) started.

> Task :feature-weather:ktlintTestFixturesSourceSetFormat SKIPPED
Skipping task ':feature-weather:ktlintTestFixturesSourceSetFormat' as task onlyIf 'Task satisfies onlyIf spec' is false.
Resolve mutations for :feature-weather:runKtlintFormatOverTestReleaseSourceSet (Thread[#1661,Execution worker Thread 10,5,main]) started.
:feature-weather:runKtlintFormatOverTestReleaseSourceSet (Thread[#1661,Execution worker Thread 10,5,main]) started.

> Task :feature-weather:runKtlintFormatOverTestReleaseSourceSet NO-SOURCE
file or directory '/Users/joshy/Development/Android/Warbler-Weather/feature-weather/src/testRelease/kotlin', not found
file or directory '/Users/joshy/Development/Android/Warbler-Weather/feature-weather/src/testRelease/java', not found
Skipping task ':feature-weather:runKtlintFormatOverTestReleaseSourceSet' as it has no source files and no previous output files.
Resolve mutations for :feature-weather:ktlintTestReleaseSourceSetFormat (Thread[#1661,Execution worker Thread 10,5,main]) started.
:feature-weather:ktlintTestReleaseSourceSetFormat (Thread[#1661,Execution worker Thread 10,5,main]) started.

> Task :feature-weather:ktlintTestReleaseSourceSetFormat SKIPPED
Skipping task ':feature-weather:ktlintTestReleaseSourceSetFormat' as task onlyIf 'Task satisfies onlyIf spec' is false.
Resolve mutations for :feature-weather:runKtlintFormatOverTestSourceSet (Thread[#1661,Execution worker Thread 10,5,main]) started.
:feature-weather:runKtlintFormatOverTestSourceSet (Thread[#1661,Execution worker Thread 10,5,main]) started.

> Task :feature-weather:runKtlintFormatOverTestSourceSet NO-SOURCE
file or directory '/Users/joshy/Development/Android/Warbler-Weather/feature-weather/src/test/kotlin', not found
Skipping task ':feature-weather:runKtlintFormatOverTestSourceSet' as it has no source files and no previous output files.
Resolve mutations for :feature-weather:ktlintTestSourceSetFormat (Thread[#1661,Execution worker Thread 10,5,main]) started.
:feature-weather:ktlintTestSourceSetFormat (Thread[#1661,Execution worker Thread 10,5,main]) started.

> Task :feature-weather:ktlintTestSourceSetFormat SKIPPED
Skipping task ':feature-weather:ktlintTestSourceSetFormat' as task onlyIf 'Task satisfies onlyIf spec' is false.
Resolve mutations for :feature-weather:ktlintFormat (Thread[#1661,Execution worker Thread 10,5,main]) started.
:feature-weather:ktlintFormat (Thread[#1661,Execution worker Thread 10,5,main]) started.

> Task :feature-weather:ktlintFormat UP-TO-DATE
Skipping task ':feature-weather:ktlintFormat' as it has no actions.
Resolve mutations for :feature-weather:preBuild (Thread[#1661,Execution worker Thread 10,5,main]) started.
:feature-weather:preBuild (Thread[#1661,Execution worker Thread 10,5,main]) started.

> Task :feature-weather:preBuild UP-TO-DATE
Skipping task ':feature-weather:preBuild' as it has no actions.
Resolve mutations for :feature-weather:preDebugBuild (Thread[#1661,Execution worker Thread 10,5,main]) started.
:feature-weather:preDebugBuild (Thread[#1661,Execution worker Thread 10,5,main]) started.

> Task :feature-weather:preDebugBuild UP-TO-DATE
Skipping task ':feature-weather:preDebugBuild' as it has no actions.
Resolve mutations for :feature-weather:generateDebugResources (Thread[#1661,Execution worker Thread 10,5,main]) started.
:feature-weather:generateDebugResources (Thread[#1661,Execution worker Thread 10,5,main]) started.

> Task :feature-weather:generateDebugResources UP-TO-DATE
Caching disabled for task ':feature-weather:generateDebugResources' because:
  Build cache is disabled
Skipping task ':feature-weather:generateDebugResources' as it is up-to-date.
Resolve mutations for :feature-weather:packageDebugResources (Thread[#1661,Execution worker Thread 10,5,main]) started.
:feature-weather:packageDebugResources (Thread[#1661,Execution worker Thread 10,5,main]) started.

> Task :feature-weather:packageDebugResources UP-TO-DATE
Caching disabled for task ':feature-weather:packageDebugResources' because:
  Build cache is disabled
Skipping task ':feature-weather:packageDebugResources' as it is up-to-date.
work action resolve packageDebugResources (project :feature-weather) (Thread[#1667,Execution worker Thread 15,5,main]) started.
Resolve mutations for :feature-weather:checkKotlinGradlePluginConfigurationErrors (Thread[#1667,Execution worker Thread 15,5,main]) started.
:feature-weather:checkKotlinGradlePluginConfigurationErrors (Thread[#1654,Execution worker Thread 3,5,main]) started.

> Task :feature-weather:checkKotlinGradlePluginConfigurationErrors SKIPPED
Skipping task ':feature-weather:checkKotlinGradlePluginConfigurationErrors' as task onlyIf 'errorDiagnostics are present' is false.
Resolve mutations for :feature-weather:dataBindingTriggerDebug (Thread[#1654,Execution worker Thread 3,5,main]) started.
:feature-weather:dataBindingTriggerDebug (Thread[#1654,Execution worker Thread 3,5,main]) started.

> Task :feature-weather:dataBindingTriggerDebug UP-TO-DATE
Caching disabled for task ':feature-weather:dataBindingTriggerDebug' because:
  Build cache is disabled
  Caching has been disabled for the task
Skipping task ':feature-weather:dataBindingTriggerDebug' as it is up-to-date.
Resolve mutations for :feature-weather:processDebugNavigationResources (Thread[#1654,Execution worker Thread 3,5,main]) started.
:feature-weather:processDebugNavigationResources (Thread[#1654,Execution worker Thread 3,5,main]) started.

> Task :feature-weather:processDebugNavigationResources UP-TO-DATE
Caching disabled for task ':feature-weather:processDebugNavigationResources' because:
  Build cache is disabled
Skipping task ':feature-weather:processDebugNavigationResources' as it is up-to-date.
work action resolve debug (project :feature-weather) (Thread[#1654,Execution worker Thread 3,5,main]) started.
Resolve mutations for :feature-weather:parseDebugLocalResources (Thread[#1654,Execution worker Thread 3,5,main]) started.
:feature-weather:parseDebugLocalResources (Thread[#1654,Execution worker Thread 3,5,main]) started.

> Task :feature-weather:parseDebugLocalResources UP-TO-DATE
Caching disabled for task ':feature-weather:parseDebugLocalResources' because:
  Build cache is disabled
Skipping task ':feature-weather:parseDebugLocalResources' as it is up-to-date.
Resolve mutations for :feature-weather:generateDebugRFile (Thread[#1654,Execution worker Thread 3,5,main]) started.
:feature-weather:generateDebugRFile (Thread[#1654,Execution worker Thread 3,5,main]) started.

> Task :feature-weather:generateDebugRFile UP-TO-DATE
Caching disabled for task ':feature-weather:generateDebugRFile' because:
  Build cache is disabled
Skipping task ':feature-weather:generateDebugRFile' as it is up-to-date.
work action resolve package-aware-r.txt (project :feature-weather) (Thread[#1654,Execution worker Thread 3,5,main]) started.
work action resolve package-aware-r.txt (project :feature-weather) (Thread[#1654,Execution worker Thread 3,5,main]) started.
Resolve mutations for :app:generateDebugResValues (Thread[#1654,Execution worker Thread 3,5,main]) started.
:app:generateDebugResValues (Thread[#1654,Execution worker Thread 3,5,main]) started.

> Task :app:generateDebugResValues UP-TO-DATE
Caching disabled for task ':app:generateDebugResValues' because:
  Build cache is disabled
Skipping task ':app:generateDebugResValues' as it is up-to-date.
Resolve mutations for :app:injectCrashlyticsMappingFileIdDebug (Thread[#1654,Execution worker Thread 3,5,main]) started.
:app:injectCrashlyticsMappingFileIdDebug (Thread[#1654,Execution worker Thread 3,5,main]) started.

> Task :app:injectCrashlyticsMappingFileIdDebug UP-TO-DATE
Caching disabled for task ':app:injectCrashlyticsMappingFileIdDebug' because:
  Build cache is disabled
Skipping task ':app:injectCrashlyticsMappingFileIdDebug' as it is up-to-date.
Resolve mutations for :app:injectCrashlyticsVersionControlInfoDebug (Thread[#1654,Execution worker Thread 3,5,main]) started.
:app:injectCrashlyticsVersionControlInfoDebug (Thread[#1654,Execution worker Thread 3,5,main]) started.

> Task :app:injectCrashlyticsVersionControlInfoDebug UP-TO-DATE
Caching disabled for task ':app:injectCrashlyticsVersionControlInfoDebug' because:
  Build cache is disabled
Skipping task ':app:injectCrashlyticsVersionControlInfoDebug' as it is up-to-date.
Resolve mutations for :app:processDebugGoogleServices (Thread[#1654,Execution worker Thread 3,5,main]) started.
:app:processDebugGoogleServices (Thread[#1654,Execution worker Thread 3,5,main]) started.

> Task :app:processDebugGoogleServices UP-TO-DATE
Caching disabled for task ':app:processDebugGoogleServices' because:
  Build cache is disabled
Skipping task ':app:processDebugGoogleServices' as it is up-to-date.
Resolve mutations for :app:extractDebugSupportedLocales (Thread[#1654,Execution worker Thread 3,5,main]) started.
:app:extractDebugSupportedLocales (Thread[#1654,Execution worker Thread 3,5,main]) started.

> Task :app:extractDebugSupportedLocales UP-TO-DATE
Caching disabled for task ':app:extractDebugSupportedLocales' because:
  Build cache is disabled
Skipping task ':app:extractDebugSupportedLocales' as it is up-to-date.
Resolve mutations for :app:mapDebugSourceSetPaths (Thread[#1654,Execution worker Thread 3,5,main]) started.
:app:mapDebugSourceSetPaths (Thread[#1658,Execution worker Thread 7,5,main]) started.

> Task :app:mapDebugSourceSetPaths UP-TO-DATE
Caching disabled for task ':app:mapDebugSourceSetPaths' because:
  Build cache is disabled
  Caching has been disabled for the task
Skipping task ':app:mapDebugSourceSetPaths' as it is up-to-date.
Resolve mutations for :core:extractDebugSupportedLocales (Thread[#1658,Execution worker Thread 7,5,main]) started.
:core:extractDebugSupportedLocales (Thread[#1658,Execution worker Thread 7,5,main]) started.

> Task :core:extractDebugSupportedLocales UP-TO-DATE
Caching disabled for task ':core:extractDebugSupportedLocales' because:
  Build cache is disabled
Skipping task ':core:extractDebugSupportedLocales' as it is up-to-date.
work action resolve supported_locales.txt (project :core) (Thread[#1658,Execution worker Thread 7,5,main]) started.
Resolve mutations for :feature-location:extractDebugSupportedLocales (Thread[#1658,Execution worker Thread 7,5,main]) started.
:feature-location:extractDebugSupportedLocales (Thread[#1658,Execution worker Thread 7,5,main]) started.

> Task :feature-location:extractDebugSupportedLocales UP-TO-DATE
Caching disabled for task ':feature-location:extractDebugSupportedLocales' because:
  Build cache is disabled
Skipping task ':feature-location:extractDebugSupportedLocales' as it is up-to-date.
work action resolve supported_locales.txt (project :feature-location) (Thread[#1658,Execution worker Thread 7,5,main]) started.
Resolve mutations for :feature-settings:extractDebugSupportedLocales (Thread[#1658,Execution worker Thread 7,5,main]) started.
:feature-settings:extractDebugSupportedLocales (Thread[#1658,Execution worker Thread 7,5,main]) started.

> Task :feature-settings:extractDebugSupportedLocales UP-TO-DATE
Caching disabled for task ':feature-settings:extractDebugSupportedLocales' because:
  Build cache is disabled
Skipping task ':feature-settings:extractDebugSupportedLocales' as it is up-to-date.
work action resolve supported_locales.txt (project :feature-settings) (Thread[#1658,Execution worker Thread 7,5,main]) started.
Resolve mutations for :feature-weather:extractDebugSupportedLocales (Thread[#1658,Execution worker Thread 7,5,main]) started.
:feature-weather:extractDebugSupportedLocales (Thread[#1658,Execution worker Thread 7,5,main]) started.

> Task :feature-weather:extractDebugSupportedLocales UP-TO-DATE
Caching disabled for task ':feature-weather:extractDebugSupportedLocales' because:
  Build cache is disabled
Skipping task ':feature-weather:extractDebugSupportedLocales' as it is up-to-date.
work action resolve supported_locales.txt (project :feature-weather) (Thread[#1658,Execution worker Thread 7,5,main]) started.
Resolve mutations for :app:generateDebugLocaleConfig (Thread[#1658,Execution worker Thread 7,5,main]) started.
:app:generateDebugLocaleConfig (Thread[#1658,Execution worker Thread 7,5,main]) started.

> Task :app:generateDebugLocaleConfig UP-TO-DATE
file or directory '/Users/joshy/Development/Android/Warbler-Weather/app/libs', not found
Caching disabled for task ':app:generateDebugLocaleConfig' because:
  Build cache is disabled
Skipping task ':app:generateDebugLocaleConfig' as it is up-to-date.
Resolve mutations for :app:generateDebugResources (Thread[#1658,Execution worker Thread 7,5,main]) started.
:app:generateDebugResources (Thread[#1658,Execution worker Thread 7,5,main]) started.

> Task :app:generateDebugResources UP-TO-DATE
Caching disabled for task ':app:generateDebugResources' because:
  Build cache is disabled
Skipping task ':app:generateDebugResources' as it is up-to-date.
Resolve mutations for :app:mergeDebugResources (Thread[#1658,Execution worker Thread 7,5,main]) started.
:app:mergeDebugResources (Thread[#1658,Execution worker Thread 7,5,main]) started.

> Task :app:mergeDebugResources UP-TO-DATE
file or directory '/Users/joshy/Development/Android/Warbler-Weather/app/libs', not found
Caching disabled for task ':app:mergeDebugResources' because:
  Build cache is disabled
Skipping task ':app:mergeDebugResources' as it is up-to-date.
Resolve mutations for :app:dataBindingTriggerDebug (Thread[#1658,Execution worker Thread 7,5,main]) started.
:app:dataBindingTriggerDebug (Thread[#1658,Execution worker Thread 7,5,main]) started.

> Task :app:dataBindingTriggerDebug UP-TO-DATE
Caching disabled for task ':app:dataBindingTriggerDebug' because:
  Build cache is disabled
  Caching has been disabled for the task
Skipping task ':app:dataBindingTriggerDebug' as it is up-to-date.
Resolve mutations for :app:packageDebugResources (Thread[#1658,Execution worker Thread 7,5,main]) started.
:app:packageDebugResources (Thread[#1658,Execution worker Thread 7,5,main]) started.

> Task :app:packageDebugResources UP-TO-DATE
Caching disabled for task ':app:packageDebugResources' because:
  Build cache is disabled
Skipping task ':app:packageDebugResources' as it is up-to-date.
Resolve mutations for :app:processDebugNavigationResources (Thread[#1658,Execution worker Thread 7,5,main]) started.
:app:processDebugNavigationResources (Thread[#1658,Execution worker Thread 7,5,main]) started.

> Task :app:processDebugNavigationResources UP-TO-DATE
file or directory '/Users/joshy/Development/Android/Warbler-Weather/app/libs', not found
Caching disabled for task ':app:processDebugNavigationResources' because:
  Build cache is disabled
Skipping task ':app:processDebugNavigationResources' as it is up-to-date.
Resolve mutations for :app:parseDebugLocalResources (Thread[#1658,Execution worker Thread 7,5,main]) started.
:app:parseDebugLocalResources (Thread[#1658,Execution worker Thread 7,5,main]) started.

> Task :app:parseDebugLocalResources UP-TO-DATE
Caching disabled for task ':app:parseDebugLocalResources' because:
  Build cache is disabled
Skipping task ':app:parseDebugLocalResources' as it is up-to-date.
Resolve mutations for :app:generateDebugRFile (Thread[#1658,Execution worker Thread 7,5,main]) started.
:app:generateDebugRFile (Thread[#1658,Execution worker Thread 7,5,main]) started.

> Task :app:generateDebugRFile UP-TO-DATE
file or directory '/Users/joshy/Development/Android/Warbler-Weather/app/libs', not found
Caching disabled for task ':app:generateDebugRFile' because:
  Build cache is disabled
Skipping task ':app:generateDebugRFile' as it is up-to-date.
Resolve mutations for :app:generateSafeArgsDebug (Thread[#1658,Execution worker Thread 7,5,main]) started.
:app:generateSafeArgsDebug (Thread[#1658,Execution worker Thread 7,5,main]) started.

> Task :app:generateSafeArgsDebug UP-TO-DATE
Caching disabled for task ':app:generateSafeArgsDebug' because:
  Build cache is disabled
Skipping task ':app:generateSafeArgsDebug' as it is up-to-date.
Resolve mutations for :feature-location:javaPreCompileDebug (Thread[#1658,Execution worker Thread 7,5,main]) started.
:feature-location:javaPreCompileDebug (Thread[#1658,Execution worker Thread 7,5,main]) started.

> Task :feature-location:javaPreCompileDebug UP-TO-DATE
Caching disabled for task ':feature-location:javaPreCompileDebug' because:
  Build cache is disabled
Skipping task ':feature-location:javaPreCompileDebug' as it is up-to-date.
Resolve mutations for :feature-settings:javaPreCompileDebug (Thread[#1658,Execution worker Thread 7,5,main]) started.
:feature-settings:javaPreCompileDebug (Thread[#1658,Execution worker Thread 7,5,main]) started.

> Task :feature-settings:javaPreCompileDebug UP-TO-DATE
Caching disabled for task ':feature-settings:javaPreCompileDebug' because:
  Build cache is disabled
Skipping task ':feature-settings:javaPreCompileDebug' as it is up-to-date.
Resolve mutations for :feature-weather:javaPreCompileDebug (Thread[#1658,Execution worker Thread 7,5,main]) started.
:feature-weather:javaPreCompileDebug (Thread[#1658,Execution worker Thread 7,5,main]) started.

> Task :feature-weather:javaPreCompileDebug UP-TO-DATE
Caching disabled for task ':feature-weather:javaPreCompileDebug' because:
  Build cache is disabled
Skipping task ':feature-weather:javaPreCompileDebug' as it is up-to-date.
Resolve mutations for :app:javaPreCompileDebug (Thread[#1658,Execution worker Thread 7,5,main]) started.
:app:javaPreCompileDebug (Thread[#1658,Execution worker Thread 7,5,main]) started.

> Task :app:javaPreCompileDebug UP-TO-DATE
Caching disabled for task ':app:javaPreCompileDebug' because:
  Build cache is disabled
Skipping task ':app:javaPreCompileDebug' as it is up-to-date.
Resolve mutations for :app:generateDebugAssets (Thread[#1658,Execution worker Thread 7,5,main]) started.
:app:generateDebugAssets (Thread[#1658,Execution worker Thread 7,5,main]) started.

> Task :app:generateDebugAssets UP-TO-DATE
Skipping task ':app:generateDebugAssets' as it has no actions.
Resolve mutations for :core:generateDebugAssets (Thread[#1658,Execution worker Thread 7,5,main]) started.
:core:generateDebugAssets (Thread[#1658,Execution worker Thread 7,5,main]) started.

> Task :core:generateDebugAssets UP-TO-DATE
Skipping task ':core:generateDebugAssets' as it has no actions.
Resolve mutations for :core:mergeDebugAssets (Thread[#1658,Execution worker Thread 7,5,main]) started.
:core:mergeDebugAssets (Thread[#1658,Execution worker Thread 7,5,main]) started.

> Task :core:mergeDebugAssets UP-TO-DATE
Caching disabled for task ':core:mergeDebugAssets' because:
  Build cache is disabled
  Simple merging task
Skipping task ':core:mergeDebugAssets' as it is up-to-date.
work action resolve mergeDebugAssets (project :core) (Thread[#1658,Execution worker Thread 7,5,main]) started.
Resolve mutations for :feature-location:generateDebugAssets (Thread[#1658,Execution worker Thread 7,5,main]) started.
:feature-location:generateDebugAssets (Thread[#1658,Execution worker Thread 7,5,main]) started.

> Task :feature-location:generateDebugAssets UP-TO-DATE
Skipping task ':feature-location:generateDebugAssets' as it has no actions.
Resolve mutations for :feature-location:mergeDebugAssets (Thread[#1658,Execution worker Thread 7,5,main]) started.
:feature-location:mergeDebugAssets (Thread[#1658,Execution worker Thread 7,5,main]) started.

> Task :feature-location:mergeDebugAssets UP-TO-DATE
Caching disabled for task ':feature-location:mergeDebugAssets' because:
  Build cache is disabled
  Simple merging task
Skipping task ':feature-location:mergeDebugAssets' as it is up-to-date.
work action resolve mergeDebugAssets (project :feature-location) (Thread[#1658,Execution worker Thread 7,5,main]) started.
Resolve mutations for :feature-settings:generateDebugAssets (Thread[#1658,Execution worker Thread 7,5,main]) started.
:feature-settings:generateDebugAssets (Thread[#1658,Execution worker Thread 7,5,main]) started.

> Task :feature-settings:generateDebugAssets UP-TO-DATE
Skipping task ':feature-settings:generateDebugAssets' as it has no actions.
Resolve mutations for :feature-settings:mergeDebugAssets (Thread[#1658,Execution worker Thread 7,5,main]) started.
:feature-settings:mergeDebugAssets (Thread[#1658,Execution worker Thread 7,5,main]) started.

> Task :feature-settings:mergeDebugAssets UP-TO-DATE
Caching disabled for task ':feature-settings:mergeDebugAssets' because:
  Build cache is disabled
  Simple merging task
Skipping task ':feature-settings:mergeDebugAssets' as it is up-to-date.
work action resolve mergeDebugAssets (project :feature-settings) (Thread[#1658,Execution worker Thread 7,5,main]) started.
Resolve mutations for :feature-weather:generateDebugAssets (Thread[#1658,Execution worker Thread 7,5,main]) started.
:feature-weather:generateDebugAssets (Thread[#1658,Execution worker Thread 7,5,main]) started.

> Task :feature-weather:generateDebugAssets UP-TO-DATE
Skipping task ':feature-weather:generateDebugAssets' as it has no actions.
Resolve mutations for :feature-weather:mergeDebugAssets (Thread[#1658,Execution worker Thread 7,5,main]) started.
:feature-weather:mergeDebugAssets (Thread[#1658,Execution worker Thread 7,5,main]) started.

> Task :feature-weather:mergeDebugAssets UP-TO-DATE
Caching disabled for task ':feature-weather:mergeDebugAssets' because:
  Build cache is disabled
  Simple merging task
Skipping task ':feature-weather:mergeDebugAssets' as it is up-to-date.
work action resolve mergeDebugAssets (project :feature-weather) (Thread[#1658,Execution worker Thread 7,5,main]) started.
Resolve mutations for :app:mergeDebugAssets (Thread[#1658,Execution worker Thread 7,5,main]) started.
:app:mergeDebugAssets (Thread[#1658,Execution worker Thread 7,5,main]) started.

> Task :app:mergeDebugAssets UP-TO-DATE
file or directory '/Users/joshy/Development/Android/Warbler-Weather/app/libs', not found
Caching disabled for task ':app:mergeDebugAssets' because:
  Build cache is disabled
  Simple merging task
Skipping task ':app:mergeDebugAssets' as it is up-to-date.
Resolve mutations for :app:compressDebugAssets (Thread[#1658,Execution worker Thread 7,5,main]) started.
:app:compressDebugAssets (Thread[#1658,Execution worker Thread 7,5,main]) started.

> Task :app:compressDebugAssets UP-TO-DATE
Caching disabled for task ':app:compressDebugAssets' because:
  Build cache is disabled
Skipping task ':app:compressDebugAssets' as it is up-to-date.
Resolve mutations for :app:generateDebugGlobalSynthetics (Thread[#1658,Execution worker Thread 7,5,main]) started.
:app:generateDebugGlobalSynthetics (Thread[#1658,Execution worker Thread 7,5,main]) started.

> Task :app:generateDebugGlobalSynthetics UP-TO-DATE
Caching disabled for task ':app:generateDebugGlobalSynthetics' because:
  Build cache is disabled
Skipping task ':app:generateDebugGlobalSynthetics' as it is up-to-date.
Resolve mutations for :app:checkDebugDuplicateClasses (Thread[#1658,Execution worker Thread 7,5,main]) started.
:app:checkDebugDuplicateClasses (Thread[#1658,Execution worker Thread 7,5,main]) started.

> Task :app:checkDebugDuplicateClasses UP-TO-DATE
file or directory '/Users/joshy/Development/Android/Warbler-Weather/app/libs', not found
Caching disabled for task ':app:checkDebugDuplicateClasses' because:
  Build cache is disabled
  Caching has been disabled for the task
Skipping task ':app:checkDebugDuplicateClasses' as it is up-to-date.
Resolve mutations for :app:desugarDebugFileDependencies (Thread[#1658,Execution worker Thread 7,5,main]) started.
:app:desugarDebugFileDependencies (Thread[#1658,Execution worker Thread 7,5,main]) started.

> Task :app:desugarDebugFileDependencies UP-TO-DATE
file or directory '/Users/joshy/Development/Android/Warbler-Weather/app/libs', not found
Caching disabled for task ':app:desugarDebugFileDependencies' because:
  Build cache is disabled
Skipping task ':app:desugarDebugFileDependencies' as it is up-to-date.
Resolve mutations for :app:mergeExtDexDebug (Thread[#1658,Execution worker Thread 7,5,main]) started.
:app:mergeExtDexDebug (Thread[#1658,Execution worker Thread 7,5,main]) started.

> Task :app:mergeExtDexDebug UP-TO-DATE
file or directory '/Users/joshy/Development/Android/Warbler-Weather/app/libs', not found
file or directory '/Users/joshy/Development/Android/Warbler-Weather/app/libs', not found
file or directory '/Users/joshy/Development/Android/Warbler-Weather/app/libs', not found
file or directory '/Users/joshy/Development/Android/Warbler-Weather/app/libs', not found
file or directory '/Users/joshy/Development/Android/Warbler-Weather/app/libs', not found
file or directory '/Users/joshy/Development/Android/Warbler-Weather/app/libs', not found
file or directory '/Users/joshy/Development/Android/Warbler-Weather/app/libs', not found
file or directory '/Users/joshy/Development/Android/Warbler-Weather/app/libs', not found
file or directory '/Users/joshy/Development/Android/Warbler-Weather/app/libs', not found
file or directory '/Users/joshy/Development/Android/Warbler-Weather/app/libs', not found
file or directory '/Users/joshy/Development/Android/Warbler-Weather/app/libs', not found
file or directory '/Users/joshy/Development/Android/Warbler-Weather/app/libs', not found
file or directory '/Users/joshy/Development/Android/Warbler-Weather/app/libs', not found
file or directory '/Users/joshy/Development/Android/Warbler-Weather/app/libs', not found
file or directory '/Users/joshy/Development/Android/Warbler-Weather/app/libs', not found
file or directory '/Users/joshy/Development/Android/Warbler-Weather/app/libs', not found
file or directory '/Users/joshy/Development/Android/Warbler-Weather/app/libs', not found
file or directory '/Users/joshy/Development/Android/Warbler-Weather/app/libs', not found
file or directory '/Users/joshy/Development/Android/Warbler-Weather/app/libs', not found
file or directory '/Users/joshy/Development/Android/Warbler-Weather/app/libs', not found
file or directory '/Users/joshy/Development/Android/Warbler-Weather/app/libs', not found
file or directory '/Users/joshy/Development/Android/Warbler-Weather/app/libs', not found
file or directory '/Users/joshy/Development/Android/Warbler-Weather/app/libs', not found
file or directory '/Users/joshy/Development/Android/Warbler-Weather/app/libs', not found
file or directory '/Users/joshy/Development/Android/Warbler-Weather/app/libs', not found
file or directory '/Users/joshy/Development/Android/Warbler-Weather/app/libs', not found
file or directory '/Users/joshy/Development/Android/Warbler-Weather/app/libs', not found
file or directory '/Users/joshy/Development/Android/Warbler-Weather/app/libs', not found
file or directory '/Users/joshy/Development/Android/Warbler-Weather/app/libs', not found
file or directory '/Users/joshy/Development/Android/Warbler-Weather/app/libs', not found
file or directory '/Users/joshy/Development/Android/Warbler-Weather/app/libs', not found
file or directory '/Users/joshy/Development/Android/Warbler-Weather/app/libs', not found
file or directory '/Users/joshy/Development/Android/Warbler-Weather/app/libs', not found
file or directory '/Users/joshy/Development/Android/Warbler-Weather/app/libs', not found
file or directory '/Users/joshy/Development/Android/Warbler-Weather/app/libs', not found
file or directory '/Users/joshy/Development/Android/Warbler-Weather/app/libs', not found
file or directory '/Users/joshy/Development/Android/Warbler-Weather/app/libs', not found
file or directory '/Users/joshy/Development/Android/Warbler-Weather/app/libs', not found
file or directory '/Users/joshy/Development/Android/Warbler-Weather/app/libs', not found
file or directory '/Users/joshy/Development/Android/Warbler-Weather/app/libs', not found
file or directory '/Users/joshy/Development/Android/Warbler-Weather/app/libs', not found
file or directory '/Users/joshy/Development/Android/Warbler-Weather/app/libs', not found
file or directory '/Users/joshy/Development/Android/Warbler-Weather/app/libs', not found
file or directory '/Users/joshy/Development/Android/Warbler-Weather/app/libs', not found
file or directory '/Users/joshy/Development/Android/Warbler-Weather/app/libs', not found
file or directory '/Users/joshy/Development/Android/Warbler-Weather/app/libs', not found
file or directory '/Users/joshy/Development/Android/Warbler-Weather/app/libs', not found
file or directory '/Users/joshy/Development/Android/Warbler-Weather/app/libs', not found
file or directory '/Users/joshy/Development/Android/Warbler-Weather/app/libs', not found
file or directory '/Users/joshy/Development/Android/Warbler-Weather/app/libs', not found
file or directory '/Users/joshy/Development/Android/Warbler-Weather/app/libs', not found
file or directory '/Users/joshy/Development/Android/Warbler-Weather/app/libs', not found
file or directory '/Users/joshy/Development/Android/Warbler-Weather/app/libs', not found
file or directory '/Users/joshy/Development/Android/Warbler-Weather/app/libs', not found
file or directory '/Users/joshy/Development/Android/Warbler-Weather/app/libs', not found
file or directory '/Users/joshy/Development/Android/Warbler-Weather/app/libs', not found
file or directory '/Users/joshy/Development/Android/Warbler-Weather/app/libs', not found
file or directory '/Users/joshy/Development/Android/Warbler-Weather/app/libs', not found
file or directory '/Users/joshy/Development/Android/Warbler-Weather/app/libs', not found
file or directory '/Users/joshy/Development/Android/Warbler-Weather/app/libs', not found
file or directory '/Users/joshy/Development/Android/Warbler-Weather/app/libs', not found
file or directory '/Users/joshy/Development/Android/Warbler-Weather/app/libs', not found
file or directory '/Users/joshy/Development/Android/Warbler-Weather/app/libs', not found
file or directory '/Users/joshy/Development/Android/Warbler-Weather/app/libs', not found
file or directory '/Users/joshy/Development/Android/Warbler-Weather/app/libs', not found
file or directory '/Users/joshy/Development/Android/Warbler-Weather/app/libs', not found
file or directory '/Users/joshy/Development/Android/Warbler-Weather/app/libs', not found
file or directory '/Users/joshy/Development/Android/Warbler-Weather/app/libs', not found
file or directory '/Users/joshy/Development/Android/Warbler-Weather/app/libs', not found
file or directory '/Users/joshy/Development/Android/Warbler-Weather/app/libs', not found
file or directory '/Users/joshy/Development/Android/Warbler-Weather/app/libs', not found
file or directory '/Users/joshy/Development/Android/Warbler-Weather/app/libs', not found
file or directory '/Users/joshy/Development/Android/Warbler-Weather/app/libs', not found
file or directory '/Users/joshy/Development/Android/Warbler-Weather/app/libs', not found
file or directory '/Users/joshy/Development/Android/Warbler-Weather/app/libs', not found
file or directory '/Users/joshy/Development/Android/Warbler-Weather/app/libs', not found
file or directory '/Users/joshy/Development/Android/Warbler-Weather/app/libs', not found
file or directory '/Users/joshy/Development/Android/Warbler-Weather/app/libs', not found
file or directory '/Users/joshy/Development/Android/Warbler-Weather/app/libs', not found
file or directory '/Users/joshy/Development/Android/Warbler-Weather/app/libs', not found
file or directory '/Users/joshy/Development/Android/Warbler-Weather/app/libs', not found
file or directory '/Users/joshy/Development/Android/Warbler-Weather/app/libs', not found
file or directory '/Users/joshy/Development/Android/Warbler-Weather/app/libs', not found
file or directory '/Users/joshy/Development/Android/Warbler-Weather/app/libs', not found
file or directory '/Users/joshy/Development/Android/Warbler-Weather/app/libs', not found
file or directory '/Users/joshy/Development/Android/Warbler-Weather/app/libs', not found
file or directory '/Users/joshy/Development/Android/Warbler-Weather/app/libs', not found
file or directory '/Users/joshy/Development/Android/Warbler-Weather/app/libs', not found
file or directory '/Users/joshy/Development/Android/Warbler-Weather/app/libs', not found
file or directory '/Users/joshy/Development/Android/Warbler-Weather/app/libs', not found
file or directory '/Users/joshy/Development/Android/Warbler-Weather/app/libs', not found
file or directory '/Users/joshy/Development/Android/Warbler-Weather/app/libs', not found
file or directory '/Users/joshy/Development/Android/Warbler-Weather/app/libs', not found
file or directory '/Users/joshy/Development/Android/Warbler-Weather/app/libs', not found
file or directory '/Users/joshy/Development/Android/Warbler-Weather/app/libs', not found
file or directory '/Users/joshy/Development/Android/Warbler-Weather/app/libs', not found
file or directory '/Users/joshy/Development/Android/Warbler-Weather/app/libs', not found
file or directory '/Users/joshy/Development/Android/Warbler-Weather/app/libs', not found
file or directory '/Users/joshy/Development/Android/Warbler-Weather/app/libs', not found
file or directory '/Users/joshy/Development/Android/Warbler-Weather/app/libs', not found
file or directory '/Users/joshy/Development/Android/Warbler-Weather/app/libs', not found
file or directory '/Users/joshy/Development/Android/Warbler-Weather/app/libs', not found
file or directory '/Users/joshy/Development/Android/Warbler-Weather/app/libs', not found
file or directory '/Users/joshy/Development/Android/Warbler-Weather/app/libs', not found
file or directory '/Users/joshy/Development/Android/Warbler-Weather/app/libs', not found
file or directory '/Users/joshy/Development/Android/Warbler-Weather/app/libs', not found
file or directory '/Users/joshy/Development/Android/Warbler-Weather/app/libs', not found
file or directory '/Users/joshy/Development/Android/Warbler-Weather/app/libs', not found
file or directory '/Users/joshy/Development/Android/Warbler-Weather/app/libs', not found
file or directory '/Users/joshy/Development/Android/Warbler-Weather/app/libs', not found
file or directory '/Users/joshy/Development/Android/Warbler-Weather/app/libs', not found
file or directory '/Users/joshy/Development/Android/Warbler-Weather/app/libs', not found
file or directory '/Users/joshy/Development/Android/Warbler-Weather/app/libs', not found
file or directory '/Users/joshy/Development/Android/Warbler-Weather/app/libs', not found
file or directory '/Users/joshy/Development/Android/Warbler-Weather/app/libs', not found
file or directory '/Users/joshy/Development/Android/Warbler-Weather/app/libs', not found
file or directory '/Users/joshy/Development/Android/Warbler-Weather/app/libs', not found
file or directory '/Users/joshy/Development/Android/Warbler-Weather/app/libs', not found
file or directory '/Users/joshy/Development/Android/Warbler-Weather/app/libs', not found
file or directory '/Users/joshy/Development/Android/Warbler-Weather/app/libs', not found
file or directory '/Users/joshy/Development/Android/Warbler-Weather/app/libs', not found
file or directory '/Users/joshy/Development/Android/Warbler-Weather/app/libs', not found
file or directory '/Users/joshy/Development/Android/Warbler-Weather/app/libs', not found
file or directory '/Users/joshy/Development/Android/Warbler-Weather/app/libs', not found
file or directory '/Users/joshy/Development/Android/Warbler-Weather/app/libs', not found
file or directory '/Users/joshy/Development/Android/Warbler-Weather/app/libs', not found
file or directory '/Users/joshy/Development/Android/Warbler-Weather/app/libs', not found
file or directory '/Users/joshy/Development/Android/Warbler-Weather/app/libs', not found
file or directory '/Users/joshy/Development/Android/Warbler-Weather/app/libs', not found
file or directory '/Users/joshy/Development/Android/Warbler-Weather/app/libs', not found
file or directory '/Users/joshy/Development/Android/Warbler-Weather/app/libs', not found
file or directory '/Users/joshy/Development/Android/Warbler-Weather/app/libs', not found
file or directory '/Users/joshy/Development/Android/Warbler-Weather/app/libs', not found
file or directory '/Users/joshy/Development/Android/Warbler-Weather/app/libs', not found
file or directory '/Users/joshy/Development/Android/Warbler-Weather/app/libs', not found
file or directory '/Users/joshy/Development/Android/Warbler-Weather/app/libs', not found
file or directory '/Users/joshy/Development/Android/Warbler-Weather/app/libs', not found
file or directory '/Users/joshy/Development/Android/Warbler-Weather/app/libs', not found
file or directory '/Users/joshy/Development/Android/Warbler-Weather/app/libs', not found
file or directory '/Users/joshy/Development/Android/Warbler-Weather/app/libs', not found
file or directory '/Users/joshy/Development/Android/Warbler-Weather/app/libs', not found
file or directory '/Users/joshy/Development/Android/Warbler-Weather/app/libs', not found
file or directory '/Users/joshy/Development/Android/Warbler-Weather/app/libs', not found
file or directory '/Users/joshy/Development/Android/Warbler-Weather/app/libs', not found
file or directory '/Users/joshy/Development/Android/Warbler-Weather/app/libs', not found
file or directory '/Users/joshy/Development/Android/Warbler-Weather/app/libs', not found
file or directory '/Users/joshy/Development/Android/Warbler-Weather/app/libs', not found
file or directory '/Users/joshy/Development/Android/Warbler-Weather/app/libs', not found
file or directory '/Users/joshy/Development/Android/Warbler-Weather/app/libs', not found
file or directory '/Users/joshy/Development/Android/Warbler-Weather/app/libs', not found
file or directory '/Users/joshy/Development/Android/Warbler-Weather/app/libs', not found
file or directory '/Users/joshy/Development/Android/Warbler-Weather/app/libs', not found
file or directory '/Users/joshy/Development/Android/Warbler-Weather/app/libs', not found
file or directory '/Users/joshy/Development/Android/Warbler-Weather/app/libs', not found
file or directory '/Users/joshy/Development/Android/Warbler-Weather/app/libs', not found
file or directory '/Users/joshy/Development/Android/Warbler-Weather/app/libs', not found
file or directory '/Users/joshy/Development/Android/Warbler-Weather/app/libs', not found
file or directory '/Users/joshy/Development/Android/Warbler-Weather/app/libs', not found
file or directory '/Users/joshy/Development/Android/Warbler-Weather/app/libs', not found
file or directory '/Users/joshy/Development/Android/Warbler-Weather/app/libs', not found
file or directory '/Users/joshy/Development/Android/Warbler-Weather/app/libs', not found
file or directory '/Users/joshy/Development/Android/Warbler-Weather/app/libs', not found
file or directory '/Users/joshy/Development/Android/Warbler-Weather/app/libs', not found
file or directory '/Users/joshy/Development/Android/Warbler-Weather/app/libs', not found
file or directory '/Users/joshy/Development/Android/Warbler-Weather/app/libs', not found
file or directory '/Users/joshy/Development/Android/Warbler-Weather/app/libs', not found
file or directory '/Users/joshy/Development/Android/Warbler-Weather/app/libs', not found
file or directory '/Users/joshy/Development/Android/Warbler-Weather/app/libs', not found
file or directory '/Users/joshy/Development/Android/Warbler-Weather/app/libs', not found
file or directory '/Users/joshy/Development/Android/Warbler-Weather/app/libs', not found
file or directory '/Users/joshy/Development/Android/Warbler-Weather/app/libs', not found
file or directory '/Users/joshy/Development/Android/Warbler-Weather/app/libs', not found
file or directory '/Users/joshy/Development/Android/Warbler-Weather/app/libs', not found
file or directory '/Users/joshy/Development/Android/Warbler-Weather/app/libs', not found
file or directory '/Users/joshy/Development/Android/Warbler-Weather/app/libs', not found
file or directory '/Users/joshy/Development/Android/Warbler-Weather/app/libs', not found
file or directory '/Users/joshy/Development/Android/Warbler-Weather/app/libs', not found
file or directory '/Users/joshy/Development/Android/Warbler-Weather/app/libs', not found
file or directory '/Users/joshy/Development/Android/Warbler-Weather/app/libs', not found
file or directory '/Users/joshy/Development/Android/Warbler-Weather/app/libs', not found
file or directory '/Users/joshy/Development/Android/Warbler-Weather/app/libs', not found
file or directory '/Users/joshy/Development/Android/Warbler-Weather/app/libs', not found
file or directory '/Users/joshy/Development/Android/Warbler-Weather/app/libs', not found
file or directory '/Users/joshy/Development/Android/Warbler-Weather/app/libs', not found
file or directory '/Users/joshy/Development/Android/Warbler-Weather/app/libs', not found
file or directory '/Users/joshy/Development/Android/Warbler-Weather/app/libs', not found
file or directory '/Users/joshy/Development/Android/Warbler-Weather/app/libs', not found
file or directory '/Users/joshy/Development/Android/Warbler-Weather/app/libs', not found
file or directory '/Users/joshy/Development/Android/Warbler-Weather/app/libs', not found
file or directory '/Users/joshy/Development/Android/Warbler-Weather/app/libs', not found
file or directory '/Users/joshy/Development/Android/Warbler-Weather/app/libs', not found
file or directory '/Users/joshy/Development/Android/Warbler-Weather/app/libs', not found
file or directory '/Users/joshy/Development/Android/Warbler-Weather/app/libs', not found
file or directory '/Users/joshy/Development/Android/Warbler-Weather/app/libs', not found
file or directory '/Users/joshy/Development/Android/Warbler-Weather/app/libs', not found
file or directory '/Users/joshy/Development/Android/Warbler-Weather/app/libs', not found
file or directory '/Users/joshy/Development/Android/Warbler-Weather/app/libs', not found
file or directory '/Users/joshy/Development/Android/Warbler-Weather/app/libs', not found
file or directory '/Users/joshy/Development/Android/Warbler-Weather/app/libs', not found
file or directory '/Users/joshy/Development/Android/Warbler-Weather/app/libs', not found
file or directory '/Users/joshy/Development/Android/Warbler-Weather/app/libs', not found
file or directory '/Users/joshy/Development/Android/Warbler-Weather/app/libs', not found
file or directory '/Users/joshy/Development/Android/Warbler-Weather/app/libs', not found
file or directory '/Users/joshy/Development/Android/Warbler-Weather/app/libs', not found
file or directory '/Users/joshy/Development/Android/Warbler-Weather/app/libs', not found
file or directory '/Users/joshy/Development/Android/Warbler-Weather/app/libs', not found
file or directory '/Users/joshy/Development/Android/Warbler-Weather/app/libs', not found
file or directory '/Users/joshy/Development/Android/Warbler-Weather/app/libs', not found
file or directory '/Users/joshy/Development/Android/Warbler-Weather/app/libs', not found
file or directory '/Users/joshy/Development/Android/Warbler-Weather/app/libs', not found
file or directory '/Users/joshy/Development/Android/Warbler-Weather/app/libs', not found
file or directory '/Users/joshy/Development/Android/Warbler-Weather/app/libs', not found
file or directory '/Users/joshy/Development/Android/Warbler-Weather/app/libs', not found
file or directory '/Users/joshy/Development/Android/Warbler-Weather/app/libs', not found
file or directory '/Users/joshy/Development/Android/Warbler-Weather/app/libs', not found
file or directory '/Users/joshy/Development/Android/Warbler-Weather/app/libs', not found
file or directory '/Users/joshy/Development/Android/Warbler-Weather/app/libs', not found
file or directory '/Users/joshy/Development/Android/Warbler-Weather/app/libs', not found
file or directory '/Users/joshy/Development/Android/Warbler-Weather/app/libs', not found
file or directory '/Users/joshy/Development/Android/Warbler-Weather/app/libs', not found
file or directory '/Users/joshy/Development/Android/Warbler-Weather/app/libs', not found
file or directory '/Users/joshy/Development/Android/Warbler-Weather/app/libs', not found
file or directory '/Users/joshy/Development/Android/Warbler-Weather/app/libs', not found
file or directory '/Users/joshy/Development/Android/Warbler-Weather/app/libs', not found
file or directory '/Users/joshy/Development/Android/Warbler-Weather/app/libs', not found
file or directory '/Users/joshy/Development/Android/Warbler-Weather/app/libs', not found
file or directory '/Users/joshy/Development/Android/Warbler-Weather/app/libs', not found
file or directory '/Users/joshy/Development/Android/Warbler-Weather/app/libs', not found
file or directory '/Users/joshy/Development/Android/Warbler-Weather/app/libs', not found
file or directory '/Users/joshy/Development/Android/Warbler-Weather/app/libs', not found
file or directory '/Users/joshy/Development/Android/Warbler-Weather/app/libs', not found
file or directory '/Users/joshy/Development/Android/Warbler-Weather/app/libs', not found
file or directory '/Users/joshy/Development/Android/Warbler-Weather/app/libs', not found
file or directory '/Users/joshy/Development/Android/Warbler-Weather/app/libs', not found
file or directory '/Users/joshy/Development/Android/Warbler-Weather/app/libs', not found
file or directory '/Users/joshy/Development/Android/Warbler-Weather/app/libs', not found
file or directory '/Users/joshy/Development/Android/Warbler-Weather/app/libs', not found
file or directory '/Users/joshy/Development/Android/Warbler-Weather/app/libs', not found
file or directory '/Users/joshy/Development/Android/Warbler-Weather/app/libs', not found
file or directory '/Users/joshy/Development/Android/Warbler-Weather/app/libs', not found
file or directory '/Users/joshy/Development/Android/Warbler-Weather/app/libs', not found
file or directory '/Users/joshy/Development/Android/Warbler-Weather/app/libs', not found
file or directory '/Users/joshy/Development/Android/Warbler-Weather/app/libs', not found
file or directory '/Users/joshy/Development/Android/Warbler-Weather/app/libs', not found
file or directory '/Users/joshy/Development/Android/Warbler-Weather/app/libs', not found
file or directory '/Users/joshy/Development/Android/Warbler-Weather/app/libs', not found
file or directory '/Users/joshy/Development/Android/Warbler-Weather/app/libs', not found
file or directory '/Users/joshy/Development/Android/Warbler-Weather/app/libs', not found
file or directory '/Users/joshy/Development/Android/Warbler-Weather/app/libs', not found
file or directory '/Users/joshy/Development/Android/Warbler-Weather/app/libs', not found
file or directory '/Users/joshy/Development/Android/Warbler-Weather/app/libs', not found
file or directory '/Users/joshy/Development/Android/Warbler-Weather/app/libs', not found
file or directory '/Users/joshy/Development/Android/Warbler-Weather/app/libs', not found
file or directory '/Users/joshy/Development/Android/Warbler-Weather/app/libs', not found
file or directory '/Users/joshy/Development/Android/Warbler-Weather/app/libs', not found
file or directory '/Users/joshy/Development/Android/Warbler-Weather/app/libs', not found
file or directory '/Users/joshy/Development/Android/Warbler-Weather/app/libs', not found
file or directory '/Users/joshy/Development/Android/Warbler-Weather/app/libs', not found
file or directory '/Users/joshy/Development/Android/Warbler-Weather/app/libs', not found
file or directory '/Users/joshy/Development/Android/Warbler-Weather/app/libs', not found
file or directory '/Users/joshy/Development/Android/Warbler-Weather/app/libs', not found
file or directory '/Users/joshy/Development/Android/Warbler-Weather/app/libs', not found
file or directory '/Users/joshy/Development/Android/Warbler-Weather/app/libs', not found
file or directory '/Users/joshy/Development/Android/Warbler-Weather/app/libs', not found
file or directory '/Users/joshy/Development/Android/Warbler-Weather/app/libs', not found
file or directory '/Users/joshy/Development/Android/Warbler-Weather/app/libs', not found
file or directory '/Users/joshy/Development/Android/Warbler-Weather/app/libs', not found
file or directory '/Users/joshy/Development/Android/Warbler-Weather/app/libs', not found
file or directory '/Users/joshy/Development/Android/Warbler-Weather/app/libs', not found
file or directory '/Users/joshy/Development/Android/Warbler-Weather/app/libs', not found
file or directory '/Users/joshy/Development/Android/Warbler-Weather/app/libs', not found
file or directory '/Users/joshy/Development/Android/Warbler-Weather/app/libs', not found
file or directory '/Users/joshy/Development/Android/Warbler-Weather/app/libs', not found
file or directory '/Users/joshy/Development/Android/Warbler-Weather/app/libs', not found
file or directory '/Users/joshy/Development/Android/Warbler-Weather/app/libs', not found
file or directory '/Users/joshy/Development/Android/Warbler-Weather/app/libs', not found
file or directory '/Users/joshy/Development/Android/Warbler-Weather/app/libs', not found
file or directory '/Users/joshy/Development/Android/Warbler-Weather/app/libs', not found
file or directory '/Users/joshy/Development/Android/Warbler-Weather/app/libs', not found
file or directory '/Users/joshy/Development/Android/Warbler-Weather/app/libs', not found
file or directory '/Users/joshy/Development/Android/Warbler-Weather/app/libs', not found
file or directory '/Users/joshy/Development/Android/Warbler-Weather/app/libs', not found
file or directory '/Users/joshy/Development/Android/Warbler-Weather/app/libs', not found
file or directory '/Users/joshy/Development/Android/Warbler-Weather/app/libs', not found
file or directory '/Users/joshy/Development/Android/Warbler-Weather/app/libs', not found
file or directory '/Users/joshy/Development/Android/Warbler-Weather/app/libs', not found
file or directory '/Users/joshy/Development/Android/Warbler-Weather/app/libs', not found
file or directory '/Users/joshy/Development/Android/Warbler-Weather/app/libs', not found
file or directory '/Users/joshy/Development/Android/Warbler-Weather/app/libs', not found
file or directory '/Users/joshy/Development/Android/Warbler-Weather/app/libs', not found
file or directory '/Users/joshy/Development/Android/Warbler-Weather/app/libs', not found
file or directory '/Users/joshy/Development/Android/Warbler-Weather/app/libs', not found
file or directory '/Users/joshy/Development/Android/Warbler-Weather/app/libs', not found
file or directory '/Users/joshy/Development/Android/Warbler-Weather/app/libs', not found
file or directory '/Users/joshy/Development/Android/Warbler-Weather/app/libs', not found
file or directory '/Users/joshy/Development/Android/Warbler-Weather/app/libs', not found
file or directory '/Users/joshy/Development/Android/Warbler-Weather/app/libs', not found
file or directory '/Users/joshy/Development/Android/Warbler-Weather/app/libs', not found
file or directory '/Users/joshy/Development/Android/Warbler-Weather/app/libs', not found
file or directory '/Users/joshy/Development/Android/Warbler-Weather/app/libs', not found
file or directory '/Users/joshy/Development/Android/Warbler-Weather/app/libs', not found
file or directory '/Users/joshy/Development/Android/Warbler-Weather/app/libs', not found
file or directory '/Users/joshy/Development/Android/Warbler-Weather/app/libs', not found
file or directory '/Users/joshy/Development/Android/Warbler-Weather/app/libs', not found
file or directory '/Users/joshy/Development/Android/Warbler-Weather/app/libs', not found
file or directory '/Users/joshy/Development/Android/Warbler-Weather/app/libs', not found
file or directory '/Users/joshy/Development/Android/Warbler-Weather/app/libs', not found
file or directory '/Users/joshy/Development/Android/Warbler-Weather/app/libs', not found
file or directory '/Users/joshy/Development/Android/Warbler-Weather/app/libs', not found
file or directory '/Users/joshy/Development/Android/Warbler-Weather/app/libs', not found
file or directory '/Users/joshy/Development/Android/Warbler-Weather/app/libs', not found
file or directory '/Users/joshy/Development/Android/Warbler-Weather/app/libs', not found
file or directory '/Users/joshy/Development/Android/Warbler-Weather/app/libs', not found
file or directory '/Users/joshy/Development/Android/Warbler-Weather/app/libs', not found
file or directory '/Users/joshy/Development/Android/Warbler-Weather/app/libs', not found
file or directory '/Users/joshy/Development/Android/Warbler-Weather/app/libs', not found
file or directory '/Users/joshy/Development/Android/Warbler-Weather/app/libs', not found
file or directory '/Users/joshy/Development/Android/Warbler-Weather/app/libs', not found
file or directory '/Users/joshy/Development/Android/Warbler-Weather/app/libs', not found
file or directory '/Users/joshy/Development/Android/Warbler-Weather/app/libs', not found
file or directory '/Users/joshy/Development/Android/Warbler-Weather/app/libs', not found
file or directory '/Users/joshy/Development/Android/Warbler-Weather/app/libs', not found
file or directory '/Users/joshy/Development/Android/Warbler-Weather/app/libs', not found
file or directory '/Users/joshy/Development/Android/Warbler-Weather/app/libs', not found
file or directory '/Users/joshy/Development/Android/Warbler-Weather/app/libs', not found
file or directory '/Users/joshy/Development/Android/Warbler-Weather/app/libs', not found
file or directory '/Users/joshy/Development/Android/Warbler-Weather/app/libs', not found
file or directory '/Users/joshy/Development/Android/Warbler-Weather/app/libs', not found
file or directory '/Users/joshy/Development/Android/Warbler-Weather/app/libs', not found
file or directory '/Users/joshy/Development/Android/Warbler-Weather/app/libs', not found
file or directory '/Users/joshy/Development/Android/Warbler-Weather/app/libs', not found
file or directory '/Users/joshy/Development/Android/Warbler-Weather/app/libs', not found
file or directory '/Users/joshy/Development/Android/Warbler-Weather/app/libs', not found
file or directory '/Users/joshy/Development/Android/Warbler-Weather/app/libs', not found
file or directory '/Users/joshy/Development/Android/Warbler-Weather/app/libs', not found
file or directory '/Users/joshy/Development/Android/Warbler-Weather/app/libs', not found
file or directory '/Users/joshy/Development/Android/Warbler-Weather/app/libs', not found
file or directory '/Users/joshy/Development/Android/Warbler-Weather/app/libs', not found
file or directory '/Users/joshy/Development/Android/Warbler-Weather/app/libs', not found
file or directory '/Users/joshy/Development/Android/Warbler-Weather/app/libs', not found
file or directory '/Users/joshy/Development/Android/Warbler-Weather/app/libs', not found
file or directory '/Users/joshy/Development/Android/Warbler-Weather/app/libs', not found
file or directory '/Users/joshy/Development/Android/Warbler-Weather/app/libs', not found
file or directory '/Users/joshy/Development/Android/Warbler-Weather/app/libs', not found
file or directory '/Users/joshy/Development/Android/Warbler-Weather/app/libs', not found
file or directory '/Users/joshy/Development/Android/Warbler-Weather/app/libs', not found
file or directory '/Users/joshy/Development/Android/Warbler-Weather/app/libs', not found
file or directory '/Users/joshy/Development/Android/Warbler-Weather/app/libs', not found
file or directory '/Users/joshy/Development/Android/Warbler-Weather/app/libs', not found
file or directory '/Users/joshy/Development/Android/Warbler-Weather/app/libs', not found
file or directory '/Users/joshy/Development/Android/Warbler-Weather/app/libs', not found
file or directory '/Users/joshy/Development/Android/Warbler-Weather/app/libs', not found
file or directory '/Users/joshy/Development/Android/Warbler-Weather/app/libs', not found
file or directory '/Users/joshy/Development/Android/Warbler-Weather/app/libs', not found
file or directory '/Users/joshy/Development/Android/Warbler-Weather/app/libs', not found
file or directory '/Users/joshy/Development/Android/Warbler-Weather/app/libs', not found
file or directory '/Users/joshy/Development/Android/Warbler-Weather/app/libs', not found
file or directory '/Users/joshy/Development/Android/Warbler-Weather/app/libs', not found
file or directory '/Users/joshy/Development/Android/Warbler-Weather/app/libs', not found
file or directory '/Users/joshy/Development/Android/Warbler-Weather/app/libs', not found
file or directory '/Users/joshy/Development/Android/Warbler-Weather/app/libs', not found
file or directory '/Users/joshy/Development/Android/Warbler-Weather/app/libs', not found
file or directory '/Users/joshy/Development/Android/Warbler-Weather/app/libs', not found
file or directory '/Users/joshy/Development/Android/Warbler-Weather/app/libs', not found
Caching disabled for task ':app:mergeExtDexDebug' because:
  Build cache is disabled
Skipping task ':app:mergeExtDexDebug' as it is up-to-date.
Resolve mutations for :core:writeDebugAarMetadata (Thread[#1658,Execution worker Thread 7,5,main]) started.
:core:writeDebugAarMetadata (Thread[#1658,Execution worker Thread 7,5,main]) started.

> Task :core:writeDebugAarMetadata UP-TO-DATE
Caching disabled for task ':core:writeDebugAarMetadata' because:
  Build cache is disabled
  Caching has been disabled for the task
Skipping task ':core:writeDebugAarMetadata' as it is up-to-date.
work action resolve aar-metadata.properties (project :core) (Thread[#1658,Execution worker Thread 7,5,main]) started.
Resolve mutations for :feature-location:writeDebugAarMetadata (Thread[#1658,Execution worker Thread 7,5,main]) started.
:feature-location:writeDebugAarMetadata (Thread[#1658,Execution worker Thread 7,5,main]) started.

> Task :feature-location:writeDebugAarMetadata UP-TO-DATE
Caching disabled for task ':feature-location:writeDebugAarMetadata' because:
  Build cache is disabled
  Caching has been disabled for the task
Skipping task ':feature-location:writeDebugAarMetadata' as it is up-to-date.
work action resolve aar-metadata.properties (project :feature-location) (Thread[#1658,Execution worker Thread 7,5,main]) started.
Resolve mutations for :feature-settings:writeDebugAarMetadata (Thread[#1658,Execution worker Thread 7,5,main]) started.
:feature-settings:writeDebugAarMetadata (Thread[#1658,Execution worker Thread 7,5,main]) started.

> Task :feature-settings:writeDebugAarMetadata UP-TO-DATE
Caching disabled for task ':feature-settings:writeDebugAarMetadata' because:
  Build cache is disabled
  Caching has been disabled for the task
Skipping task ':feature-settings:writeDebugAarMetadata' as it is up-to-date.
work action resolve aar-metadata.properties (project :feature-settings) (Thread[#1658,Execution worker Thread 7,5,main]) started.
Resolve mutations for :feature-weather:writeDebugAarMetadata (Thread[#1658,Execution worker Thread 7,5,main]) started.
:feature-weather:writeDebugAarMetadata (Thread[#1658,Execution worker Thread 7,5,main]) started.

> Task :feature-weather:writeDebugAarMetadata UP-TO-DATE
Caching disabled for task ':feature-weather:writeDebugAarMetadata' because:
  Build cache is disabled
  Caching has been disabled for the task
Skipping task ':feature-weather:writeDebugAarMetadata' as it is up-to-date.
work action resolve aar-metadata.properties (project :feature-weather) (Thread[#1661,Execution worker Thread 10,5,main]) started.
Resolve mutations for :app:checkDebugAarMetadata (Thread[#1657,Execution worker Thread 6,5,main]) started.

> Task :core:kspDebugKotlin
Caching disabled for task ':core:kspDebugKotlin' because:
  Build cache is disabled
Task ':core:kspDebugKotlin' is not up-to-date because:
  Value of input property 'kspConfig.logLevel' has changed for task ':core:kspDebugKotlin'
The input changes require a full rebuild for incremental task ':core:kspDebugKotlin'.
file or directory '/Users/joshy/Development/Android/Warbler-Weather/core/src/debug/kotlin', not found
file or directory '/Users/joshy/Development/Android/Warbler-Weather/core/src/debug/java', not found
file or directory '/Users/joshy/Development/Android/Warbler-Weather/core/src/main/kotlin', not found
file or directory '/Users/joshy/Development/Android/Warbler-Weather/core/src/debug/java', not found
file or directory '/Users/joshy/Development/Android/Warbler-Weather/core/src/main/kotlin', not found
file or directory '/Users/joshy/Development/Android/Warbler-Weather/core/src/debug/kotlin', not found
file or directory '/Users/joshy/Development/Android/Warbler-Weather/core/src/debug/java', not found
file or directory '/Users/joshy/Development/Android/Warbler-Weather/core/src/debug/kotlin', not found
file or directory '/Users/joshy/Development/Android/Warbler-Weather/core/src/debug/java', not found
file or directory '/Users/joshy/Development/Android/Warbler-Weather/core/src/main/kotlin', not found
i: [ksp] loaded provider(s): [dagger.hilt.processor.internal.uninstallmodules.KspUninstallModulesProcessor$Provider, dagger.hilt.android.processor.internal.viewmodel.KspViewModelProcessor$Provider, dagger.hilt.processor.internal.earlyentrypoint.KspEarlyEntryPointProcessor$Provider, dagger.hilt.android.processor.internal.androidentrypoint.KspAndroidEntryPointProcessor$Provider, dagger.hilt.processor.internal.definecomponent.KspDefineComponentProcessor$Provider, dagger.hilt.processor.internal.originatingelement.KspOriginatingElementProcessor$Provider, dagger.hilt.android.processor.internal.bindvalue.KspBindValueProcessor$Provider, dagger.hilt.processor.internal.root.KspComponentTreeDepsProcessor$Provider, dagger.hilt.processor.internal.root.KspRootProcessor$Provider, dagger.hilt.processor.internal.aliasof.KspAliasOfProcessor$Provider, dagger.hilt.processor.internal.aggregateddeps.KspAggregatedDepsProcessor$Provider, dagger.hilt.processor.internal.generatesrootinput.KspGeneratesRootInputProcessor$Provider, dagger.hilt.android.processor.internal.customtestapplication.KspCustomTestApplicationProcessor$Provider, androidx.hilt.AndroidXHiltKspProcessor$Provider, dagger.internal.codegen.KspComponentProcessor$Provider]
Resolve mutations for :core:kaptGenerateStubsDebugKotlin (Thread[#1667,Execution worker Thread 15,5,main]) started.
:core:kaptGenerateStubsDebugKotlin (Thread[#1667,Execution worker Thread 15,5,main]) started.

> Task :core:kaptGenerateStubsDebugKotlin UP-TO-DATE
Adding -Xuse-inline-scopes-numbers Kotlin compiler flag for task :core:compileDebugAndroidTestKotlin
GradleBuildProject.Builder should not be accessed through AnalyticsConfiguratorService after AnalyticsService is created. Analytics information of this build might be incomplete.
Caching disabled for task ':core:kaptGenerateStubsDebugKotlin' because:
  Build cache is disabled
Skipping task ':core:kaptGenerateStubsDebugKotlin' as it is up-to-date.
Resolve mutations for :core:kaptDebugKotlin (Thread[#1667,Execution worker Thread 15,5,main]) started.
:core:kaptDebugKotlin (Thread[#1667,Execution worker Thread 15,5,main]) started.

> Task :core:kaptDebugKotlin UP-TO-DATE
file or directory '/Users/joshy/Development/Android/Warbler-Weather/core/src/debug/kotlin', not found
file or directory '/Users/joshy/Development/Android/Warbler-Weather/core/src/debug/java', not found
file or directory '/Users/joshy/Development/Android/Warbler-Weather/core/src/debug/kotlin', not found
file or directory '/Users/joshy/Development/Android/Warbler-Weather/core/src/debug/java', not found
file or directory '/Users/joshy/Development/Android/Warbler-Weather/core/src/debug/kotlin', not found
file or directory '/Users/joshy/Development/Android/Warbler-Weather/core/src/debug/java', not found
file or directory '/Users/joshy/Development/Android/Warbler-Weather/core/build/generated/ksp/debug/kotlin', not found
file or directory '/Users/joshy/Development/Android/Warbler-Weather/core/build/generated/ksp/debug/java', not found
file or directory '/Users/joshy/Development/Android/Warbler-Weather/core/src/main/kotlin', not found
file or directory '/Users/joshy/Development/Android/Warbler-Weather/core/src/main/kotlin', not found
file or directory '/Users/joshy/Development/Android/Warbler-Weather/core/src/main/kotlin', not found
file or directory '/Users/joshy/Development/Android/Warbler-Weather/core/src/main/kotlin', not found
file or directory '/Users/joshy/Development/Android/Warbler-Weather/core/src/main/kotlin', not found
file or directory '/Users/joshy/Development/Android/Warbler-Weather/core/src/main/kotlin', not found
file or directory '/Users/joshy/Development/Android/Warbler-Weather/core/src/debug/kotlin', not found
file or directory '/Users/joshy/Development/Android/Warbler-Weather/core/src/debug/java', not found
file or directory '/Users/joshy/Development/Android/Warbler-Weather/core/src/debug/kotlin', not found
file or directory '/Users/joshy/Development/Android/Warbler-Weather/core/src/debug/java', not found
file or directory '/Users/joshy/Development/Android/Warbler-Weather/core/src/debug/kotlin', not found
file or directory '/Users/joshy/Development/Android/Warbler-Weather/core/src/debug/java', not found
file or directory '/Users/joshy/Development/Android/Warbler-Weather/core/build/generated/ksp/debug/kotlin', not found
file or directory '/Users/joshy/Development/Android/Warbler-Weather/core/build/generated/ksp/debug/java', not found
file or directory '/Users/joshy/Development/Android/Warbler-Weather/core/src/debug/java', not found
file or directory '/Users/joshy/Development/Android/Warbler-Weather/core/src/main/kotlin', not found
file or directory '/Users/joshy/Development/Android/Warbler-Weather/core/src/debug/kotlin', not found
Caching disabled for task ':core:kaptDebugKotlin' because:
  Build cache is disabled
Skipping task ':core:kaptDebugKotlin' as it is up-to-date.
work action resolve kaptDebugKotlin (project :core) (Thread[#1667,Execution worker Thread 15,5,main]) started.
work action resolve kaptDebugKotlin (project :core) (Thread[#1667,Execution worker Thread 15,5,main]) started.
Resolve mutations for :feature-location:dataBindingMergeDependencyArtifactsDebug (Thread[#1667,Execution worker Thread 15,5,main]) started.
:feature-location:dataBindingMergeDependencyArtifactsDebug (Thread[#1653,Execution worker Thread 2,5,main]) started.

> Task :feature-location:dataBindingMergeDependencyArtifactsDebug UP-TO-DATE
Caching disabled for task ':feature-location:dataBindingMergeDependencyArtifactsDebug' because:
  Build cache is disabled
  Caching has been disabled for the task
Skipping task ':feature-location:dataBindingMergeDependencyArtifactsDebug' as it is up-to-date.
Resolve mutations for :feature-location:dataBindingGenBaseClassesDebug (Thread[#1653,Execution worker Thread 2,5,main]) started.
:feature-location:dataBindingGenBaseClassesDebug (Thread[#1653,Execution worker Thread 2,5,main]) started.

> Task :feature-location:dataBindingGenBaseClassesDebug UP-TO-DATE
Caching disabled for task ':feature-location:dataBindingGenBaseClassesDebug' because:
  Build cache is disabled
Skipping task ':feature-location:dataBindingGenBaseClassesDebug' as it is up-to-date.
work action resolve out (project :feature-location) (Thread[#1653,Execution worker Thread 2,5,main]) started.
Resolve mutations for :core:compileDebugKotlin (Thread[#1652,Execution worker,5,main]) started.
:core:compileDebugKotlin (Thread[#1652,Execution worker,5,main]) started.

> Task :core:compileDebugKotlin UP-TO-DATE
Caching disabled for task ':core:compileDebugKotlin' because:
  Build cache is disabled
Skipping task ':core:compileDebugKotlin' as it is up-to-date.
Resolve mutations for :core:compileDebugJavaWithJavac (Thread[#1652,Execution worker,5,main]) started.
:core:compileDebugJavaWithJavac (Thread[#1652,Execution worker,5,main]) started.

> Task :core:compileDebugJavaWithJavac UP-TO-DATE
file or directory '/Users/joshy/Development/Android/Warbler-Weather/core/build/generated/ksp/debug/classes', not found
file or directory '/Users/joshy/Development/Android/Warbler-Weather/core/build/generated/ksp/debug/classes', not found
Custom actions are attached to task ':core:compileDebugJavaWithJavac'.
Caching disabled for task ':core:compileDebugJavaWithJavac' because:
  Build cache is disabled
Skipping task ':core:compileDebugJavaWithJavac' as it is up-to-date.
No compile result for :core:compileDebugJavaWithJavac
Resolve mutations for :core:transformDebugClassesWithAsm (Thread[#1652,Execution worker,5,main]) started.
:core:transformDebugClassesWithAsm (Thread[#1652,Execution worker,5,main]) started.

> Task :core:transformDebugClassesWithAsm UP-TO-DATE
file or directory '/Users/joshy/Development/Android/Warbler-Weather/core/build/generated/ksp/debug/classes', not found
file or directory '/Users/joshy/Development/Android/Warbler-Weather/core/build/generated/ksp/debug/classes', not found
Caching disabled for task ':core:transformDebugClassesWithAsm' because:
  Build cache is disabled
Skipping task ':core:transformDebugClassesWithAsm' as it is up-to-date.
Resolve mutations for :core:bundleLibCompileToJarDebug (Thread[#1652,Execution worker,5,main]) started.
:core:bundleLibCompileToJarDebug (Thread[#1652,Execution worker,5,main]) started.

> Task :core:bundleLibCompileToJarDebug UP-TO-DATE
Caching disabled for task ':core:bundleLibCompileToJarDebug' because:
  Build cache is disabled
  Simple merging task
Skipping task ':core:bundleLibCompileToJarDebug' as it is up-to-date.
work action resolve classes.jar (project :core) (Thread[#1652,Execution worker,5,main]) started.
Resolve mutations for :feature-location:kspDebugKotlin (Thread[#1652,Execution worker,5,main]) started.
AggregatedPackagesTransform (Thread[#1653,Execution worker Thread 2,5,main]) started.
:feature-location:kspDebugKotlin (Thread[#1652,Execution worker,5,main]) started.
Resolve mutations for :feature-settings:dataBindingMergeDependencyArtifactsDebug (Thread[#1653,Execution worker Thread 2,5,main]) started.
:feature-settings:dataBindingMergeDependencyArtifactsDebug (Thread[#1653,Execution worker Thread 2,5,main]) started.

> Task :feature-settings:dataBindingMergeDependencyArtifactsDebug UP-TO-DATE
Caching disabled for task ':feature-settings:dataBindingMergeDependencyArtifactsDebug' because:
  Build cache is disabled
  Caching has been disabled for the task
Skipping task ':feature-settings:dataBindingMergeDependencyArtifactsDebug' as it is up-to-date.
Resolve mutations for :feature-settings:dataBindingGenBaseClassesDebug (Thread[#1653,Execution worker Thread 2,5,main]) started.
:feature-settings:dataBindingGenBaseClassesDebug (Thread[#1653,Execution worker Thread 2,5,main]) started.

> Task :feature-settings:dataBindingGenBaseClassesDebug UP-TO-DATE
Caching disabled for task ':feature-settings:dataBindingGenBaseClassesDebug' because:
  Build cache is disabled
Skipping task ':feature-settings:dataBindingGenBaseClassesDebug' as it is up-to-date.
work action resolve out (project :feature-settings) (Thread[#1653,Execution worker Thread 2,5,main]) started.
Resolve mutations for :feature-settings:kspDebugKotlin (Thread[#1653,Execution worker Thread 2,5,main]) started.
:feature-settings:kspDebugKotlin (Thread[#1653,Execution worker Thread 2,5,main]) started.
Resolve mutations for :feature-weather:dataBindingMergeDependencyArtifactsDebug (Thread[#1655,Execution worker Thread 4,5,main]) started.
:feature-weather:dataBindingMergeDependencyArtifactsDebug (Thread[#1655,Execution worker Thread 4,5,main]) started.

> Task :feature-weather:dataBindingMergeDependencyArtifactsDebug UP-TO-DATE
Caching disabled for task ':feature-weather:dataBindingMergeDependencyArtifactsDebug' because:
  Build cache is disabled
  Caching has been disabled for the task
Skipping task ':feature-weather:dataBindingMergeDependencyArtifactsDebug' as it is up-to-date.
Resolve mutations for :feature-weather:dataBindingGenBaseClassesDebug (Thread[#1655,Execution worker Thread 4,5,main]) started.
:feature-weather:dataBindingGenBaseClassesDebug (Thread[#1655,Execution worker Thread 4,5,main]) started.

> Task :feature-weather:dataBindingGenBaseClassesDebug UP-TO-DATE
Caching disabled for task ':feature-weather:dataBindingGenBaseClassesDebug' because:
  Build cache is disabled
Skipping task ':feature-weather:dataBindingGenBaseClassesDebug' as it is up-to-date.
work action resolve out (project :feature-weather) (Thread[#1655,Execution worker Thread 4,5,main]) started.
Resolve mutations for :feature-weather:kspDebugKotlin (Thread[#1651,included builds,5,main]) started.
:feature-weather:kspDebugKotlin (Thread[#1651,included builds,5,main]) started.

> Task :feature-location:kspDebugKotlin
Caching disabled for task ':feature-location:kspDebugKotlin' because:
  Build cache is disabled
Task ':feature-location:kspDebugKotlin' is not up-to-date because:
  Value of input property 'kspConfig.logLevel' has changed for task ':feature-location:kspDebugKotlin'
The input changes require a full rebuild for incremental task ':feature-location:kspDebugKotlin'.
file or directory '/Users/joshy/Development/Android/Warbler-Weather/feature-location/src/debug/kotlin', not found
file or directory '/Users/joshy/Development/Android/Warbler-Weather/feature-location/src/debug/java', not found
file or directory '/Users/joshy/Development/Android/Warbler-Weather/feature-location/src/main/kotlin', not found
file or directory '/Users/joshy/Development/Android/Warbler-Weather/feature-location/src/debug/java', not found
file or directory '/Users/joshy/Development/Android/Warbler-Weather/feature-location/src/main/kotlin', not found
file or directory '/Users/joshy/Development/Android/Warbler-Weather/feature-location/src/debug/kotlin', not found
file or directory '/Users/joshy/Development/Android/Warbler-Weather/feature-location/src/debug/java', not found
file or directory '/Users/joshy/Development/Android/Warbler-Weather/feature-location/src/debug/kotlin', not found
file or directory '/Users/joshy/Development/Android/Warbler-Weather/feature-location/src/debug/java', not found
file or directory '/Users/joshy/Development/Android/Warbler-Weather/feature-location/src/main/kotlin', not found
i: [ksp] loaded provider(s): [dagger.hilt.processor.internal.uninstallmodules.KspUninstallModulesProcessor$Provider, dagger.hilt.android.processor.internal.viewmodel.KspViewModelProcessor$Provider, dagger.hilt.processor.internal.earlyentrypoint.KspEarlyEntryPointProcessor$Provider, dagger.hilt.android.processor.internal.androidentrypoint.KspAndroidEntryPointProcessor$Provider, dagger.hilt.processor.internal.definecomponent.KspDefineComponentProcessor$Provider, dagger.hilt.processor.internal.originatingelement.KspOriginatingElementProcessor$Provider, dagger.hilt.android.processor.internal.bindvalue.KspBindValueProcessor$Provider, dagger.hilt.processor.internal.root.KspComponentTreeDepsProcessor$Provider, dagger.hilt.processor.internal.root.KspRootProcessor$Provider, dagger.hilt.processor.internal.aliasof.KspAliasOfProcessor$Provider, dagger.hilt.processor.internal.aggregateddeps.KspAggregatedDepsProcessor$Provider, dagger.hilt.processor.internal.generatesrootinput.KspGeneratesRootInputProcessor$Provider, dagger.hilt.android.processor.internal.customtestapplication.KspCustomTestApplicationProcessor$Provider, androidx.hilt.AndroidXHiltKspProcessor$Provider, dagger.internal.codegen.KspComponentProcessor$Provider]
Resolve mutations for :feature-location:kaptGenerateStubsDebugKotlin (Thread[#1652,Execution worker,5,main]) started.
:feature-location:kaptGenerateStubsDebugKotlin (Thread[#1652,Execution worker,5,main]) started.

> Task :feature-location:kaptGenerateStubsDebugKotlin UP-TO-DATE
Adding -Xuse-inline-scopes-numbers Kotlin compiler flag for task :feature-location:compileDebugAndroidTestKotlin
GradleBuildProject.Builder should not be accessed through AnalyticsConfiguratorService after AnalyticsService is created. Analytics information of this build might be incomplete.
Caching disabled for task ':feature-location:kaptGenerateStubsDebugKotlin' because:
  Build cache is disabled
Skipping task ':feature-location:kaptGenerateStubsDebugKotlin' as it is up-to-date.
Resolve mutations for :feature-location:kaptDebugKotlin (Thread[#1652,Execution worker,5,main]) started.
:feature-location:kaptDebugKotlin (Thread[#1652,Execution worker,5,main]) started.

> Task :feature-location:kaptDebugKotlin UP-TO-DATE
file or directory '/Users/joshy/Development/Android/Warbler-Weather/feature-location/src/debug/kotlin', not found
file or directory '/Users/joshy/Development/Android/Warbler-Weather/feature-location/src/debug/java', not found
file or directory '/Users/joshy/Development/Android/Warbler-Weather/feature-location/src/debug/kotlin', not found
file or directory '/Users/joshy/Development/Android/Warbler-Weather/feature-location/src/debug/java', not found
file or directory '/Users/joshy/Development/Android/Warbler-Weather/feature-location/src/debug/kotlin', not found
file or directory '/Users/joshy/Development/Android/Warbler-Weather/feature-location/src/debug/java', not found
file or directory '/Users/joshy/Development/Android/Warbler-Weather/feature-location/build/generated/ksp/debug/kotlin', not found
file or directory '/Users/joshy/Development/Android/Warbler-Weather/feature-location/build/generated/ksp/debug/java', not found
file or directory '/Users/joshy/Development/Android/Warbler-Weather/feature-location/src/main/kotlin', not found
file or directory '/Users/joshy/Development/Android/Warbler-Weather/feature-location/src/main/kotlin', not found
file or directory '/Users/joshy/Development/Android/Warbler-Weather/feature-location/src/main/kotlin', not found
file or directory '/Users/joshy/Development/Android/Warbler-Weather/feature-location/src/main/kotlin', not found
file or directory '/Users/joshy/Development/Android/Warbler-Weather/feature-location/src/main/kotlin', not found
file or directory '/Users/joshy/Development/Android/Warbler-Weather/feature-location/src/main/kotlin', not found
file or directory '/Users/joshy/Development/Android/Warbler-Weather/feature-location/src/debug/kotlin', not found
file or directory '/Users/joshy/Development/Android/Warbler-Weather/feature-location/src/debug/java', not found
file or directory '/Users/joshy/Development/Android/Warbler-Weather/feature-location/src/debug/kotlin', not found
file or directory '/Users/joshy/Development/Android/Warbler-Weather/feature-location/src/debug/java', not found
file or directory '/Users/joshy/Development/Android/Warbler-Weather/feature-location/src/debug/kotlin', not found
file or directory '/Users/joshy/Development/Android/Warbler-Weather/feature-location/src/debug/java', not found
file or directory '/Users/joshy/Development/Android/Warbler-Weather/feature-location/build/generated/ksp/debug/kotlin', not found
file or directory '/Users/joshy/Development/Android/Warbler-Weather/feature-location/build/generated/ksp/debug/java', not found
file or directory '/Users/joshy/Development/Android/Warbler-Weather/feature-location/src/debug/java', not found
file or directory '/Users/joshy/Development/Android/Warbler-Weather/feature-location/src/main/kotlin', not found
file or directory '/Users/joshy/Development/Android/Warbler-Weather/feature-location/src/debug/kotlin', not found
Caching disabled for task ':feature-location:kaptDebugKotlin' because:
  Build cache is disabled
Skipping task ':feature-location:kaptDebugKotlin' as it is up-to-date.
work action resolve kaptDebugKotlin (project :feature-location) (Thread[#1652,Execution worker,5,main]) started.
work action resolve kaptDebugKotlin (project :feature-location) (Thread[#1652,Execution worker,5,main]) started.
Resolve mutations for :core:bundleLibRuntimeToJarDebug (Thread[#1652,Execution worker,5,main]) started.
:core:bundleLibRuntimeToJarDebug (Thread[#1652,Execution worker,5,main]) started.

> Task :core:bundleLibRuntimeToJarDebug UP-TO-DATE
Caching disabled for task ':core:bundleLibRuntimeToJarDebug' because:
  Build cache is disabled
  Simple merging task
Skipping task ':core:bundleLibRuntimeToJarDebug' as it is up-to-date.
work action resolve classes.jar (project :core) (Thread[#1652,Execution worker,5,main]) started.
work action org.gradle.api.internal.artifacts.transform.DefaultTransformUpstreamDependenciesResolver$FinalizeTransformDependenciesFromSelectedArtifacts$CalculateFinalDependencies@798f079f (Thread[#1660,Execution worker Thread 9,5,main]) started.
AsmClassesTransform (Thread[#1655,Execution worker Thread 4,5,main]) started.
AggregatedPackagesTransform (Thread[#1656,Execution worker Thread 5,5,main]) started.
work action Dependencies for project :feature-weather {artifactType=android-classes-jar, asm-transformed-variant=debug} (Thread[#1660,Execution worker Thread 9,5,main]) started.
file or directory '/Users/joshy/Development/Android/Warbler-Weather/app/libs', not found
work action org.gradle.api.internal.artifacts.transform.DefaultTransformUpstreamDependenciesResolver$FinalizeTransformDependenciesFromSelectedArtifacts$CalculateFinalDependencies@18c64a41 (Thread[#1660,Execution worker Thread 9,5,main]) started.
work action Dependencies for project :feature-location {artifactType=android-classes-jar, asm-transformed-variant=debug} (Thread[#1660,Execution worker Thread 9,5,main]) started.
file or directory '/Users/joshy/Development/Android/Warbler-Weather/app/libs', not found
work action org.gradle.api.internal.artifacts.transform.DefaultTransformUpstreamDependenciesResolver$FinalizeTransformDependenciesFromSelectedArtifacts$CalculateFinalDependencies@6d730e33 (Thread[#1660,Execution worker Thread 9,5,main]) started.

> Transform classes.jar (project :core) with AsmClassesTransform
file or directory '/Users/joshy/Development/Android/Warbler-Weather/app/libs', not found
DexingNoClasspathTransform (Thread[#1655,Execution worker Thread 4,5,main]) started.
work action Dependencies for project :feature-settings {artifactType=android-classes-jar, asm-transformed-variant=debug} (Thread[#1660,Execution worker Thread 9,5,main]) started.
file or directory '/Users/joshy/Development/Android/Warbler-Weather/app/libs', not found
Resolve mutations for :feature-location:compileDebugKotlin (Thread[#1660,Execution worker Thread 9,5,main]) started.

> Transform classes.jar (project :core) with DexingNoClasspathTransform
Caching disabled for DexingNoClasspathTransform: /Users/joshy/.gradle/caches/9.5.1/transforms/2c3b7593863468bf890b86bdbaa1cd78/transformed/classes.jar because:
  Build cache is disabled
Skipping DexingNoClasspathTransform: /Users/joshy/.gradle/caches/9.5.1/transforms/2c3b7593863468bf890b86bdbaa1cd78/transformed/classes.jar as it is up-to-date.
DexingOutputSplitTransform (Thread[#1655,Execution worker Thread 4,5,main]) started.
:feature-location:compileDebugKotlin (Thread[#1660,Execution worker Thread 9,5,main]) started.

> Task :feature-location:compileDebugKotlin UP-TO-DATE
Caching disabled for task ':feature-location:compileDebugKotlin' because:
  Build cache is disabled
Skipping task ':feature-location:compileDebugKotlin' as it is up-to-date.
Resolve mutations for :feature-location:compileDebugJavaWithJavac (Thread[#1660,Execution worker Thread 9,5,main]) started.
:feature-location:compileDebugJavaWithJavac (Thread[#1660,Execution worker Thread 9,5,main]) started.

> Task :feature-location:compileDebugJavaWithJavac UP-TO-DATE
file or directory '/Users/joshy/Development/Android/Warbler-Weather/feature-location/build/generated/ksp/debug/classes', not found
file or directory '/Users/joshy/Development/Android/Warbler-Weather/feature-location/build/generated/ksp/debug/classes', not found
Custom actions are attached to task ':feature-location:compileDebugJavaWithJavac'.
Caching disabled for task ':feature-location:compileDebugJavaWithJavac' because:
  Build cache is disabled
Skipping task ':feature-location:compileDebugJavaWithJavac' as it is up-to-date.
No compile result for :feature-location:compileDebugJavaWithJavac
Resolve mutations for :feature-location:transformDebugClassesWithAsm (Thread[#1660,Execution worker Thread 9,5,main]) started.
:feature-location:transformDebugClassesWithAsm (Thread[#1660,Execution worker Thread 9,5,main]) started.

> Task :feature-location:transformDebugClassesWithAsm UP-TO-DATE
file or directory '/Users/joshy/Development/Android/Warbler-Weather/feature-location/build/generated/ksp/debug/classes', not found
file or directory '/Users/joshy/Development/Android/Warbler-Weather/feature-location/build/generated/ksp/debug/classes', not found
Caching disabled for task ':feature-location:transformDebugClassesWithAsm' because:
  Build cache is disabled
Skipping task ':feature-location:transformDebugClassesWithAsm' as it is up-to-date.
Resolve mutations for :feature-location:bundleLibCompileToJarDebug (Thread[#1660,Execution worker Thread 9,5,main]) started.
:feature-location:bundleLibCompileToJarDebug (Thread[#1660,Execution worker Thread 9,5,main]) started.

> Task :feature-location:bundleLibCompileToJarDebug UP-TO-DATE
Caching disabled for task ':feature-location:bundleLibCompileToJarDebug' because:
  Build cache is disabled
  Simple merging task
Skipping task ':feature-location:bundleLibCompileToJarDebug' as it is up-to-date.
work action resolve classes.jar (project :feature-location) (Thread[#1660,Execution worker Thread 9,5,main]) started.
Resolve mutations for :core:processDebugJavaRes (Thread[#1660,Execution worker Thread 9,5,main]) started.
AggregatedPackagesTransform (Thread[#1657,Execution worker Thread 6,5,main]) started.
:core:processDebugJavaRes (Thread[#1660,Execution worker Thread 9,5,main]) started.

> Task :core:processDebugJavaRes UP-TO-DATE
file or directory '/Users/joshy/Development/Android/Warbler-Weather/core/src/main/resources', not found
file or directory '/Users/joshy/Development/Android/Warbler-Weather/core/src/debug/resources', not found
file or directory '/Users/joshy/Development/Android/Warbler-Weather/core/build/generated/ksp/debug/classes', not found
file or directory '/Users/joshy/Development/Android/Warbler-Weather/core/build/generated/ksp/debug/classes', not found
Caching disabled for task ':core:processDebugJavaRes' because:
  Build cache is disabled
  Caching has been disabled for the task
Skipping task ':core:processDebugJavaRes' as it is up-to-date.
work action resolve out (project :core) (Thread[#1660,Execution worker Thread 9,5,main]) started.
Resolve mutations for :feature-location:processDebugJavaRes (Thread[#1660,Execution worker Thread 9,5,main]) started.
:feature-location:processDebugJavaRes (Thread[#1660,Execution worker Thread 9,5,main]) started.

> Task :feature-location:processDebugJavaRes UP-TO-DATE
file or directory '/Users/joshy/Development/Android/Warbler-Weather/feature-location/src/main/resources', not found
file or directory '/Users/joshy/Development/Android/Warbler-Weather/feature-location/src/debug/resources', not found
file or directory '/Users/joshy/Development/Android/Warbler-Weather/feature-location/build/generated/ksp/debug/classes', not found
file or directory '/Users/joshy/Development/Android/Warbler-Weather/feature-location/build/generated/ksp/debug/classes', not found
Caching disabled for task ':feature-location:processDebugJavaRes' because:
  Build cache is disabled
  Caching has been disabled for the task
Skipping task ':feature-location:processDebugJavaRes' as it is up-to-date.
work action resolve out (project :feature-location) (Thread[#1660,Execution worker Thread 9,5,main]) started.
Resolve mutations for :feature-location:bundleLibRuntimeToJarDebug (Thread[#1660,Execution worker Thread 9,5,main]) started.
:feature-location:bundleLibRuntimeToJarDebug (Thread[#1660,Execution worker Thread 9,5,main]) started.

> Task :feature-location:bundleLibRuntimeToJarDebug UP-TO-DATE
Caching disabled for task ':feature-location:bundleLibRuntimeToJarDebug' because:
  Build cache is disabled
  Simple merging task
Skipping task ':feature-location:bundleLibRuntimeToJarDebug' as it is up-to-date.
work action resolve classes.jar (project :feature-location) (Thread[#1660,Execution worker Thread 9,5,main]) started.
AsmClassesTransform (Thread[#1660,Execution worker Thread 9,5,main]) started.
AggregatedPackagesTransform (Thread[#1652,Execution worker,5,main]) started.
:app:checkDebugAarMetadata (Thread[#1656,Execution worker Thread 5,5,main]) started.

> Transform classes.jar (project :feature-location) with AsmClassesTransform
file or directory '/Users/joshy/Development/Android/Warbler-Weather/app/libs', not found
DexingNoClasspathTransform (Thread[#1660,Execution worker Thread 9,5,main]) started.

> Transform classes.jar (project :feature-location) with DexingNoClasspathTransform
Caching disabled for DexingNoClasspathTransform: /Users/joshy/.gradle/caches/9.5.1/transforms/bbf68a384af1651f1b79794d435835d8/transformed/classes.jar because:
  Build cache is disabled
Skipping DexingNoClasspathTransform: /Users/joshy/.gradle/caches/9.5.1/transforms/bbf68a384af1651f1b79794d435835d8/transformed/classes.jar as it is up-to-date.
DexingOutputSplitTransform (Thread[#1660,Execution worker Thread 9,5,main]) started.

> Task :app:checkDebugAarMetadata UP-TO-DATE
file or directory '/Users/joshy/Development/Android/Warbler-Weather/app/libs', not found
Caching disabled for task ':app:checkDebugAarMetadata' because:
  Build cache is disabled
  Caching has been disabled for the task
Skipping task ':app:checkDebugAarMetadata' as it is up-to-date.
Resolve mutations for :app:compileDebugNavigationResources (Thread[#1656,Execution worker Thread 5,5,main]) started.
:app:compileDebugNavigationResources (Thread[#1656,Execution worker Thread 5,5,main]) started.

> Task :app:compileDebugNavigationResources UP-TO-DATE
Caching disabled for task ':app:compileDebugNavigationResources' because:
  Build cache is disabled
Skipping task ':app:compileDebugNavigationResources' as it is up-to-date.
Resolve mutations for :app:createDebugCompatibleScreenManifests (Thread[#1656,Execution worker Thread 5,5,main]) started.
:app:createDebugCompatibleScreenManifests (Thread[#1656,Execution worker Thread 5,5,main]) started.

> Task :app:createDebugCompatibleScreenManifests UP-TO-DATE
Caching disabled for task ':app:createDebugCompatibleScreenManifests' because:
  Build cache is disabled
  Caching has been disabled for the task
Skipping task ':app:createDebugCompatibleScreenManifests' as it is up-to-date.
Resolve mutations for :app:extractDeepLinksDebug (Thread[#1656,Execution worker Thread 5,5,main]) started.
:app:extractDeepLinksDebug (Thread[#1656,Execution worker Thread 5,5,main]) started.

> Task :app:extractDeepLinksDebug UP-TO-DATE
Caching disabled for task ':app:extractDeepLinksDebug' because:
  Build cache is disabled
Skipping task ':app:extractDeepLinksDebug' as it is up-to-date.
Resolve mutations for :core:extractDeepLinksDebug (Thread[#1656,Execution worker Thread 5,5,main]) started.
:core:extractDeepLinksDebug (Thread[#1656,Execution worker Thread 5,5,main]) started.

> Task :core:extractDeepLinksDebug UP-TO-DATE
Caching disabled for task ':core:extractDeepLinksDebug' because:
  Build cache is disabled
Skipping task ':core:extractDeepLinksDebug' as it is up-to-date.
work action resolve navigation.json (project :core) (Thread[#1656,Execution worker Thread 5,5,main]) started.
Resolve mutations for :core:processDebugManifest (Thread[#1656,Execution worker Thread 5,5,main]) started.
:core:processDebugManifest (Thread[#1656,Execution worker Thread 5,5,main]) started.

> Task :core:processDebugManifest UP-TO-DATE
Caching disabled for task ':core:processDebugManifest' because:
  Build cache is disabled
Skipping task ':core:processDebugManifest' as it is up-to-date.
work action resolve AndroidManifest.xml (project :core) (Thread[#1656,Execution worker Thread 5,5,main]) started.
Resolve mutations for :feature-location:extractDeepLinksDebug (Thread[#1656,Execution worker Thread 5,5,main]) started.
:feature-location:extractDeepLinksDebug (Thread[#1656,Execution worker Thread 5,5,main]) started.

> Task :feature-location:extractDeepLinksDebug UP-TO-DATE
Caching disabled for task ':feature-location:extractDeepLinksDebug' because:
  Build cache is disabled
Skipping task ':feature-location:extractDeepLinksDebug' as it is up-to-date.
work action resolve navigation.json (project :feature-location) (Thread[#1656,Execution worker Thread 5,5,main]) started.
Resolve mutations for :feature-location:processDebugManifest (Thread[#1656,Execution worker Thread 5,5,main]) started.
:feature-location:processDebugManifest (Thread[#1656,Execution worker Thread 5,5,main]) started.

> Task :feature-location:processDebugManifest UP-TO-DATE
Caching disabled for task ':feature-location:processDebugManifest' because:
  Build cache is disabled
Skipping task ':feature-location:processDebugManifest' as it is up-to-date.
work action resolve AndroidManifest.xml (project :feature-location) (Thread[#1656,Execution worker Thread 5,5,main]) started.
Resolve mutations for :feature-settings:extractDeepLinksDebug (Thread[#1656,Execution worker Thread 5,5,main]) started.
:feature-settings:extractDeepLinksDebug (Thread[#1656,Execution worker Thread 5,5,main]) started.

> Task :feature-settings:extractDeepLinksDebug UP-TO-DATE
Caching disabled for task ':feature-settings:extractDeepLinksDebug' because:
  Build cache is disabled
Skipping task ':feature-settings:extractDeepLinksDebug' as it is up-to-date.
work action resolve navigation.json (project :feature-settings) (Thread[#1656,Execution worker Thread 5,5,main]) started.
Resolve mutations for :feature-settings:processDebugManifest (Thread[#1656,Execution worker Thread 5,5,main]) started.
:feature-settings:processDebugManifest (Thread[#1656,Execution worker Thread 5,5,main]) started.

> Task :feature-settings:processDebugManifest UP-TO-DATE
Caching disabled for task ':feature-settings:processDebugManifest' because:
  Build cache is disabled
Skipping task ':feature-settings:processDebugManifest' as it is up-to-date.
work action resolve AndroidManifest.xml (project :feature-settings) (Thread[#1656,Execution worker Thread 5,5,main]) started.
Resolve mutations for :feature-weather:extractDeepLinksDebug (Thread[#1656,Execution worker Thread 5,5,main]) started.
:feature-weather:extractDeepLinksDebug (Thread[#1656,Execution worker Thread 5,5,main]) started.

> Task :feature-weather:extractDeepLinksDebug UP-TO-DATE
Caching disabled for task ':feature-weather:extractDeepLinksDebug' because:
  Build cache is disabled
Skipping task ':feature-weather:extractDeepLinksDebug' as it is up-to-date.
work action resolve navigation.json (project :feature-weather) (Thread[#1656,Execution worker Thread 5,5,main]) started.
Resolve mutations for :feature-weather:processDebugManifest (Thread[#1656,Execution worker Thread 5,5,main]) started.
:feature-weather:processDebugManifest (Thread[#1656,Execution worker Thread 5,5,main]) started.

> Task :feature-weather:processDebugManifest UP-TO-DATE
Caching disabled for task ':feature-weather:processDebugManifest' because:
  Build cache is disabled
Skipping task ':feature-weather:processDebugManifest' as it is up-to-date.
work action resolve AndroidManifest.xml (project :feature-weather) (Thread[#1656,Execution worker Thread 5,5,main]) started.
Resolve mutations for :app:processDebugMainManifest (Thread[#1656,Execution worker Thread 5,5,main]) started.
:app:processDebugMainManifest (Thread[#1656,Execution worker Thread 5,5,main]) started.

> Task :app:processDebugMainManifest UP-TO-DATE
file or directory '/Users/joshy/Development/Android/Warbler-Weather/app/libs', not found
file or directory '/Users/joshy/Development/Android/Warbler-Weather/app/libs', not found
Caching disabled for task ':app:processDebugMainManifest' because:
  Build cache is disabled
Skipping task ':app:processDebugMainManifest' as it is up-to-date.
Resolve mutations for :app:processDebugManifest (Thread[#1656,Execution worker Thread 5,5,main]) started.
:app:processDebugManifest (Thread[#1656,Execution worker Thread 5,5,main]) started.

> Task :app:processDebugManifest UP-TO-DATE
Caching disabled for task ':app:processDebugManifest' because:
  Build cache is disabled
Skipping task ':app:processDebugManifest' as it is up-to-date.
Resolve mutations for :app:processDebugManifestForPackage (Thread[#1656,Execution worker Thread 5,5,main]) started.
:app:processDebugManifestForPackage (Thread[#1656,Execution worker Thread 5,5,main]) started.

> Task :app:processDebugManifestForPackage UP-TO-DATE
Custom actions are attached to task ':app:processDebugManifestForPackage'.
Caching disabled for task ':app:processDebugManifestForPackage' because:
  Build cache is disabled
Skipping task ':app:processDebugManifestForPackage' as it is up-to-date.
Resolve mutations for :core:mapDebugSourceSetPaths (Thread[#1656,Execution worker Thread 5,5,main]) started.
:core:mapDebugSourceSetPaths (Thread[#1656,Execution worker Thread 5,5,main]) started.

> Task :core:mapDebugSourceSetPaths UP-TO-DATE
Caching disabled for task ':core:mapDebugSourceSetPaths' because:
  Build cache is disabled
  Caching has been disabled for the task
Skipping task ':core:mapDebugSourceSetPaths' as it is up-to-date.
work action resolve file-map.txt (project :core) (Thread[#1656,Execution worker Thread 5,5,main]) started.
Resolve mutations for :core:compileDebugLibraryResources (Thread[#1656,Execution worker Thread 5,5,main]) started.
:core:compileDebugLibraryResources (Thread[#1656,Execution worker Thread 5,5,main]) started.

> Task :core:compileDebugLibraryResources UP-TO-DATE
Caching disabled for task ':core:compileDebugLibraryResources' because:
  Build cache is disabled
Skipping task ':core:compileDebugLibraryResources' as it is up-to-date.
work action resolve out (project :core) (Thread[#1656,Execution worker Thread 5,5,main]) started.
Resolve mutations for :feature-location:mapDebugSourceSetPaths (Thread[#1656,Execution worker Thread 5,5,main]) started.
:feature-location:mapDebugSourceSetPaths (Thread[#1656,Execution worker Thread 5,5,main]) started.

> Task :feature-location:mapDebugSourceSetPaths UP-TO-DATE
Caching disabled for task ':feature-location:mapDebugSourceSetPaths' because:
  Build cache is disabled
  Caching has been disabled for the task
Skipping task ':feature-location:mapDebugSourceSetPaths' as it is up-to-date.
work action resolve file-map.txt (project :feature-location) (Thread[#1656,Execution worker Thread 5,5,main]) started.
Resolve mutations for :feature-location:compileDebugLibraryResources (Thread[#1656,Execution worker Thread 5,5,main]) started.
:feature-location:compileDebugLibraryResources (Thread[#1656,Execution worker Thread 5,5,main]) started.

> Task :feature-location:compileDebugLibraryResources UP-TO-DATE
Caching disabled for task ':feature-location:compileDebugLibraryResources' because:
  Build cache is disabled
Skipping task ':feature-location:compileDebugLibraryResources' as it is up-to-date.
work action resolve out (project :feature-location) (Thread[#1656,Execution worker Thread 5,5,main]) started.
Resolve mutations for :feature-settings:mapDebugSourceSetPaths (Thread[#1656,Execution worker Thread 5,5,main]) started.
:feature-settings:mapDebugSourceSetPaths (Thread[#1656,Execution worker Thread 5,5,main]) started.

> Task :feature-settings:mapDebugSourceSetPaths UP-TO-DATE
Caching disabled for task ':feature-settings:mapDebugSourceSetPaths' because:
  Build cache is disabled
  Caching has been disabled for the task
Skipping task ':feature-settings:mapDebugSourceSetPaths' as it is up-to-date.
work action resolve file-map.txt (project :feature-settings) (Thread[#1656,Execution worker Thread 5,5,main]) started.
Resolve mutations for :feature-settings:compileDebugLibraryResources (Thread[#1656,Execution worker Thread 5,5,main]) started.
:feature-settings:compileDebugLibraryResources (Thread[#1656,Execution worker Thread 5,5,main]) started.

> Task :feature-settings:compileDebugLibraryResources UP-TO-DATE
Caching disabled for task ':feature-settings:compileDebugLibraryResources' because:
  Build cache is disabled
Skipping task ':feature-settings:compileDebugLibraryResources' as it is up-to-date.
work action resolve out (project :feature-settings) (Thread[#1656,Execution worker Thread 5,5,main]) started.
Resolve mutations for :feature-weather:mapDebugSourceSetPaths (Thread[#1656,Execution worker Thread 5,5,main]) started.
:feature-weather:mapDebugSourceSetPaths (Thread[#1656,Execution worker Thread 5,5,main]) started.

> Task :feature-weather:mapDebugSourceSetPaths UP-TO-DATE
Caching disabled for task ':feature-weather:mapDebugSourceSetPaths' because:
  Build cache is disabled
  Caching has been disabled for the task
Skipping task ':feature-weather:mapDebugSourceSetPaths' as it is up-to-date.
work action resolve file-map.txt (project :feature-weather) (Thread[#1656,Execution worker Thread 5,5,main]) started.
Resolve mutations for :feature-weather:compileDebugLibraryResources (Thread[#1656,Execution worker Thread 5,5,main]) started.
:feature-weather:compileDebugLibraryResources (Thread[#1656,Execution worker Thread 5,5,main]) started.

> Task :feature-weather:compileDebugLibraryResources UP-TO-DATE
Caching disabled for task ':feature-weather:compileDebugLibraryResources' because:
  Build cache is disabled
Skipping task ':feature-weather:compileDebugLibraryResources' as it is up-to-date.
work action resolve out (project :feature-weather) (Thread[#1656,Execution worker Thread 5,5,main]) started.
Resolve mutations for :app:processDebugResources (Thread[#1656,Execution worker Thread 5,5,main]) started.
:app:processDebugResources (Thread[#1656,Execution worker Thread 5,5,main]) started.

> Task :app:processDebugResources UP-TO-DATE
file or directory '/Users/joshy/Development/Android/Warbler-Weather/app/libs', not found
file or directory '/Users/joshy/Development/Android/Warbler-Weather/app/libs', not found
file or directory '/Users/joshy/Development/Android/Warbler-Weather/app/libs', not found
Caching disabled for task ':app:processDebugResources' because:
  Build cache is disabled
Skipping task ':app:processDebugResources' as it is up-to-date.
Resolve mutations for :app:mergeDebugJniLibFolders (Thread[#1656,Execution worker Thread 5,5,main]) started.
:app:mergeDebugJniLibFolders (Thread[#1656,Execution worker Thread 5,5,main]) started.

> Task :app:mergeDebugJniLibFolders UP-TO-DATE
Caching disabled for task ':app:mergeDebugJniLibFolders' because:
  Build cache is disabled
  Simple merging task
Skipping task ':app:mergeDebugJniLibFolders' as it is up-to-date.
Resolve mutations for :core:mergeDebugJniLibFolders (Thread[#1656,Execution worker Thread 5,5,main]) started.
:core:mergeDebugJniLibFolders (Thread[#1656,Execution worker Thread 5,5,main]) started.

> Task :core:mergeDebugJniLibFolders UP-TO-DATE
Caching disabled for task ':core:mergeDebugJniLibFolders' because:
  Build cache is disabled
  Simple merging task
Skipping task ':core:mergeDebugJniLibFolders' as it is up-to-date.
Resolve mutations for :core:mergeDebugNativeLibs (Thread[#1656,Execution worker Thread 5,5,main]) started.
:core:mergeDebugNativeLibs (Thread[#1656,Execution worker Thread 5,5,main]) started.

> Task :core:mergeDebugNativeLibs NO-SOURCE
Skipping task ':core:mergeDebugNativeLibs' as it has no source files and no previous output files.
Resolve mutations for :core:copyDebugJniLibsProjectOnly (Thread[#1656,Execution worker Thread 5,5,main]) started.
:core:copyDebugJniLibsProjectOnly (Thread[#1656,Execution worker Thread 5,5,main]) started.

> Task :core:copyDebugJniLibsProjectOnly UP-TO-DATE
Caching disabled for task ':core:copyDebugJniLibsProjectOnly' because:
  Build cache is disabled
  Caching has been disabled for the task
Skipping task ':core:copyDebugJniLibsProjectOnly' as it is up-to-date.
work action resolve jni (project :core) (Thread[#1656,Execution worker Thread 5,5,main]) started.
Resolve mutations for :feature-location:mergeDebugJniLibFolders (Thread[#1656,Execution worker Thread 5,5,main]) started.
:feature-location:mergeDebugJniLibFolders (Thread[#1656,Execution worker Thread 5,5,main]) started.

> Task :feature-location:mergeDebugJniLibFolders UP-TO-DATE
Caching disabled for task ':feature-location:mergeDebugJniLibFolders' because:
  Build cache is disabled
  Simple merging task
Skipping task ':feature-location:mergeDebugJniLibFolders' as it is up-to-date.
Resolve mutations for :feature-location:mergeDebugNativeLibs (Thread[#1656,Execution worker Thread 5,5,main]) started.
:feature-location:mergeDebugNativeLibs (Thread[#1656,Execution worker Thread 5,5,main]) started.

> Task :feature-location:mergeDebugNativeLibs NO-SOURCE
Skipping task ':feature-location:mergeDebugNativeLibs' as it has no source files and no previous output files.
Resolve mutations for :feature-location:copyDebugJniLibsProjectOnly (Thread[#1656,Execution worker Thread 5,5,main]) started.
:feature-location:copyDebugJniLibsProjectOnly (Thread[#1656,Execution worker Thread 5,5,main]) started.

> Task :feature-location:copyDebugJniLibsProjectOnly UP-TO-DATE
Caching disabled for task ':feature-location:copyDebugJniLibsProjectOnly' because:
  Build cache is disabled
  Caching has been disabled for the task
Skipping task ':feature-location:copyDebugJniLibsProjectOnly' as it is up-to-date.
work action resolve jni (project :feature-location) (Thread[#1656,Execution worker Thread 5,5,main]) started.
Resolve mutations for :feature-settings:mergeDebugJniLibFolders (Thread[#1656,Execution worker Thread 5,5,main]) started.
:feature-settings:mergeDebugJniLibFolders (Thread[#1656,Execution worker Thread 5,5,main]) started.

> Task :feature-settings:mergeDebugJniLibFolders UP-TO-DATE
Caching disabled for task ':feature-settings:mergeDebugJniLibFolders' because:
  Build cache is disabled
  Simple merging task
Skipping task ':feature-settings:mergeDebugJniLibFolders' as it is up-to-date.
Resolve mutations for :feature-settings:mergeDebugNativeLibs (Thread[#1656,Execution worker Thread 5,5,main]) started.
:feature-settings:mergeDebugNativeLibs (Thread[#1656,Execution worker Thread 5,5,main]) started.

> Task :feature-settings:mergeDebugNativeLibs NO-SOURCE
Skipping task ':feature-settings:mergeDebugNativeLibs' as it has no source files and no previous output files.
Resolve mutations for :feature-settings:copyDebugJniLibsProjectOnly (Thread[#1656,Execution worker Thread 5,5,main]) started.
:feature-settings:copyDebugJniLibsProjectOnly (Thread[#1656,Execution worker Thread 5,5,main]) started.

> Task :feature-settings:copyDebugJniLibsProjectOnly UP-TO-DATE
Caching disabled for task ':feature-settings:copyDebugJniLibsProjectOnly' because:
  Build cache is disabled
  Caching has been disabled for the task
Skipping task ':feature-settings:copyDebugJniLibsProjectOnly' as it is up-to-date.
work action resolve jni (project :feature-settings) (Thread[#1656,Execution worker Thread 5,5,main]) started.
Resolve mutations for :feature-weather:mergeDebugJniLibFolders (Thread[#1656,Execution worker Thread 5,5,main]) started.
:feature-weather:mergeDebugJniLibFolders (Thread[#1656,Execution worker Thread 5,5,main]) started.

> Task :feature-weather:mergeDebugJniLibFolders UP-TO-DATE
Caching disabled for task ':feature-weather:mergeDebugJniLibFolders' because:
  Build cache is disabled
  Simple merging task
Skipping task ':feature-weather:mergeDebugJniLibFolders' as it is up-to-date.
Resolve mutations for :feature-weather:mergeDebugNativeLibs (Thread[#1656,Execution worker Thread 5,5,main]) started.
:feature-weather:mergeDebugNativeLibs (Thread[#1656,Execution worker Thread 5,5,main]) started.

> Task :feature-weather:mergeDebugNativeLibs NO-SOURCE
Skipping task ':feature-weather:mergeDebugNativeLibs' as it has no source files and no previous output files.
Resolve mutations for :feature-weather:copyDebugJniLibsProjectOnly (Thread[#1656,Execution worker Thread 5,5,main]) started.
:feature-weather:copyDebugJniLibsProjectOnly (Thread[#1656,Execution worker Thread 5,5,main]) started.

> Task :feature-weather:copyDebugJniLibsProjectOnly UP-TO-DATE
Caching disabled for task ':feature-weather:copyDebugJniLibsProjectOnly' because:
  Build cache is disabled
  Caching has been disabled for the task
Skipping task ':feature-weather:copyDebugJniLibsProjectOnly' as it is up-to-date.
work action resolve jni (project :feature-weather) (Thread[#1656,Execution worker Thread 5,5,main]) started.
Resolve mutations for :app:mergeDebugNativeLibs (Thread[#1656,Execution worker Thread 5,5,main]) started.
:app:mergeDebugNativeLibs (Thread[#1656,Execution worker Thread 5,5,main]) started.

> Task :app:mergeDebugNativeLibs UP-TO-DATE
file or directory '/Users/joshy/Development/Android/Warbler-Weather/app/libs', not found
file or directory '/Users/joshy/Development/Android/Warbler-Weather/app/libs', not found
Caching disabled for task ':app:mergeDebugNativeLibs' because:
  Build cache is disabled
  Caching has been disabled for the task
Skipping task ':app:mergeDebugNativeLibs' as it is up-to-date.
Resolve mutations for :app:stripDebugDebugSymbols (Thread[#1656,Execution worker Thread 5,5,main]) started.
:app:stripDebugDebugSymbols (Thread[#1656,Execution worker Thread 5,5,main]) started.

> Task :app:stripDebugDebugSymbols UP-TO-DATE
Caching disabled for task ':app:stripDebugDebugSymbols' because:
  Build cache is disabled
  Caching has been disabled for the task
Skipping task ':app:stripDebugDebugSymbols' as it is up-to-date.
Resolve mutations for :app:validateSigningDebug (Thread[#1656,Execution worker Thread 5,5,main]) started.
:app:validateSigningDebug (Thread[#1656,Execution worker Thread 5,5,main]) started.

> Task :app:validateSigningDebug UP-TO-DATE
Caching disabled for task ':app:validateSigningDebug' because:
  Build cache is disabled
  Caching has been disabled for the task
Skipping task ':app:validateSigningDebug' as it is up-to-date.
Resolve mutations for :app:writeDebugAppMetadata (Thread[#1656,Execution worker Thread 5,5,main]) started.
:app:writeDebugAppMetadata (Thread[#1656,Execution worker Thread 5,5,main]) started.

> Task :app:writeDebugAppMetadata UP-TO-DATE
Caching disabled for task ':app:writeDebugAppMetadata' because:
  Build cache is disabled
  Caching has been disabled for the task
Skipping task ':app:writeDebugAppMetadata' as it is up-to-date.
Resolve mutations for :app:writeDebugSigningConfigVersions (Thread[#1656,Execution worker Thread 5,5,main]) started.
:app:writeDebugSigningConfigVersions (Thread[#1656,Execution worker Thread 5,5,main]) started.

> Task :app:writeDebugSigningConfigVersions UP-TO-DATE
Caching disabled for task ':app:writeDebugSigningConfigVersions' because:
  Build cache is disabled
  Caching has been disabled for the task
Skipping task ':app:writeDebugSigningConfigVersions' as it is up-to-date.
Resolve mutations for :core:checkDebugAarMetadata (Thread[#1656,Execution worker Thread 5,5,main]) started.
:core:checkDebugAarMetadata (Thread[#1656,Execution worker Thread 5,5,main]) started.

> Task :core:checkDebugAarMetadata UP-TO-DATE
Caching disabled for task ':core:checkDebugAarMetadata' because:
  Build cache is disabled
  Caching has been disabled for the task
Skipping task ':core:checkDebugAarMetadata' as it is up-to-date.
Resolve mutations for :core:stripDebugDebugSymbols (Thread[#1656,Execution worker Thread 5,5,main]) started.
:core:stripDebugDebugSymbols (Thread[#1656,Execution worker Thread 5,5,main]) started.

> Task :core:stripDebugDebugSymbols NO-SOURCE
Skipping task ':core:stripDebugDebugSymbols' as it has no source files and no previous output files.
Resolve mutations for :core:copyDebugJniLibsProjectAndLocalJars (Thread[#1656,Execution worker Thread 5,5,main]) started.
:core:copyDebugJniLibsProjectAndLocalJars (Thread[#1656,Execution worker Thread 5,5,main]) started.

> Task :core:copyDebugJniLibsProjectAndLocalJars UP-TO-DATE
Caching disabled for task ':core:copyDebugJniLibsProjectAndLocalJars' because:
  Build cache is disabled
  Caching has been disabled for the task
Skipping task ':core:copyDebugJniLibsProjectAndLocalJars' as it is up-to-date.
Resolve mutations for :core:extractDebugAnnotations (Thread[#1656,Execution worker Thread 5,5,main]) started.
:core:extractDebugAnnotations (Thread[#1656,Execution worker Thread 5,5,main]) started.

> Task :core:extractDebugAnnotations UP-TO-DATE
file or directory '/Users/joshy/Development/Android/Warbler-Weather/core/build/generated/ksp/debug/classes', not found
file or directory '/Users/joshy/Development/Android/Warbler-Weather/core/build/generated/ksp/debug/java', not found
Caching disabled for task ':core:extractDebugAnnotations' because:
  Build cache is disabled
Skipping task ':core:extractDebugAnnotations' as it is up-to-date.
Resolve mutations for :core:extractDeepLinksForAarDebug (Thread[#1656,Execution worker Thread 5,5,main]) started.
:core:extractDeepLinksForAarDebug (Thread[#1656,Execution worker Thread 5,5,main]) started.

> Task :core:extractDeepLinksForAarDebug UP-TO-DATE
Caching disabled for task ':core:extractDeepLinksForAarDebug' because:
  Build cache is disabled
Skipping task ':core:extractDeepLinksForAarDebug' as it is up-to-date.
Resolve mutations for :core:mergeDebugGeneratedProguardFiles (Thread[#1656,Execution worker Thread 5,5,main]) started.
:core:mergeDebugGeneratedProguardFiles (Thread[#1656,Execution worker Thread 5,5,main]) started.

> Task :core:mergeDebugGeneratedProguardFiles UP-TO-DATE
Caching disabled for task ':core:mergeDebugGeneratedProguardFiles' because:
  Build cache is disabled
  Simple merging task
Skipping task ':core:mergeDebugGeneratedProguardFiles' as it is up-to-date.
Resolve mutations for :core:mergeDebugConsumerProguardFiles (Thread[#1656,Execution worker Thread 5,5,main]) started.
:core:mergeDebugConsumerProguardFiles (Thread[#1656,Execution worker Thread 5,5,main]) started.

> Task :core:mergeDebugConsumerProguardFiles UP-TO-DATE
file or directory '/Users/joshy/Development/Android/Warbler-Weather/core/src/main/keepRules', not found
file or directory '/Users/joshy/Development/Android/Warbler-Weather/core/src/debug/keepRules', not found
Caching disabled for task ':core:mergeDebugConsumerProguardFiles' because:
  Build cache is disabled
  Simple merging task
Skipping task ':core:mergeDebugConsumerProguardFiles' as it is up-to-date.
Resolve mutations for :core:prepareDebugArtProfile (Thread[#1656,Execution worker Thread 5,5,main]) started.
:core:prepareDebugArtProfile (Thread[#1656,Execution worker Thread 5,5,main]) started.

> Task :feature-weather:kspDebugKotlin
Caching disabled for task ':feature-weather:kspDebugKotlin' because:
  Build cache is disabled
Task ':feature-weather:kspDebugKotlin' is not up-to-date because:
  Value of input property 'kspConfig.logLevel' has changed for task ':feature-weather:kspDebugKotlin'
The input changes require a full rebuild for incremental task ':feature-weather:kspDebugKotlin'.
file or directory '/Users/joshy/Development/Android/Warbler-Weather/feature-weather/src/debug/kotlin', not found
file or directory '/Users/joshy/Development/Android/Warbler-Weather/feature-weather/src/debug/java', not found
file or directory '/Users/joshy/Development/Android/Warbler-Weather/feature-weather/src/main/kotlin', not found
file or directory '/Users/joshy/Development/Android/Warbler-Weather/feature-weather/src/debug/java', not found
file or directory '/Users/joshy/Development/Android/Warbler-Weather/feature-weather/src/main/kotlin', not found
file or directory '/Users/joshy/Development/Android/Warbler-Weather/feature-weather/src/debug/kotlin', not found
file or directory '/Users/joshy/Development/Android/Warbler-Weather/feature-weather/src/debug/java', not found
file or directory '/Users/joshy/Development/Android/Warbler-Weather/feature-weather/src/debug/kotlin', not found
file or directory '/Users/joshy/Development/Android/Warbler-Weather/feature-weather/src/debug/java', not found
file or directory '/Users/joshy/Development/Android/Warbler-Weather/feature-weather/src/main/kotlin', not found
i: [ksp] loaded provider(s): [dagger.hilt.processor.internal.uninstallmodules.KspUninstallModulesProcessor$Provider, dagger.hilt.android.processor.internal.viewmodel.KspViewModelProcessor$Provider, dagger.hilt.processor.internal.earlyentrypoint.KspEarlyEntryPointProcessor$Provider, dagger.hilt.android.processor.internal.androidentrypoint.KspAndroidEntryPointProcessor$Provider, dagger.hilt.processor.internal.definecomponent.KspDefineComponentProcessor$Provider, dagger.hilt.processor.internal.originatingelement.KspOriginatingElementProcessor$Provider, dagger.hilt.android.processor.internal.bindvalue.KspBindValueProcessor$Provider, dagger.hilt.processor.internal.root.KspComponentTreeDepsProcessor$Provider, dagger.hilt.processor.internal.root.KspRootProcessor$Provider, dagger.hilt.processor.internal.aliasof.KspAliasOfProcessor$Provider, dagger.hilt.processor.internal.aggregateddeps.KspAggregatedDepsProcessor$Provider, dagger.hilt.processor.internal.generatesrootinput.KspGeneratesRootInputProcessor$Provider, dagger.hilt.android.processor.internal.customtestapplication.KspCustomTestApplicationProcessor$Provider, androidx.hilt.AndroidXHiltKspProcessor$Provider, dagger.internal.codegen.KspComponentProcessor$Provider]

> Task :core:prepareDebugArtProfile UP-TO-DATE
Caching disabled for task ':core:prepareDebugArtProfile' because:
  Build cache is disabled
  Caching has been disabled for the task
Skipping task ':core:prepareDebugArtProfile' as it is up-to-date.
Resolve mutations for :feature-weather:kaptGenerateStubsDebugKotlin (Thread[#1656,Execution worker Thread 5,5,main]) started.
:feature-weather:kaptGenerateStubsDebugKotlin (Thread[#1656,Execution worker Thread 5,5,main]) started.

> Task :feature-weather:kaptGenerateStubsDebugKotlin UP-TO-DATE
Adding -Xuse-inline-scopes-numbers Kotlin compiler flag for task :feature-weather:compileDebugAndroidTestKotlin
GradleBuildProject.Builder should not be accessed through AnalyticsConfiguratorService after AnalyticsService is created. Analytics information of this build might be incomplete.
Caching disabled for task ':feature-weather:kaptGenerateStubsDebugKotlin' because:
  Build cache is disabled
Skipping task ':feature-weather:kaptGenerateStubsDebugKotlin' as it is up-to-date.
Resolve mutations for :feature-weather:kaptDebugKotlin (Thread[#1656,Execution worker Thread 5,5,main]) started.
:feature-weather:kaptDebugKotlin (Thread[#1656,Execution worker Thread 5,5,main]) started.

> Task :feature-weather:kaptDebugKotlin UP-TO-DATE
file or directory '/Users/joshy/Development/Android/Warbler-Weather/feature-weather/src/debug/kotlin', not found
file or directory '/Users/joshy/Development/Android/Warbler-Weather/feature-weather/src/debug/java', not found
file or directory '/Users/joshy/Development/Android/Warbler-Weather/feature-weather/src/debug/kotlin', not found
file or directory '/Users/joshy/Development/Android/Warbler-Weather/feature-weather/src/debug/java', not found
file or directory '/Users/joshy/Development/Android/Warbler-Weather/feature-weather/src/debug/kotlin', not found
file or directory '/Users/joshy/Development/Android/Warbler-Weather/feature-weather/src/debug/java', not found
file or directory '/Users/joshy/Development/Android/Warbler-Weather/feature-weather/build/generated/ksp/debug/kotlin', not found
file or directory '/Users/joshy/Development/Android/Warbler-Weather/feature-weather/build/generated/ksp/debug/java', not found
file or directory '/Users/joshy/Development/Android/Warbler-Weather/feature-weather/src/main/kotlin', not found
file or directory '/Users/joshy/Development/Android/Warbler-Weather/feature-weather/src/main/kotlin', not found
file or directory '/Users/joshy/Development/Android/Warbler-Weather/feature-weather/src/main/kotlin', not found
file or directory '/Users/joshy/Development/Android/Warbler-Weather/feature-weather/src/main/kotlin', not found
file or directory '/Users/joshy/Development/Android/Warbler-Weather/feature-weather/src/main/kotlin', not found
file or directory '/Users/joshy/Development/Android/Warbler-Weather/feature-weather/src/main/kotlin', not found
file or directory '/Users/joshy/Development/Android/Warbler-Weather/feature-weather/src/debug/kotlin', not found
file or directory '/Users/joshy/Development/Android/Warbler-Weather/feature-weather/src/debug/java', not found
file or directory '/Users/joshy/Development/Android/Warbler-Weather/feature-weather/src/debug/kotlin', not found
file or directory '/Users/joshy/Development/Android/Warbler-Weather/feature-weather/src/debug/java', not found
file or directory '/Users/joshy/Development/Android/Warbler-Weather/feature-weather/src/debug/kotlin', not found
file or directory '/Users/joshy/Development/Android/Warbler-Weather/feature-weather/src/debug/java', not found
file or directory '/Users/joshy/Development/Android/Warbler-Weather/feature-weather/build/generated/ksp/debug/kotlin', not found
file or directory '/Users/joshy/Development/Android/Warbler-Weather/feature-weather/build/generated/ksp/debug/java', not found
file or directory '/Users/joshy/Development/Android/Warbler-Weather/feature-weather/src/debug/java', not found
file or directory '/Users/joshy/Development/Android/Warbler-Weather/feature-weather/src/main/kotlin', not found
file or directory '/Users/joshy/Development/Android/Warbler-Weather/feature-weather/src/debug/kotlin', not found
Caching disabled for task ':feature-weather:kaptDebugKotlin' because:
  Build cache is disabled
Skipping task ':feature-weather:kaptDebugKotlin' as it is up-to-date.
work action resolve kaptDebugKotlin (project :feature-weather) (Thread[#1656,Execution worker Thread 5,5,main]) started.
work action resolve kaptDebugKotlin (project :feature-weather) (Thread[#1656,Execution worker Thread 5,5,main]) started.
Resolve mutations for :feature-weather:compileDebugKotlin (Thread[#1656,Execution worker Thread 5,5,main]) started.
:feature-weather:compileDebugKotlin (Thread[#1656,Execution worker Thread 5,5,main]) started.

> Task :feature-weather:compileDebugKotlin UP-TO-DATE
Caching disabled for task ':feature-weather:compileDebugKotlin' because:
  Build cache is disabled
Skipping task ':feature-weather:compileDebugKotlin' as it is up-to-date.
Resolve mutations for :feature-weather:compileDebugJavaWithJavac (Thread[#1656,Execution worker Thread 5,5,main]) started.
:feature-weather:compileDebugJavaWithJavac (Thread[#1656,Execution worker Thread 5,5,main]) started.

> Task :feature-weather:compileDebugJavaWithJavac UP-TO-DATE
file or directory '/Users/joshy/Development/Android/Warbler-Weather/feature-weather/build/generated/ksp/debug/classes', not found
file or directory '/Users/joshy/Development/Android/Warbler-Weather/feature-weather/build/generated/ksp/debug/classes', not found
Custom actions are attached to task ':feature-weather:compileDebugJavaWithJavac'.
Caching disabled for task ':feature-weather:compileDebugJavaWithJavac' because:
  Build cache is disabled
Skipping task ':feature-weather:compileDebugJavaWithJavac' as it is up-to-date.
No compile result for :feature-weather:compileDebugJavaWithJavac
Resolve mutations for :feature-weather:transformDebugClassesWithAsm (Thread[#1656,Execution worker Thread 5,5,main]) started.
:feature-weather:transformDebugClassesWithAsm (Thread[#1656,Execution worker Thread 5,5,main]) started.

> Task :feature-weather:transformDebugClassesWithAsm UP-TO-DATE
file or directory '/Users/joshy/Development/Android/Warbler-Weather/feature-weather/build/generated/ksp/debug/classes', not found
file or directory '/Users/joshy/Development/Android/Warbler-Weather/feature-weather/build/generated/ksp/debug/classes', not found
Caching disabled for task ':feature-weather:transformDebugClassesWithAsm' because:
  Build cache is disabled
Skipping task ':feature-weather:transformDebugClassesWithAsm' as it is up-to-date.
Resolve mutations for :feature-weather:bundleLibCompileToJarDebug (Thread[#1656,Execution worker Thread 5,5,main]) started.
:feature-weather:bundleLibCompileToJarDebug (Thread[#1656,Execution worker Thread 5,5,main]) started.

> Task :feature-weather:bundleLibCompileToJarDebug UP-TO-DATE
Caching disabled for task ':feature-weather:bundleLibCompileToJarDebug' because:
  Build cache is disabled
  Simple merging task
Skipping task ':feature-weather:bundleLibCompileToJarDebug' as it is up-to-date.
work action resolve classes.jar (project :feature-weather) (Thread[#1656,Execution worker Thread 5,5,main]) started.
Resolve mutations for :feature-weather:processDebugJavaRes (Thread[#1656,Execution worker Thread 5,5,main]) started.
AggregatedPackagesTransform (Thread[#1664,Execution worker Thread 12,5,main]) started.
:feature-weather:processDebugJavaRes (Thread[#1656,Execution worker Thread 5,5,main]) started.

> Task :feature-weather:processDebugJavaRes UP-TO-DATE
file or directory '/Users/joshy/Development/Android/Warbler-Weather/feature-weather/src/main/resources', not found
file or directory '/Users/joshy/Development/Android/Warbler-Weather/feature-weather/src/debug/resources', not found
file or directory '/Users/joshy/Development/Android/Warbler-Weather/feature-weather/build/generated/ksp/debug/classes', not found
file or directory '/Users/joshy/Development/Android/Warbler-Weather/feature-weather/build/generated/ksp/debug/classes', not found
Caching disabled for task ':feature-weather:processDebugJavaRes' because:
  Build cache is disabled
  Caching has been disabled for the task
Skipping task ':feature-weather:processDebugJavaRes' as it is up-to-date.
work action resolve out (project :feature-weather) (Thread[#1656,Execution worker Thread 5,5,main]) started.
Resolve mutations for :feature-weather:bundleLibRuntimeToJarDebug (Thread[#1656,Execution worker Thread 5,5,main]) started.
:feature-weather:bundleLibRuntimeToJarDebug (Thread[#1656,Execution worker Thread 5,5,main]) started.

> Task :feature-weather:bundleLibRuntimeToJarDebug UP-TO-DATE
Caching disabled for task ':feature-weather:bundleLibRuntimeToJarDebug' because:
  Build cache is disabled
  Simple merging task
Skipping task ':feature-weather:bundleLibRuntimeToJarDebug' as it is up-to-date.
work action resolve classes.jar (project :feature-weather) (Thread[#1656,Execution worker Thread 5,5,main]) started.
AsmClassesTransform (Thread[#1656,Execution worker Thread 5,5,main]) started.
AggregatedPackagesTransform (Thread[#1666,Execution worker Thread 14,5,main]) started.
Resolve mutations for :core:prepareLintJarForPublish (Thread[#1662,Execution worker Thread 11,5,main]) started.
:core:prepareLintJarForPublish (Thread[#1662,Execution worker Thread 11,5,main]) started.

> Task :core:prepareLintJarForPublish UP-TO-DATE
Caching disabled for task ':core:prepareLintJarForPublish' because:
  Build cache is disabled
  Caching has been disabled for the task
Skipping task ':core:prepareLintJarForPublish' as it is up-to-date.
Resolve mutations for :core:mergeDebugJavaResource (Thread[#1662,Execution worker Thread 11,5,main]) started.
:core:mergeDebugJavaResource (Thread[#1662,Execution worker Thread 11,5,main]) started.

> Task :core:mergeDebugJavaResource UP-TO-DATE
Caching disabled for task ':core:mergeDebugJavaResource' because:
  Build cache is disabled
  Caching has been disabled for the task
Skipping task ':core:mergeDebugJavaResource' as it is up-to-date.
Resolve mutations for :core:syncDebugLibJars (Thread[#1662,Execution worker Thread 11,5,main]) started.
:core:syncDebugLibJars (Thread[#1662,Execution worker Thread 11,5,main]) started.

> Transform classes.jar (project :feature-weather) with AsmClassesTransform
file or directory '/Users/joshy/Development/Android/Warbler-Weather/app/libs', not found
DexingNoClasspathTransform (Thread[#1656,Execution worker Thread 5,5,main]) started.

> Task :core:syncDebugLibJars UP-TO-DATE
Caching disabled for task ':core:syncDebugLibJars' because:
  Build cache is disabled
Skipping task ':core:syncDebugLibJars' as it is up-to-date.
Resolve mutations for :core:bundleDebugAar (Thread[#1662,Execution worker Thread 11,5,main]) started.
:core:bundleDebugAar (Thread[#1662,Execution worker Thread 11,5,main]) started.

> Transform classes.jar (project :feature-weather) with DexingNoClasspathTransform
Caching disabled for DexingNoClasspathTransform: /Users/joshy/.gradle/caches/9.5.1/transforms/11270d4ad08f78a8cccb9df091307198/transformed/classes.jar because:
  Build cache is disabled
Skipping DexingNoClasspathTransform: /Users/joshy/.gradle/caches/9.5.1/transforms/11270d4ad08f78a8cccb9df091307198/transformed/classes.jar as it is up-to-date.
DexingOutputSplitTransform (Thread[#1656,Execution worker Thread 5,5,main]) started.

> Task :core:bundleDebugAar UP-TO-DATE
Caching disabled for task ':core:bundleDebugAar' because:
  Build cache is disabled
  Caching has been disabled for the task
Skipping task ':core:bundleDebugAar' as it is up-to-date.
Resolve mutations for :core:assembleDebug (Thread[#1662,Execution worker Thread 11,5,main]) started.
:core:assembleDebug (Thread[#1662,Execution worker Thread 11,5,main]) started.

> Task :core:assembleDebug UP-TO-DATE
Skipping task ':core:assembleDebug' as it has no actions.
Resolve mutations for :feature-location:checkDebugAarMetadata (Thread[#1662,Execution worker Thread 11,5,main]) started.
:feature-location:checkDebugAarMetadata (Thread[#1662,Execution worker Thread 11,5,main]) started.

> Task :feature-location:checkDebugAarMetadata UP-TO-DATE
Caching disabled for task ':feature-location:checkDebugAarMetadata' because:
  Build cache is disabled
  Caching has been disabled for the task
Skipping task ':feature-location:checkDebugAarMetadata' as it is up-to-date.
Resolve mutations for :feature-location:stripDebugDebugSymbols (Thread[#1662,Execution worker Thread 11,5,main]) started.
:feature-location:stripDebugDebugSymbols (Thread[#1662,Execution worker Thread 11,5,main]) started.

> Task :feature-location:stripDebugDebugSymbols NO-SOURCE
Skipping task ':feature-location:stripDebugDebugSymbols' as it has no source files and no previous output files.
Resolve mutations for :feature-location:copyDebugJniLibsProjectAndLocalJars (Thread[#1662,Execution worker Thread 11,5,main]) started.
:feature-location:copyDebugJniLibsProjectAndLocalJars (Thread[#1662,Execution worker Thread 11,5,main]) started.

> Task :feature-location:copyDebugJniLibsProjectAndLocalJars UP-TO-DATE
Caching disabled for task ':feature-location:copyDebugJniLibsProjectAndLocalJars' because:
  Build cache is disabled
  Caching has been disabled for the task
Skipping task ':feature-location:copyDebugJniLibsProjectAndLocalJars' as it is up-to-date.
Resolve mutations for :feature-location:extractDebugAnnotations (Thread[#1662,Execution worker Thread 11,5,main]) started.
:feature-location:extractDebugAnnotations (Thread[#1662,Execution worker Thread 11,5,main]) started.

> Task :feature-location:extractDebugAnnotations UP-TO-DATE
file or directory '/Users/joshy/Development/Android/Warbler-Weather/feature-location/build/generated/ksp/debug/classes', not found
file or directory '/Users/joshy/Development/Android/Warbler-Weather/feature-location/build/generated/ksp/debug/java', not found
Caching disabled for task ':feature-location:extractDebugAnnotations' because:
  Build cache is disabled
Skipping task ':feature-location:extractDebugAnnotations' as it is up-to-date.
Resolve mutations for :feature-location:extractDeepLinksForAarDebug (Thread[#1662,Execution worker Thread 11,5,main]) started.
:feature-location:extractDeepLinksForAarDebug (Thread[#1662,Execution worker Thread 11,5,main]) started.

> Task :feature-location:extractDeepLinksForAarDebug UP-TO-DATE
Caching disabled for task ':feature-location:extractDeepLinksForAarDebug' because:
  Build cache is disabled
Skipping task ':feature-location:extractDeepLinksForAarDebug' as it is up-to-date.
Resolve mutations for :feature-location:mergeDebugGeneratedProguardFiles (Thread[#1662,Execution worker Thread 11,5,main]) started.
:feature-location:mergeDebugGeneratedProguardFiles (Thread[#1662,Execution worker Thread 11,5,main]) started.

> Task :feature-location:mergeDebugGeneratedProguardFiles UP-TO-DATE
Caching disabled for task ':feature-location:mergeDebugGeneratedProguardFiles' because:
  Build cache is disabled
  Simple merging task
Skipping task ':feature-location:mergeDebugGeneratedProguardFiles' as it is up-to-date.
Resolve mutations for :feature-location:mergeDebugConsumerProguardFiles (Thread[#1662,Execution worker Thread 11,5,main]) started.
:feature-location:mergeDebugConsumerProguardFiles (Thread[#1662,Execution worker Thread 11,5,main]) started.

> Task :feature-location:mergeDebugConsumerProguardFiles UP-TO-DATE
file or directory '/Users/joshy/Development/Android/Warbler-Weather/feature-location/src/main/keepRules', not found
file or directory '/Users/joshy/Development/Android/Warbler-Weather/feature-location/src/debug/keepRules', not found
Caching disabled for task ':feature-location:mergeDebugConsumerProguardFiles' because:
  Build cache is disabled
  Simple merging task
Skipping task ':feature-location:mergeDebugConsumerProguardFiles' as it is up-to-date.
Resolve mutations for :feature-location:prepareDebugArtProfile (Thread[#1662,Execution worker Thread 11,5,main]) started.
:feature-location:prepareDebugArtProfile (Thread[#1662,Execution worker Thread 11,5,main]) started.

> Task :feature-location:prepareDebugArtProfile UP-TO-DATE
Caching disabled for task ':feature-location:prepareDebugArtProfile' because:
  Build cache is disabled
  Caching has been disabled for the task
Skipping task ':feature-location:prepareDebugArtProfile' as it is up-to-date.
Resolve mutations for :feature-location:prepareLintJarForPublish (Thread[#1662,Execution worker Thread 11,5,main]) started.
:feature-location:prepareLintJarForPublish (Thread[#1662,Execution worker Thread 11,5,main]) started.

> Task :feature-location:prepareLintJarForPublish UP-TO-DATE
Caching disabled for task ':feature-location:prepareLintJarForPublish' because:
  Build cache is disabled
  Caching has been disabled for the task
Skipping task ':feature-location:prepareLintJarForPublish' as it is up-to-date.
Resolve mutations for :feature-location:mergeDebugJavaResource (Thread[#1662,Execution worker Thread 11,5,main]) started.
:feature-location:mergeDebugJavaResource (Thread[#1662,Execution worker Thread 11,5,main]) started.

> Task :feature-location:mergeDebugJavaResource UP-TO-DATE
Caching disabled for task ':feature-location:mergeDebugJavaResource' because:
  Build cache is disabled
  Caching has been disabled for the task
Skipping task ':feature-location:mergeDebugJavaResource' as it is up-to-date.
Resolve mutations for :feature-location:syncDebugLibJars (Thread[#1662,Execution worker Thread 11,5,main]) started.
:feature-location:syncDebugLibJars (Thread[#1662,Execution worker Thread 11,5,main]) started.

> Task :feature-location:syncDebugLibJars UP-TO-DATE
Caching disabled for task ':feature-location:syncDebugLibJars' because:
  Build cache is disabled
Skipping task ':feature-location:syncDebugLibJars' as it is up-to-date.
Resolve mutations for :feature-location:bundleDebugAar (Thread[#1662,Execution worker Thread 11,5,main]) started.
:feature-location:bundleDebugAar (Thread[#1662,Execution worker Thread 11,5,main]) started.

> Task :feature-location:bundleDebugAar UP-TO-DATE
Caching disabled for task ':feature-location:bundleDebugAar' because:
  Build cache is disabled
  Caching has been disabled for the task
Skipping task ':feature-location:bundleDebugAar' as it is up-to-date.
Resolve mutations for :feature-location:assembleDebug (Thread[#1662,Execution worker Thread 11,5,main]) started.
:feature-location:assembleDebug (Thread[#1662,Execution worker Thread 11,5,main]) started.

> Task :feature-location:assembleDebug UP-TO-DATE
Skipping task ':feature-location:assembleDebug' as it has no actions.
Resolve mutations for :feature-settings:checkDebugAarMetadata (Thread[#1662,Execution worker Thread 11,5,main]) started.
:feature-settings:checkDebugAarMetadata (Thread[#1662,Execution worker Thread 11,5,main]) started.

> Task :feature-settings:checkDebugAarMetadata UP-TO-DATE
Caching disabled for task ':feature-settings:checkDebugAarMetadata' because:
  Build cache is disabled
  Caching has been disabled for the task
Skipping task ':feature-settings:checkDebugAarMetadata' as it is up-to-date.
Resolve mutations for :feature-settings:stripDebugDebugSymbols (Thread[#1662,Execution worker Thread 11,5,main]) started.
:feature-settings:stripDebugDebugSymbols (Thread[#1662,Execution worker Thread 11,5,main]) started.

> Task :feature-settings:stripDebugDebugSymbols NO-SOURCE
Skipping task ':feature-settings:stripDebugDebugSymbols' as it has no source files and no previous output files.
Resolve mutations for :feature-settings:copyDebugJniLibsProjectAndLocalJars (Thread[#1662,Execution worker Thread 11,5,main]) started.
:feature-settings:copyDebugJniLibsProjectAndLocalJars (Thread[#1662,Execution worker Thread 11,5,main]) started.

> Task :feature-settings:copyDebugJniLibsProjectAndLocalJars UP-TO-DATE
Caching disabled for task ':feature-settings:copyDebugJniLibsProjectAndLocalJars' because:
  Build cache is disabled
  Caching has been disabled for the task
Skipping task ':feature-settings:copyDebugJniLibsProjectAndLocalJars' as it is up-to-date.
Resolve mutations for :feature-settings:extractDeepLinksForAarDebug (Thread[#1662,Execution worker Thread 11,5,main]) started.
:feature-settings:extractDeepLinksForAarDebug (Thread[#1662,Execution worker Thread 11,5,main]) started.

> Task :feature-settings:extractDeepLinksForAarDebug UP-TO-DATE
Caching disabled for task ':feature-settings:extractDeepLinksForAarDebug' because:
  Build cache is disabled
Skipping task ':feature-settings:extractDeepLinksForAarDebug' as it is up-to-date.
Resolve mutations for :feature-settings:prepareDebugArtProfile (Thread[#1662,Execution worker Thread 11,5,main]) started.
:feature-settings:prepareDebugArtProfile (Thread[#1662,Execution worker Thread 11,5,main]) started.

> Task :feature-settings:prepareDebugArtProfile UP-TO-DATE
Caching disabled for task ':feature-settings:prepareDebugArtProfile' because:
  Build cache is disabled
  Caching has been disabled for the task
Skipping task ':feature-settings:prepareDebugArtProfile' as it is up-to-date.
Resolve mutations for :feature-settings:prepareLintJarForPublish (Thread[#1662,Execution worker Thread 11,5,main]) started.
:feature-settings:prepareLintJarForPublish (Thread[#1662,Execution worker Thread 11,5,main]) started.

> Task :feature-settings:prepareLintJarForPublish UP-TO-DATE
Caching disabled for task ':feature-settings:prepareLintJarForPublish' because:
  Build cache is disabled
  Caching has been disabled for the task
Skipping task ':feature-settings:prepareLintJarForPublish' as it is up-to-date.
Resolve mutations for :feature-weather:checkDebugAarMetadata (Thread[#1662,Execution worker Thread 11,5,main]) started.
:feature-weather:checkDebugAarMetadata (Thread[#1662,Execution worker Thread 11,5,main]) started.

> Task :feature-weather:checkDebugAarMetadata UP-TO-DATE
Caching disabled for task ':feature-weather:checkDebugAarMetadata' because:
  Build cache is disabled
  Caching has been disabled for the task
Skipping task ':feature-weather:checkDebugAarMetadata' as it is up-to-date.
Resolve mutations for :feature-weather:stripDebugDebugSymbols (Thread[#1662,Execution worker Thread 11,5,main]) started.
:feature-weather:stripDebugDebugSymbols (Thread[#1662,Execution worker Thread 11,5,main]) started.

> Task :feature-weather:stripDebugDebugSymbols NO-SOURCE
Skipping task ':feature-weather:stripDebugDebugSymbols' as it has no source files and no previous output files.
Resolve mutations for :feature-weather:copyDebugJniLibsProjectAndLocalJars (Thread[#1662,Execution worker Thread 11,5,main]) started.
:feature-weather:copyDebugJniLibsProjectAndLocalJars (Thread[#1662,Execution worker Thread 11,5,main]) started.

> Task :feature-weather:copyDebugJniLibsProjectAndLocalJars UP-TO-DATE
Caching disabled for task ':feature-weather:copyDebugJniLibsProjectAndLocalJars' because:
  Build cache is disabled
  Caching has been disabled for the task
Skipping task ':feature-weather:copyDebugJniLibsProjectAndLocalJars' as it is up-to-date.
Resolve mutations for :feature-weather:extractDebugAnnotations (Thread[#1662,Execution worker Thread 11,5,main]) started.
:feature-weather:extractDebugAnnotations (Thread[#1662,Execution worker Thread 11,5,main]) started.

> Task :feature-weather:extractDebugAnnotations UP-TO-DATE
file or directory '/Users/joshy/Development/Android/Warbler-Weather/feature-weather/build/generated/ksp/debug/classes', not found
file or directory '/Users/joshy/Development/Android/Warbler-Weather/feature-weather/build/generated/ksp/debug/java', not found
Caching disabled for task ':feature-weather:extractDebugAnnotations' because:
  Build cache is disabled
Skipping task ':feature-weather:extractDebugAnnotations' as it is up-to-date.
Resolve mutations for :feature-weather:extractDeepLinksForAarDebug (Thread[#1662,Execution worker Thread 11,5,main]) started.
:feature-weather:extractDeepLinksForAarDebug (Thread[#1662,Execution worker Thread 11,5,main]) started.

> Task :feature-weather:extractDeepLinksForAarDebug UP-TO-DATE
Caching disabled for task ':feature-weather:extractDeepLinksForAarDebug' because:
  Build cache is disabled
Skipping task ':feature-weather:extractDeepLinksForAarDebug' as it is up-to-date.
Resolve mutations for :feature-weather:mergeDebugGeneratedProguardFiles (Thread[#1662,Execution worker Thread 11,5,main]) started.
:feature-weather:mergeDebugGeneratedProguardFiles (Thread[#1662,Execution worker Thread 11,5,main]) started.

> Task :feature-weather:mergeDebugGeneratedProguardFiles UP-TO-DATE
Caching disabled for task ':feature-weather:mergeDebugGeneratedProguardFiles' because:
  Build cache is disabled
  Simple merging task
Skipping task ':feature-weather:mergeDebugGeneratedProguardFiles' as it is up-to-date.
Resolve mutations for :feature-weather:mergeDebugConsumerProguardFiles (Thread[#1662,Execution worker Thread 11,5,main]) started.
:feature-weather:mergeDebugConsumerProguardFiles (Thread[#1662,Execution worker Thread 11,5,main]) started.

> Task :feature-weather:mergeDebugConsumerProguardFiles UP-TO-DATE
file or directory '/Users/joshy/Development/Android/Warbler-Weather/feature-weather/src/main/keepRules', not found
file or directory '/Users/joshy/Development/Android/Warbler-Weather/feature-weather/src/debug/keepRules', not found
Caching disabled for task ':feature-weather:mergeDebugConsumerProguardFiles' because:
  Build cache is disabled
  Simple merging task
Skipping task ':feature-weather:mergeDebugConsumerProguardFiles' as it is up-to-date.
Resolve mutations for :feature-weather:prepareDebugArtProfile (Thread[#1662,Execution worker Thread 11,5,main]) started.
:feature-weather:prepareDebugArtProfile (Thread[#1662,Execution worker Thread 11,5,main]) started.

> Task :feature-weather:prepareDebugArtProfile UP-TO-DATE
Caching disabled for task ':feature-weather:prepareDebugArtProfile' because:
  Build cache is disabled
  Caching has been disabled for the task
Skipping task ':feature-weather:prepareDebugArtProfile' as it is up-to-date.
Resolve mutations for :feature-weather:prepareLintJarForPublish (Thread[#1662,Execution worker Thread 11,5,main]) started.
:feature-weather:prepareLintJarForPublish (Thread[#1662,Execution worker Thread 11,5,main]) started.

> Task :feature-weather:prepareLintJarForPublish UP-TO-DATE
Caching disabled for task ':feature-weather:prepareLintJarForPublish' because:
  Build cache is disabled
  Caching has been disabled for the task
Skipping task ':feature-weather:prepareLintJarForPublish' as it is up-to-date.
Resolve mutations for :feature-weather:mergeDebugJavaResource (Thread[#1662,Execution worker Thread 11,5,main]) started.
:feature-weather:mergeDebugJavaResource (Thread[#1662,Execution worker Thread 11,5,main]) started.

> Task :feature-weather:mergeDebugJavaResource UP-TO-DATE
Caching disabled for task ':feature-weather:mergeDebugJavaResource' because:
  Build cache is disabled
  Caching has been disabled for the task
Skipping task ':feature-weather:mergeDebugJavaResource' as it is up-to-date.
Resolve mutations for :feature-weather:syncDebugLibJars (Thread[#1662,Execution worker Thread 11,5,main]) started.
:feature-weather:syncDebugLibJars (Thread[#1662,Execution worker Thread 11,5,main]) started.

> Task :feature-weather:syncDebugLibJars UP-TO-DATE
Caching disabled for task ':feature-weather:syncDebugLibJars' because:
  Build cache is disabled
Skipping task ':feature-weather:syncDebugLibJars' as it is up-to-date.
Resolve mutations for :feature-weather:bundleDebugAar (Thread[#1662,Execution worker Thread 11,5,main]) started.
:feature-weather:bundleDebugAar (Thread[#1662,Execution worker Thread 11,5,main]) started.

> Task :feature-weather:bundleDebugAar UP-TO-DATE
Caching disabled for task ':feature-weather:bundleDebugAar' because:
  Build cache is disabled
  Caching has been disabled for the task
Skipping task ':feature-weather:bundleDebugAar' as it is up-to-date.
Resolve mutations for :feature-weather:assembleDebug (Thread[#1662,Execution worker Thread 11,5,main]) started.
:feature-weather:assembleDebug (Thread[#1662,Execution worker Thread 11,5,main]) started.

> Task :feature-weather:assembleDebug UP-TO-DATE
Skipping task ':feature-weather:assembleDebug' as it has no actions.

> Task :feature-settings:kspDebugKotlin
Caching disabled for task ':feature-settings:kspDebugKotlin' because:
  Build cache is disabled
Task ':feature-settings:kspDebugKotlin' is not up-to-date because:
  Value of input property 'kspConfig.logLevel' has changed for task ':feature-settings:kspDebugKotlin'
The input changes require a full rebuild for incremental task ':feature-settings:kspDebugKotlin'.
file or directory '/Users/joshy/Development/Android/Warbler-Weather/feature-settings/src/debug/kotlin', not found
file or directory '/Users/joshy/Development/Android/Warbler-Weather/feature-settings/src/debug/java', not found
file or directory '/Users/joshy/Development/Android/Warbler-Weather/feature-settings/src/main/kotlin', not found
file or directory '/Users/joshy/Development/Android/Warbler-Weather/feature-settings/src/debug/java', not found
file or directory '/Users/joshy/Development/Android/Warbler-Weather/feature-settings/src/main/kotlin', not found
file or directory '/Users/joshy/Development/Android/Warbler-Weather/feature-settings/src/debug/kotlin', not found
file or directory '/Users/joshy/Development/Android/Warbler-Weather/feature-settings/src/debug/java', not found
file or directory '/Users/joshy/Development/Android/Warbler-Weather/feature-settings/src/debug/kotlin', not found
file or directory '/Users/joshy/Development/Android/Warbler-Weather/feature-settings/src/debug/java', not found
file or directory '/Users/joshy/Development/Android/Warbler-Weather/feature-settings/src/main/kotlin', not found
i: [ksp] loaded provider(s): [dagger.hilt.processor.internal.uninstallmodules.KspUninstallModulesProcessor$Provider, dagger.hilt.android.processor.internal.viewmodel.KspViewModelProcessor$Provider, dagger.hilt.processor.internal.earlyentrypoint.KspEarlyEntryPointProcessor$Provider, dagger.hilt.android.processor.internal.androidentrypoint.KspAndroidEntryPointProcessor$Provider, dagger.hilt.processor.internal.definecomponent.KspDefineComponentProcessor$Provider, dagger.hilt.processor.internal.originatingelement.KspOriginatingElementProcessor$Provider, dagger.hilt.android.processor.internal.bindvalue.KspBindValueProcessor$Provider, dagger.hilt.processor.internal.root.KspComponentTreeDepsProcessor$Provider, dagger.hilt.processor.internal.root.KspRootProcessor$Provider, dagger.hilt.processor.internal.aliasof.KspAliasOfProcessor$Provider, dagger.hilt.processor.internal.aggregateddeps.KspAggregatedDepsProcessor$Provider, dagger.hilt.processor.internal.generatesrootinput.KspGeneratesRootInputProcessor$Provider, dagger.hilt.android.processor.internal.customtestapplication.KspCustomTestApplicationProcessor$Provider, androidx.hilt.AndroidXHiltKspProcessor$Provider, dagger.internal.codegen.KspComponentProcessor$Provider]
Resolve mutations for :feature-settings:kaptGenerateStubsDebugKotlin (Thread[#1653,Execution worker Thread 2,5,main]) started.
:feature-settings:kaptGenerateStubsDebugKotlin (Thread[#1653,Execution worker Thread 2,5,main]) started.

> Task :feature-settings:kaptGenerateStubsDebugKotlin UP-TO-DATE
Adding -Xuse-inline-scopes-numbers Kotlin compiler flag for task :feature-settings:compileDebugAndroidTestKotlin
GradleBuildProject.Builder should not be accessed through AnalyticsConfiguratorService after AnalyticsService is created. Analytics information of this build might be incomplete.
Caching disabled for task ':feature-settings:kaptGenerateStubsDebugKotlin' because:
  Build cache is disabled
Skipping task ':feature-settings:kaptGenerateStubsDebugKotlin' as it is up-to-date.
Resolve mutations for :feature-settings:kaptDebugKotlin (Thread[#1653,Execution worker Thread 2,5,main]) started.
:feature-settings:kaptDebugKotlin (Thread[#1653,Execution worker Thread 2,5,main]) started.

> Task :feature-settings:kaptDebugKotlin UP-TO-DATE
file or directory '/Users/joshy/Development/Android/Warbler-Weather/feature-settings/src/debug/kotlin', not found
file or directory '/Users/joshy/Development/Android/Warbler-Weather/feature-settings/src/debug/java', not found
file or directory '/Users/joshy/Development/Android/Warbler-Weather/feature-settings/src/debug/kotlin', not found
file or directory '/Users/joshy/Development/Android/Warbler-Weather/feature-settings/src/debug/java', not found
file or directory '/Users/joshy/Development/Android/Warbler-Weather/feature-settings/src/debug/kotlin', not found
file or directory '/Users/joshy/Development/Android/Warbler-Weather/feature-settings/src/debug/java', not found
file or directory '/Users/joshy/Development/Android/Warbler-Weather/feature-settings/build/generated/ksp/debug/kotlin', not found
file or directory '/Users/joshy/Development/Android/Warbler-Weather/feature-settings/src/main/kotlin', not found
file or directory '/Users/joshy/Development/Android/Warbler-Weather/feature-settings/src/main/kotlin', not found
file or directory '/Users/joshy/Development/Android/Warbler-Weather/feature-settings/src/main/kotlin', not found
file or directory '/Users/joshy/Development/Android/Warbler-Weather/feature-settings/src/main/kotlin', not found
file or directory '/Users/joshy/Development/Android/Warbler-Weather/feature-settings/src/main/kotlin', not found
file or directory '/Users/joshy/Development/Android/Warbler-Weather/feature-settings/src/main/kotlin', not found
file or directory '/Users/joshy/Development/Android/Warbler-Weather/feature-settings/src/debug/kotlin', not found
file or directory '/Users/joshy/Development/Android/Warbler-Weather/feature-settings/src/debug/java', not found
file or directory '/Users/joshy/Development/Android/Warbler-Weather/feature-settings/src/debug/kotlin', not found
file or directory '/Users/joshy/Development/Android/Warbler-Weather/feature-settings/src/debug/java', not found
file or directory '/Users/joshy/Development/Android/Warbler-Weather/feature-settings/src/debug/kotlin', not found
file or directory '/Users/joshy/Development/Android/Warbler-Weather/feature-settings/src/debug/java', not found
file or directory '/Users/joshy/Development/Android/Warbler-Weather/feature-settings/build/generated/ksp/debug/kotlin', not found
file or directory '/Users/joshy/Development/Android/Warbler-Weather/feature-settings/src/debug/java', not found
file or directory '/Users/joshy/Development/Android/Warbler-Weather/feature-settings/src/main/kotlin', not found
file or directory '/Users/joshy/Development/Android/Warbler-Weather/feature-settings/src/debug/kotlin', not found
Caching disabled for task ':feature-settings:kaptDebugKotlin' because:
  Build cache is disabled
Skipping task ':feature-settings:kaptDebugKotlin' as it is up-to-date.
work action resolve kaptDebugKotlin (project :feature-settings) (Thread[#1653,Execution worker Thread 2,5,main]) started.
work action resolve kaptDebugKotlin (project :feature-settings) (Thread[#1653,Execution worker Thread 2,5,main]) started.
Resolve mutations for :app:dataBindingMergeDependencyArtifactsDebug (Thread[#1653,Execution worker Thread 2,5,main]) started.
:app:dataBindingMergeDependencyArtifactsDebug (Thread[#1653,Execution worker Thread 2,5,main]) started.

> Task :app:dataBindingMergeDependencyArtifactsDebug UP-TO-DATE
file or directory '/Users/joshy/Development/Android/Warbler-Weather/app/libs', not found
file or directory '/Users/joshy/Development/Android/Warbler-Weather/app/libs', not found
Caching disabled for task ':app:dataBindingMergeDependencyArtifactsDebug' because:
  Build cache is disabled
  Caching has been disabled for the task
Skipping task ':app:dataBindingMergeDependencyArtifactsDebug' as it is up-to-date.
Resolve mutations for :app:dataBindingGenBaseClassesDebug (Thread[#1653,Execution worker Thread 2,5,main]) started.
:app:dataBindingGenBaseClassesDebug (Thread[#1653,Execution worker Thread 2,5,main]) started.

> Task :app:dataBindingGenBaseClassesDebug UP-TO-DATE
file or directory '/Users/joshy/Development/Android/Warbler-Weather/app/libs', not found
Caching disabled for task ':app:dataBindingGenBaseClassesDebug' because:
  Build cache is disabled
Skipping task ':app:dataBindingGenBaseClassesDebug' as it is up-to-date.
Resolve mutations for :feature-settings:compileDebugKotlin (Thread[#1653,Execution worker Thread 2,5,main]) started.
:feature-settings:compileDebugKotlin (Thread[#1653,Execution worker Thread 2,5,main]) started.

> Task :feature-settings:compileDebugKotlin UP-TO-DATE
Caching disabled for task ':feature-settings:compileDebugKotlin' because:
  Build cache is disabled
Skipping task ':feature-settings:compileDebugKotlin' as it is up-to-date.
Resolve mutations for :feature-settings:compileDebugJavaWithJavac (Thread[#1653,Execution worker Thread 2,5,main]) started.
:feature-settings:compileDebugJavaWithJavac (Thread[#1653,Execution worker Thread 2,5,main]) started.

> Task :feature-settings:compileDebugJavaWithJavac UP-TO-DATE
file or directory '/Users/joshy/Development/Android/Warbler-Weather/feature-settings/build/generated/ksp/debug/classes', not found
file or directory '/Users/joshy/Development/Android/Warbler-Weather/feature-settings/build/generated/ksp/debug/classes', not found
Custom actions are attached to task ':feature-settings:compileDebugJavaWithJavac'.
Caching disabled for task ':feature-settings:compileDebugJavaWithJavac' because:
  Build cache is disabled
Skipping task ':feature-settings:compileDebugJavaWithJavac' as it is up-to-date.
No compile result for :feature-settings:compileDebugJavaWithJavac
Resolve mutations for :feature-settings:transformDebugClassesWithAsm (Thread[#1653,Execution worker Thread 2,5,main]) started.
:feature-settings:transformDebugClassesWithAsm (Thread[#1653,Execution worker Thread 2,5,main]) started.

> Task :feature-settings:transformDebugClassesWithAsm UP-TO-DATE
file or directory '/Users/joshy/Development/Android/Warbler-Weather/feature-settings/build/generated/ksp/debug/classes', not found
file or directory '/Users/joshy/Development/Android/Warbler-Weather/feature-settings/build/generated/ksp/debug/classes', not found
Caching disabled for task ':feature-settings:transformDebugClassesWithAsm' because:
  Build cache is disabled
Skipping task ':feature-settings:transformDebugClassesWithAsm' as it is up-to-date.
Resolve mutations for :feature-settings:bundleLibCompileToJarDebug (Thread[#1653,Execution worker Thread 2,5,main]) started.
:feature-settings:bundleLibCompileToJarDebug (Thread[#1653,Execution worker Thread 2,5,main]) started.

> Task :feature-settings:bundleLibCompileToJarDebug UP-TO-DATE
Caching disabled for task ':feature-settings:bundleLibCompileToJarDebug' because:
  Build cache is disabled
  Simple merging task
Skipping task ':feature-settings:bundleLibCompileToJarDebug' as it is up-to-date.
work action resolve classes.jar (project :feature-settings) (Thread[#1653,Execution worker Thread 2,5,main]) started.
Resolve mutations for :app:kspDebugKotlin (Thread[#1653,Execution worker Thread 2,5,main]) started.
AggregatedPackagesTransform (Thread[#1658,Execution worker Thread 7,5,main]) started.
:app:kspDebugKotlin (Thread[#1653,Execution worker Thread 2,5,main]) started.
Resolve mutations for :feature-settings:processDebugJavaRes (Thread[#1651,included builds,5,main]) started.
:feature-settings:processDebugJavaRes (Thread[#1651,included builds,5,main]) started.

> Task :feature-settings:processDebugJavaRes UP-TO-DATE
file or directory '/Users/joshy/Development/Android/Warbler-Weather/feature-settings/src/main/resources', not found
file or directory '/Users/joshy/Development/Android/Warbler-Weather/feature-settings/src/debug/resources', not found
file or directory '/Users/joshy/Development/Android/Warbler-Weather/feature-settings/build/generated/ksp/debug/classes', not found
file or directory '/Users/joshy/Development/Android/Warbler-Weather/feature-settings/build/generated/ksp/debug/classes', not found
Caching disabled for task ':feature-settings:processDebugJavaRes' because:
  Build cache is disabled
  Caching has been disabled for the task
Skipping task ':feature-settings:processDebugJavaRes' as it is up-to-date.
work action resolve out (project :feature-settings) (Thread[#1651,included builds,5,main]) started.
Resolve mutations for :feature-settings:bundleLibRuntimeToJarDebug (Thread[#1651,included builds,5,main]) started.
:feature-settings:bundleLibRuntimeToJarDebug (Thread[#1651,included builds,5,main]) started.

> Task :feature-settings:bundleLibRuntimeToJarDebug UP-TO-DATE
Caching disabled for task ':feature-settings:bundleLibRuntimeToJarDebug' because:
  Build cache is disabled
  Simple merging task
Skipping task ':feature-settings:bundleLibRuntimeToJarDebug' as it is up-to-date.
work action resolve classes.jar (project :feature-settings) (Thread[#1651,included builds,5,main]) started.
AsmClassesTransform (Thread[#1651,included builds,5,main]) started.
AggregatedPackagesTransform (Thread[#1658,Execution worker Thread 7,5,main]) started.
Resolve mutations for :feature-settings:extractDebugAnnotations (Thread[#1666,Execution worker Thread 14,5,main]) started.
:feature-settings:extractDebugAnnotations (Thread[#1666,Execution worker Thread 14,5,main]) started.

> Transform classes.jar (project :feature-settings) with AsmClassesTransform
file or directory '/Users/joshy/Development/Android/Warbler-Weather/app/libs', not found
DexingNoClasspathTransform (Thread[#1651,included builds,5,main]) started.

> Transform classes.jar (project :feature-settings) with DexingNoClasspathTransform
Caching disabled for DexingNoClasspathTransform: /Users/joshy/.gradle/caches/9.5.1/transforms/998888dda09aa0c195fce287352af35b/transformed/classes.jar because:
  Build cache is disabled
Skipping DexingNoClasspathTransform: /Users/joshy/.gradle/caches/9.5.1/transforms/998888dda09aa0c195fce287352af35b/transformed/classes.jar as it is up-to-date.
DexingOutputSplitTransform (Thread[#1651,included builds,5,main]) started.

> Task :feature-settings:extractDebugAnnotations UP-TO-DATE
file or directory '/Users/joshy/Development/Android/Warbler-Weather/feature-settings/build/generated/ksp/debug/classes', not found
Caching disabled for task ':feature-settings:extractDebugAnnotations' because:
  Build cache is disabled
Skipping task ':feature-settings:extractDebugAnnotations' as it is up-to-date.
Resolve mutations for :app:mergeLibDexDebug (Thread[#1666,Execution worker Thread 14,5,main]) started.
:app:mergeLibDexDebug (Thread[#1666,Execution worker Thread 14,5,main]) started.

> Task :app:mergeLibDexDebug UP-TO-DATE
file or directory '/Users/joshy/Development/Android/Warbler-Weather/app/libs', not found
Caching disabled for task ':app:mergeLibDexDebug' because:
  Build cache is disabled
Skipping task ':app:mergeLibDexDebug' as it is up-to-date.
Resolve mutations for :feature-settings:mergeDebugGeneratedProguardFiles (Thread[#1666,Execution worker Thread 14,5,main]) started.
:feature-settings:mergeDebugGeneratedProguardFiles (Thread[#1666,Execution worker Thread 14,5,main]) started.

> Task :feature-settings:mergeDebugGeneratedProguardFiles UP-TO-DATE
Caching disabled for task ':feature-settings:mergeDebugGeneratedProguardFiles' because:
  Build cache is disabled
  Simple merging task
Skipping task ':feature-settings:mergeDebugGeneratedProguardFiles' as it is up-to-date.
Resolve mutations for :feature-settings:mergeDebugConsumerProguardFiles (Thread[#1666,Execution worker Thread 14,5,main]) started.
:feature-settings:mergeDebugConsumerProguardFiles (Thread[#1666,Execution worker Thread 14,5,main]) started.

> Task :feature-settings:mergeDebugConsumerProguardFiles UP-TO-DATE
file or directory '/Users/joshy/Development/Android/Warbler-Weather/feature-settings/src/main/keepRules', not found
file or directory '/Users/joshy/Development/Android/Warbler-Weather/feature-settings/src/debug/keepRules', not found
Caching disabled for task ':feature-settings:mergeDebugConsumerProguardFiles' because:
  Build cache is disabled
  Simple merging task
Skipping task ':feature-settings:mergeDebugConsumerProguardFiles' as it is up-to-date.
Resolve mutations for :feature-settings:mergeDebugJavaResource (Thread[#1666,Execution worker Thread 14,5,main]) started.
:feature-settings:mergeDebugJavaResource (Thread[#1666,Execution worker Thread 14,5,main]) started.

> Task :feature-settings:mergeDebugJavaResource UP-TO-DATE
Caching disabled for task ':feature-settings:mergeDebugJavaResource' because:
  Build cache is disabled
  Caching has been disabled for the task
Skipping task ':feature-settings:mergeDebugJavaResource' as it is up-to-date.
Resolve mutations for :feature-settings:syncDebugLibJars (Thread[#1666,Execution worker Thread 14,5,main]) started.
:feature-settings:syncDebugLibJars (Thread[#1666,Execution worker Thread 14,5,main]) started.

> Task :feature-settings:syncDebugLibJars UP-TO-DATE
Caching disabled for task ':feature-settings:syncDebugLibJars' because:
  Build cache is disabled
Skipping task ':feature-settings:syncDebugLibJars' as it is up-to-date.
Resolve mutations for :feature-settings:bundleDebugAar (Thread[#1666,Execution worker Thread 14,5,main]) started.
:feature-settings:bundleDebugAar (Thread[#1666,Execution worker Thread 14,5,main]) started.

> Task :feature-settings:bundleDebugAar UP-TO-DATE
Caching disabled for task ':feature-settings:bundleDebugAar' because:
  Build cache is disabled
  Caching has been disabled for the task
Skipping task ':feature-settings:bundleDebugAar' as it is up-to-date.
Resolve mutations for :feature-settings:assembleDebug (Thread[#1666,Execution worker Thread 14,5,main]) started.
:feature-settings:assembleDebug (Thread[#1666,Execution worker Thread 14,5,main]) started.

> Task :feature-settings:assembleDebug UP-TO-DATE
Skipping task ':feature-settings:assembleDebug' as it has no actions.

> Task :app:kspDebugKotlin
file or directory '/Users/joshy/Development/Android/Warbler-Weather/app/libs', not found
Caching disabled for task ':app:kspDebugKotlin' because:
  Build cache is disabled
Task ':app:kspDebugKotlin' is not up-to-date because:
  Value of input property 'kspConfig.logLevel' has changed for task ':app:kspDebugKotlin'
The input changes require a full rebuild for incremental task ':app:kspDebugKotlin'.
file or directory '/Users/joshy/Development/Android/Warbler-Weather/app/libs', not found
file or directory '/Users/joshy/Development/Android/Warbler-Weather/app/src/debug/kotlin', not found
file or directory '/Users/joshy/Development/Android/Warbler-Weather/app/src/debug/java', not found
file or directory '/Users/joshy/Development/Android/Warbler-Weather/app/src/main/kotlin', not found
file or directory '/Users/joshy/Development/Android/Warbler-Weather/app/src/debug/java', not found
file or directory '/Users/joshy/Development/Android/Warbler-Weather/app/src/main/kotlin', not found
file or directory '/Users/joshy/Development/Android/Warbler-Weather/app/src/debug/kotlin', not found
file or directory '/Users/joshy/Development/Android/Warbler-Weather/app/src/debug/java', not found
file or directory '/Users/joshy/Development/Android/Warbler-Weather/app/libs', not found
file or directory '/Users/joshy/Development/Android/Warbler-Weather/app/src/debug/kotlin', not found
file or directory '/Users/joshy/Development/Android/Warbler-Weather/app/src/debug/java', not found
file or directory '/Users/joshy/Development/Android/Warbler-Weather/app/src/main/kotlin', not found
i: [ksp] loaded provider(s): [androidx.appfunctions.compiler.AppFunctionCompiler$Provider, dagger.hilt.processor.internal.uninstallmodules.KspUninstallModulesProcessor$Provider, dagger.hilt.android.processor.internal.viewmodel.KspViewModelProcessor$Provider, dagger.hilt.processor.internal.earlyentrypoint.KspEarlyEntryPointProcessor$Provider, dagger.hilt.android.processor.internal.androidentrypoint.KspAndroidEntryPointProcessor$Provider, dagger.hilt.processor.internal.definecomponent.KspDefineComponentProcessor$Provider, dagger.hilt.processor.internal.originatingelement.KspOriginatingElementProcessor$Provider, dagger.hilt.android.processor.internal.bindvalue.KspBindValueProcessor$Provider, dagger.hilt.processor.internal.root.KspComponentTreeDepsProcessor$Provider, dagger.hilt.processor.internal.root.KspRootProcessor$Provider, dagger.hilt.processor.internal.aliasof.KspAliasOfProcessor$Provider, dagger.hilt.processor.internal.aggregateddeps.KspAggregatedDepsProcessor$Provider, dagger.hilt.processor.internal.generatesrootinput.KspGeneratesRootInputProcessor$Provider, dagger.hilt.android.processor.internal.customtestapplication.KspCustomTestApplicationProcessor$Provider, androidx.hilt.AndroidXHiltKspProcessor$Provider, androidx.room.RoomKspProcessor$Provider, dagger.internal.codegen.KspComponentProcessor$Provider]
Resolve mutations for :app:kaptGenerateStubsDebugKotlin (Thread[#1653,Execution worker Thread 2,5,main]) started.
:app:kaptGenerateStubsDebugKotlin (Thread[#1653,Execution worker Thread 2,5,main]) started.

> Task :app:kaptGenerateStubsDebugKotlin UP-TO-DATE
file or directory '/Users/joshy/Development/Android/Warbler-Weather/app/libs', not found
file or directory '/Users/joshy/Development/Android/Warbler-Weather/app/libs', not found
file or directory '/Users/joshy/Development/Android/Warbler-Weather/app/libs', not found
Adding -Xuse-inline-scopes-numbers Kotlin compiler flag for task :app:compileDebugAndroidTestKotlin
GradleBuildProject.Builder should not be accessed through AnalyticsConfiguratorService after AnalyticsService is created. Analytics information of this build might be incomplete.
file or directory '/Users/joshy/Development/Android/Warbler-Weather/app/libs', not found
Caching disabled for task ':app:kaptGenerateStubsDebugKotlin' because:
  Build cache is disabled
Skipping task ':app:kaptGenerateStubsDebugKotlin' as it is up-to-date.
Resolve mutations for :app:kaptDebugKotlin (Thread[#1653,Execution worker Thread 2,5,main]) started.
:app:kaptDebugKotlin (Thread[#1653,Execution worker Thread 2,5,main]) started.

> Task :app:kaptDebugKotlin UP-TO-DATE
file or directory '/Users/joshy/Development/Android/Warbler-Weather/app/libs', not found
file or directory '/Users/joshy/Development/Android/Warbler-Weather/app/libs', not found
file or directory '/Users/joshy/Development/Android/Warbler-Weather/app/src/debug/kotlin', not found
file or directory '/Users/joshy/Development/Android/Warbler-Weather/app/src/debug/java', not found
file or directory '/Users/joshy/Development/Android/Warbler-Weather/app/src/debug/kotlin', not found
file or directory '/Users/joshy/Development/Android/Warbler-Weather/app/src/debug/java', not found
file or directory '/Users/joshy/Development/Android/Warbler-Weather/app/src/debug/kotlin', not found
file or directory '/Users/joshy/Development/Android/Warbler-Weather/app/src/debug/java', not found
file or directory '/Users/joshy/Development/Android/Warbler-Weather/app/src/main/kotlin', not found
file or directory '/Users/joshy/Development/Android/Warbler-Weather/app/src/main/kotlin', not found
file or directory '/Users/joshy/Development/Android/Warbler-Weather/app/src/main/kotlin', not found
file or directory '/Users/joshy/Development/Android/Warbler-Weather/app/src/main/kotlin', not found
file or directory '/Users/joshy/Development/Android/Warbler-Weather/app/src/main/kotlin', not found
file or directory '/Users/joshy/Development/Android/Warbler-Weather/app/src/main/kotlin', not found
file or directory '/Users/joshy/Development/Android/Warbler-Weather/app/src/debug/kotlin', not found
file or directory '/Users/joshy/Development/Android/Warbler-Weather/app/src/debug/java', not found
file or directory '/Users/joshy/Development/Android/Warbler-Weather/app/src/debug/kotlin', not found
file or directory '/Users/joshy/Development/Android/Warbler-Weather/app/src/debug/java', not found
file or directory '/Users/joshy/Development/Android/Warbler-Weather/app/src/debug/kotlin', not found
file or directory '/Users/joshy/Development/Android/Warbler-Weather/app/src/debug/java', not found
file or directory '/Users/joshy/Development/Android/Warbler-Weather/app/src/debug/java', not found
file or directory '/Users/joshy/Development/Android/Warbler-Weather/app/src/main/kotlin', not found
file or directory '/Users/joshy/Development/Android/Warbler-Weather/app/src/debug/kotlin', not found
Caching disabled for task ':app:kaptDebugKotlin' because:
  Build cache is disabled
Skipping task ':app:kaptDebugKotlin' as it is up-to-date.
Resolve mutations for :app:compileDebugKotlin (Thread[#1653,Execution worker Thread 2,5,main]) started.
:app:compileDebugKotlin (Thread[#1653,Execution worker Thread 2,5,main]) started.

> Task :app:compileDebugKotlin FAILED
file or directory '/Users/joshy/Development/Android/Warbler-Weather/app/libs', not found
file or directory '/Users/joshy/Development/Android/Warbler-Weather/app/libs', not found
file or directory '/Users/joshy/Development/Android/Warbler-Weather/app/libs', not found
Caching disabled for task ':app:compileDebugKotlin' because:
  Build cache is disabled
Task ':app:compileDebugKotlin' is not up-to-date because:
  Task has failed previously.
The input changes require a full rebuild for incremental task ':app:compileDebugKotlin'.
file or directory '/Users/joshy/Development/Android/Warbler-Weather/app/src/debug/kotlin', not found
file or directory '/Users/joshy/Development/Android/Warbler-Weather/app/src/debug/java', not found
file or directory '/Users/joshy/Development/Android/Warbler-Weather/app/src/debug/kotlin', not found
file or directory '/Users/joshy/Development/Android/Warbler-Weather/app/src/debug/java', not found
file or directory '/Users/joshy/Development/Android/Warbler-Weather/app/src/debug/kotlin', not found
file or directory '/Users/joshy/Development/Android/Warbler-Weather/app/src/debug/java', not found
file or directory '/Users/joshy/Development/Android/Warbler-Weather/app/src/debug/kotlin', not found
file or directory '/Users/joshy/Development/Android/Warbler-Weather/app/src/debug/java', not found
file or directory '/Users/joshy/Development/Android/Warbler-Weather/app/src/debug/kotlin', not found
file or directory '/Users/joshy/Development/Android/Warbler-Weather/app/src/debug/java', not found
file or directory '/Users/joshy/Development/Android/Warbler-Weather/app/src/debug/kotlin', not found
file or directory '/Users/joshy/Development/Android/Warbler-Weather/app/src/debug/java', not found
file or directory '/Users/joshy/Development/Android/Warbler-Weather/app/src/main/kotlin', not found
file or directory '/Users/joshy/Development/Android/Warbler-Weather/app/src/main/kotlin', not found
file or directory '/Users/joshy/Development/Android/Warbler-Weather/app/src/main/kotlin', not found
file or directory '/Users/joshy/Development/Android/Warbler-Weather/app/src/main/kotlin', not found
file or directory '/Users/joshy/Development/Android/Warbler-Weather/app/src/main/kotlin', not found
file or directory '/Users/joshy/Development/Android/Warbler-Weather/app/src/main/kotlin', not found
file or directory '/Users/joshy/Development/Android/Warbler-Weather/app/src/debug/java', not found
file or directory '/Users/joshy/Development/Android/Warbler-Weather/app/src/main/kotlin', not found
file or directory '/Users/joshy/Development/Android/Warbler-Weather/app/src/debug/kotlin', not found
file or directory '/Users/joshy/Development/Android/Warbler-Weather/app/src/debug/kotlin', not found
file or directory '/Users/joshy/Development/Android/Warbler-Weather/app/src/debug/java', not found
file or directory '/Users/joshy/Development/Android/Warbler-Weather/app/src/debug/kotlin', not found
file or directory '/Users/joshy/Development/Android/Warbler-Weather/app/src/debug/java', not found
file or directory '/Users/joshy/Development/Android/Warbler-Weather/app/src/debug/kotlin', not found
file or directory '/Users/joshy/Development/Android/Warbler-Weather/app/src/debug/java', not found
file or directory '/Users/joshy/Development/Android/Warbler-Weather/app/libs', not found
file or directory '/Users/joshy/Development/Android/Warbler-Weather/app/libs', not found
file or directory '/Users/joshy/Development/Android/Warbler-Weather/app/src/debug/kotlin', not found
file or directory '/Users/joshy/Development/Android/Warbler-Weather/app/src/debug/java', not found
file or directory '/Users/joshy/Development/Android/Warbler-Weather/app/src/debug/kotlin', not found
file or directory '/Users/joshy/Development/Android/Warbler-Weather/app/src/debug/java', not found
file or directory '/Users/joshy/Development/Android/Warbler-Weather/app/src/debug/kotlin', not found
file or directory '/Users/joshy/Development/Android/Warbler-Weather/app/src/debug/java', not found
file or directory '/Users/joshy/Development/Android/Warbler-Weather/app/src/debug/kotlin', not found
file or directory '/Users/joshy/Development/Android/Warbler-Weather/app/src/debug/java', not found
file or directory '/Users/joshy/Development/Android/Warbler-Weather/app/src/debug/kotlin', not found
file or directory '/Users/joshy/Development/Android/Warbler-Weather/app/src/debug/java', not found
file or directory '/Users/joshy/Development/Android/Warbler-Weather/app/src/debug/kotlin', not found
file or directory '/Users/joshy/Development/Android/Warbler-Weather/app/src/debug/java', not found
file or directory '/Users/joshy/Development/Android/Warbler-Weather/app/src/main/kotlin', not found
file or directory '/Users/joshy/Development/Android/Warbler-Weather/app/src/main/kotlin', not found
file or directory '/Users/joshy/Development/Android/Warbler-Weather/app/src/main/kotlin', not found
file or directory '/Users/joshy/Development/Android/Warbler-Weather/app/src/main/kotlin', not found
file or directory '/Users/joshy/Development/Android/Warbler-Weather/app/src/main/kotlin', not found
file or directory '/Users/joshy/Development/Android/Warbler-Weather/app/src/main/kotlin', not found
file or directory '/Users/joshy/Development/Android/Warbler-Weather/app/src/debug/java', not found
file or directory '/Users/joshy/Development/Android/Warbler-Weather/app/src/main/kotlin', not found
file or directory '/Users/joshy/Development/Android/Warbler-Weather/app/src/debug/kotlin', not found
file or directory '/Users/joshy/Development/Android/Warbler-Weather/app/src/debug/kotlin', not found
file or directory '/Users/joshy/Development/Android/Warbler-Weather/app/src/debug/java', not found
file or directory '/Users/joshy/Development/Android/Warbler-Weather/app/src/debug/kotlin', not found
file or directory '/Users/joshy/Development/Android/Warbler-Weather/app/src/debug/java', not found
file or directory '/Users/joshy/Development/Android/Warbler-Weather/app/src/debug/kotlin', not found
file or directory '/Users/joshy/Development/Android/Warbler-Weather/app/src/debug/java', not found
file or directory '/Users/joshy/Development/Android/Warbler-Weather/app/src/debug/kotlin', not found
file or directory '/Users/joshy/Development/Android/Warbler-Weather/app/src/debug/java', not found
file or directory '/Users/joshy/Development/Android/Warbler-Weather/app/src/debug/kotlin', not found
file or directory '/Users/joshy/Development/Android/Warbler-Weather/app/src/debug/java', not found
file or directory '/Users/joshy/Development/Android/Warbler-Weather/app/src/debug/kotlin', not found
file or directory '/Users/joshy/Development/Android/Warbler-Weather/app/src/debug/java', not found
file or directory '/Users/joshy/Development/Android/Warbler-Weather/app/src/main/kotlin', not found
file or directory '/Users/joshy/Development/Android/Warbler-Weather/app/src/main/kotlin', not found
file or directory '/Users/joshy/Development/Android/Warbler-Weather/app/src/main/kotlin', not found
file or directory '/Users/joshy/Development/Android/Warbler-Weather/app/src/main/kotlin', not found
file or directory '/Users/joshy/Development/Android/Warbler-Weather/app/src/main/kotlin', not found
file or directory '/Users/joshy/Development/Android/Warbler-Weather/app/src/main/kotlin', not found
file or directory '/Users/joshy/Development/Android/Warbler-Weather/app/src/debug/java', not found
file or directory '/Users/joshy/Development/Android/Warbler-Weather/app/src/main/kotlin', not found
file or directory '/Users/joshy/Development/Android/Warbler-Weather/app/src/debug/kotlin', not found
file or directory '/Users/joshy/Development/Android/Warbler-Weather/app/src/debug/kotlin', not found
file or directory '/Users/joshy/Development/Android/Warbler-Weather/app/src/debug/java', not found
file or directory '/Users/joshy/Development/Android/Warbler-Weather/app/src/debug/kotlin', not found
file or directory '/Users/joshy/Development/Android/Warbler-Weather/app/src/debug/java', not found
file or directory '/Users/joshy/Development/Android/Warbler-Weather/app/src/debug/kotlin', not found
file or directory '/Users/joshy/Development/Android/Warbler-Weather/app/src/debug/java', not found
file or directory '/Users/joshy/Development/Android/Warbler-Weather/app/src/debug/kotlin', not found
file or directory '/Users/joshy/Development/Android/Warbler-Weather/app/src/debug/java', not found
file or directory '/Users/joshy/Development/Android/Warbler-Weather/app/src/debug/kotlin', not found
file or directory '/Users/joshy/Development/Android/Warbler-Weather/app/src/debug/java', not found
file or directory '/Users/joshy/Development/Android/Warbler-Weather/app/src/debug/kotlin', not found
file or directory '/Users/joshy/Development/Android/Warbler-Weather/app/src/debug/java', not found
file or directory '/Users/joshy/Development/Android/Warbler-Weather/app/src/main/kotlin', not found
file or directory '/Users/joshy/Development/Android/Warbler-Weather/app/src/main/kotlin', not found
file or directory '/Users/joshy/Development/Android/Warbler-Weather/app/src/main/kotlin', not found
file or directory '/Users/joshy/Development/Android/Warbler-Weather/app/src/main/kotlin', not found
file or directory '/Users/joshy/Development/Android/Warbler-Weather/app/src/main/kotlin', not found
file or directory '/Users/joshy/Development/Android/Warbler-Weather/app/src/main/kotlin', not found
file or directory '/Users/joshy/Development/Android/Warbler-Weather/app/src/debug/java', not found
file or directory '/Users/joshy/Development/Android/Warbler-Weather/app/src/main/kotlin', not found
file or directory '/Users/joshy/Development/Android/Warbler-Weather/app/src/debug/kotlin', not found
Kotlin source files: /Users/joshy/Development/Android/Warbler-Weather/app/build/generated/ksp/debug/kotlin/androidx/appfunctions/internal/$AggregatedAppFunctionInventory_Impl.kt, /Users/joshy/Development/Android/Warbler-Weather/app/build/generated/ksp/debug/kotlin/androidx/appfunctions/service/internal/$AggregatedAppFunctionInvoker_Impl.kt, /Users/joshy/Development/Android/Warbler-Weather/app/build/generated/ksp/debug/kotlin/appfunctions_aggregated_deps/$AppDebug_InvokerComponentRegistry.kt, /Users/joshy/Development/Android/Warbler-Weather/app/build/generated/ksp/debug/kotlin/appfunctions_aggregated_deps/$AppDebug_FunctionComponentRegistry.kt, /Users/joshy/Development/Android/Warbler-Weather/app/build/generated/ksp/debug/kotlin/appfunctions_aggregated_deps/$AppDebug_SerializableComponentRegistry.kt, /Users/joshy/Development/Android/Warbler-Weather/app/build/generated/ksp/debug/kotlin/appfunctions_aggregated_deps/$AppDebug_SchemaDefinitionComponentRegistry.kt, /Users/joshy/Development/Android/Warbler-Weather/app/build/generated/ksp/debug/kotlin/appfunctions_aggregated_deps/$AppDebug_InventoryComponentRegistry.kt, /Users/joshy/Development/Android/Warbler-Weather/app/build/generated/ksp/debug/kotlin/com/warbler/data/database/location/LocationDao_Impl.kt, /Users/joshy/Development/Android/Warbler-Weather/app/build/generated/ksp/debug/kotlin/com/warbler/data/database/weather/WeatherDatabaseDao_Impl.kt, /Users/joshy/Development/Android/Warbler-Weather/app/build/generated/ksp/debug/kotlin/com/warbler/data/database/weather/WeatherDatabase_Impl.kt, /Users/joshy/Development/Android/Warbler-Weather/app/src/main/java/com/warbler/ui/forecast/ForecastFragment.kt, /Users/joshy/Development/Android/Warbler-Weather/app/src/main/java/com/warbler/ui/forecast/viewpager/ForecastViewPagerViewModelFactory.kt, /Users/joshy/Development/Android/Warbler-Weather/app/src/main/java/com/warbler/ui/forecast/viewpager/ViewPagerAdapter.kt, /Users/joshy/Development/Android/Warbler-Weather/app/src/main/java/com/warbler/ui/forecast/viewpager/ForecastViewPagerViewModel.kt, /Users/joshy/Development/Android/Warbler-Weather/app/src/main/java/com/warbler/ui/forecast/viewpager/ForecastViewPagerFragment.kt, /Users/joshy/Development/Android/Warbler-Weather/app/src/main/java/com/warbler/ui/forecast/WeatherIconBindingAdapter.kt, /Users/joshy/Development/Android/Warbler-Weather/app/src/main/java/com/warbler/ui/forecast/ForecastViewModel.kt, /Users/joshy/Development/Android/Warbler-Weather/app/src/main/java/com/warbler/ui/forecast/ForecastViewModelFactory.kt, /Users/joshy/Development/Android/Warbler-Weather/app/src/main/java/com/warbler/ui/settings/Accumulation.kt, /Users/joshy/Development/Android/Warbler-Weather/app/src/main/java/com/warbler/ui/settings/Temperature.kt, /Users/joshy/Development/Android/Warbler-Weather/app/src/main/java/com/warbler/ui/settings/Speed.kt, /Users/joshy/Development/Android/Warbler-Weather/app/src/main/java/com/warbler/ui/MainWeatherHourlyForecastAdapter.kt, /Users/joshy/Development/Android/Warbler-Weather/app/src/main/java/com/warbler/ui/MainWeatherFragment.kt, /Users/joshy/Development/Android/Warbler-Weather/app/src/main/java/com/warbler/ui/MainAdapter.kt, /Users/joshy/Development/Android/Warbler-Weather/app/src/main/java/com/warbler/ui/widget/WeatherWidgetProvider.kt, /Users/joshy/Development/Android/Warbler-Weather/app/src/main/java/com/warbler/ui/location/LocationViewModel.kt, /Users/joshy/Development/Android/Warbler-Weather/app/src/main/java/com/warbler/ui/location/LocationNetworkAdapter.kt, /Users/joshy/Development/Android/Warbler-Weather/app/src/main/java/com/warbler/ui/location/LocationAdapter.kt, /Users/joshy/Development/Android/Warbler-Weather/app/src/main/java/com/warbler/ui/location/LocationFragment.kt, /Users/joshy/Development/Android/Warbler-Weather/app/src/main/java/com/warbler/ui/MainBindingAdapters.kt, /Users/joshy/Development/Android/Warbler-Weather/app/src/main/java/com/warbler/ui/MainWeatherDetailItemAdapter.kt, /Users/joshy/Development/Android/Warbler-Weather/app/src/main/java/com/warbler/ui/MainWeatherViewModel.kt, /Users/joshy/Development/Android/Warbler-Weather/app/src/main/java/com/warbler/MainActivity.kt, /Users/joshy/Development/Android/Warbler-Weather/app/src/main/java/com/warbler/di/HiltApplication.kt, /Users/joshy/Development/Android/Warbler-Weather/app/src/main/java/com/warbler/di/NetworkSourceModule.kt, /Users/joshy/Development/Android/Warbler-Weather/app/src/main/java/com/warbler/di/DataSourceModule.kt, /Users/joshy/Development/Android/Warbler-Weather/app/src/main/java/com/warbler/navigation/Destinations.kt, /Users/joshy/Development/Android/Warbler-Weather/app/src/main/java/com/warbler/navigation/ApplicationNavigation.kt, /Users/joshy/Development/Android/Warbler-Weather/app/src/main/java/com/warbler/utilities/Extensions.kt, /Users/joshy/Development/Android/Warbler-Weather/app/src/main/java/com/warbler/utilities/LocationService.kt, /Users/joshy/Development/Android/Warbler-Weather/app/src/main/java/com/warbler/utilities/ClickListener.kt, /Users/joshy/Development/Android/Warbler-Weather/app/src/main/java/com/warbler/utilities/Resource.kt, /Users/joshy/Development/Android/Warbler-Weather/app/src/main/java/com/warbler/utilities/DataPref.kt, /Users/joshy/Development/Android/Warbler-Weather/app/src/main/java/com/warbler/utilities/Constants.kt, /Users/joshy/Development/Android/Warbler-Weather/app/src/main/java/com/warbler/data/database/location/LocationDao.kt, /Users/joshy/Development/Android/Warbler-Weather/app/src/main/java/com/warbler/data/database/weather/WeatherDatabaseDao.kt, /Users/joshy/Development/Android/Warbler-Weather/app/src/main/java/com/warbler/data/database/weather/WeatherDatabase.kt, /Users/joshy/Development/Android/Warbler-Weather/app/src/main/java/com/warbler/data/network/NetworkConstants.kt, /Users/joshy/Development/Android/Warbler-Weather/app/src/main/java/com/warbler/data/network/locations/LocationApiService.kt, /Users/joshy/Development/Android/Warbler-Weather/app/src/main/java/com/warbler/data/network/weather/WeatherApiService.kt, /Users/joshy/Development/Android/Warbler-Weather/app/src/main/java/com/warbler/data/network/NetworkInterceptor.kt, /Users/joshy/Development/Android/Warbler-Weather/app/src/main/java/com/warbler/data/network/ConnectionHandler.kt, /Users/joshy/Development/Android/Warbler-Weather/app/src/main/java/com/warbler/data/repositories/location/LocationNetworkRepository.kt, /Users/joshy/Development/Android/Warbler-Weather/app/src/main/java/com/warbler/data/repositories/location/LocationRepository.kt, /Users/joshy/Development/Android/Warbler-Weather/app/src/main/java/com/warbler/data/repositories/weather/WeatherNetworkRepository.kt, /Users/joshy/Development/Android/Warbler-Weather/app/src/main/java/com/warbler/data/repositories/weather/WeatherDatabaseRepository.kt, /Users/joshy/Development/Android/Warbler-Weather/app/src/main/java/com/warbler/data/model/location/LocationDto.kt, /Users/joshy/Development/Android/Warbler-Weather/app/src/main/java/com/warbler/data/model/location/LocationEntity.kt, /Users/joshy/Development/Android/Warbler-Weather/app/src/main/java/com/warbler/data/model/location/LocationDataSource.kt, /Users/joshy/Development/Android/Warbler-Weather/app/src/main/java/com/warbler/data/model/weather/WeatherDataEntity.kt, /Users/joshy/Development/Android/Warbler-Weather/app/src/main/java/com/warbler/data/model/weather/WeatherIconSelection.kt, /Users/joshy/Development/Android/Warbler-Weather/app/src/main/java/com/warbler/data/model/weather/WeatherDetailItem.kt, /Users/joshy/Development/Android/Warbler-Weather/app/src/main/java/com/warbler/data/model/weather/WeatherDataSource.kt, /Users/joshy/Development/Android/Warbler-Weather/app/src/main/java/com/warbler/data/model/weather/WeatherDataSourceDto.kt, /Users/joshy/Development/Android/Warbler-Weather/app/src/main/java/com/warbler/data/model/weather/AirQualitySource.kt, /Users/joshy/Development/Android/Warbler-Weather/app/src/main/java/com/warbler/data/model/weather/Forecast.kt, /Users/joshy/Development/Android/Warbler-Weather/app/src/main/java/com/warbler/data/model/weather/AQIList.kt, /Users/joshy/Development/Android/Warbler-Weather/app/src/main/java/com/warbler/data/model/weather/WeatherForecast.kt, /Users/joshy/Development/Android/Warbler-Weather/app/src/main/java/com/warbler/data/model/weather/HourlyForecastItem.kt, /Users/joshy/Development/Android/Warbler-Weather/app/src/main/java/com/warbler/data/model/weather/Conversion.kt, /Users/joshy/Development/Android/Warbler-Weather/app/src/main/java/com/warbler/data/model/weather/AqiCode.kt, /Users/joshy/Development/Android/Warbler-Weather/app/build/generated/java/generateSafeArgsDebug/com/warbler/ui/forecast/ForecastFragmentArgs.kt, /Users/joshy/Development/Android/Warbler-Weather/app/build/generated/java/generateSafeArgsDebug/com/warbler/ui/forecast/ForecastFragmentDirections.kt, /Users/joshy/Development/Android/Warbler-Weather/app/build/generated/java/generateSafeArgsDebug/com/warbler/ui/forecast/viewpager/ForecastViewPagerFragmentArgs.kt, /Users/joshy/Development/Android/Warbler-Weather/app/build/generated/java/generateSafeArgsDebug/com/warbler/ui/forecast/viewpager/ForecastViewPagerFragmentDirections.kt, /Users/joshy/Development/Android/Warbler-Weather/app/build/generated/java/generateSafeArgsDebug/com/warbler/ui/MainWeatherFragmentDirections.kt, /Users/joshy/Development/Android/Warbler-Weather/app/build/generated/java/generateSafeArgsDebug/com/warbler/ui/location/LocationFragmentDirections.kt, /Users/joshy/Development/Android/Warbler-Weather/app/build/generated/java/generateSafeArgsDebug/com/warbler/feature/settings/ui/SettingsFragmentDirections.kt
Java source files: /Users/joshy/Development/Android/Warbler-Weather/app/build/generated/ksp/debug/java/dagger/hilt/internal/aggregatedroot/codegen/_com_warbler_di_HiltApplication.java, /Users/joshy/Development/Android/Warbler-Weather/app/build/generated/ksp/debug/java/hilt_aggregated_deps/_com_warbler_ui_location_LocationViewModel_HiltModules_BindsModule.java, /Users/joshy/Development/Android/Warbler-Weather/app/build/generated/ksp/debug/java/hilt_aggregated_deps/_com_warbler_ui_forecast_viewpager_ForecastViewPagerFragment_GeneratedInjector.java, /Users/joshy/Development/Android/Warbler-Weather/app/build/generated/ksp/debug/java/hilt_aggregated_deps/_com_warbler_MainActivity_GeneratedInjector.java, /Users/joshy/Development/Android/Warbler-Weather/app/build/generated/ksp/debug/java/hilt_aggregated_deps/_com_warbler_ui_MainWeatherFragment_GeneratedInjector.java, /Users/joshy/Development/Android/Warbler-Weather/app/build/generated/ksp/debug/java/hilt_aggregated_deps/_com_warbler_ui_MainWeatherViewModel_HiltModules_BindsModule.java, /Users/joshy/Development/Android/Warbler-Weather/app/build/generated/ksp/debug/java/hilt_aggregated_deps/_com_warbler_ui_MainWeatherViewModel_HiltModules_KeyModule.java, /Users/joshy/Development/Android/Warbler-Weather/app/build/generated/ksp/debug/java/hilt_aggregated_deps/_com_warbler_ui_widget_WeatherWidgetProvider_GeneratedInjector.java, /Users/joshy/Development/Android/Warbler-Weather/app/build/generated/ksp/debug/java/hilt_aggregated_deps/_com_warbler_ui_location_LocationFragment_GeneratedInjector.java, /Users/joshy/Development/Android/Warbler-Weather/app/build/generated/ksp/debug/java/hilt_aggregated_deps/_com_warbler_ui_location_LocationViewModel_HiltModules_KeyModule.java, /Users/joshy/Development/Android/Warbler-Weather/app/build/generated/ksp/debug/java/hilt_aggregated_deps/_com_warbler_di_DataSourceModule.java, /Users/joshy/Development/Android/Warbler-Weather/app/build/generated/ksp/debug/java/hilt_aggregated_deps/_com_warbler_di_HiltApplication_GeneratedInjector.java, /Users/joshy/Development/Android/Warbler-Weather/app/build/generated/ksp/debug/java/hilt_aggregated_deps/_com_warbler_di_NetworkSourceModule.java, /Users/joshy/Development/Android/Warbler-Weather/app/build/generated/ksp/debug/java/hilt_aggregated_deps/_com_warbler_ui_forecast_ForecastFragment_GeneratedInjector.java, /Users/joshy/Development/Android/Warbler-Weather/app/build/generated/ksp/debug/java/com/warbler/ui/forecast/viewpager/Hilt_ForecastViewPagerFragment.java, /Users/joshy/Development/Android/Warbler-Weather/app/build/generated/ksp/debug/java/com/warbler/ui/forecast/viewpager/ForecastViewPagerFragment_GeneratedInjector.java, /Users/joshy/Development/Android/Warbler-Weather/app/build/generated/ksp/debug/java/com/warbler/ui/forecast/ForecastFragment_GeneratedInjector.java, /Users/joshy/Development/Android/Warbler-Weather/app/build/generated/ksp/debug/java/com/warbler/ui/forecast/Hilt_ForecastFragment.java, /Users/joshy/Development/Android/Warbler-Weather/app/build/generated/ksp/debug/java/com/warbler/ui/MainWeatherViewModel_HiltModules_KeyModule_ProvideFactory.java, /Users/joshy/Development/Android/Warbler-Weather/app/build/generated/ksp/debug/java/com/warbler/ui/MainWeatherFragment_GeneratedInjector.java, /Users/joshy/Development/Android/Warbler-Weather/app/build/generated/ksp/debug/java/com/warbler/ui/MainWeatherViewModel_HiltModules_BindsModule_Binds_LazyMapKey.java, /Users/joshy/Development/Android/Warbler-Weather/app/build/generated/ksp/debug/java/com/warbler/ui/MainWeatherViewModel_HiltModules_KeyModule_Provide_LazyMapKey.java, /Users/joshy/Development/Android/Warbler-Weather/app/build/generated/ksp/debug/java/com/warbler/ui/widget/WeatherWidgetProvider_MembersInjector.java, /Users/joshy/Development/Android/Warbler-Weather/app/build/generated/ksp/debug/java/com/warbler/ui/widget/Hilt_WeatherWidgetProvider.java, /Users/joshy/Development/Android/Warbler-Weather/app/build/generated/ksp/debug/java/com/warbler/ui/widget/WeatherWidgetProvider_GeneratedInjector.java, /Users/joshy/Development/Android/Warbler-Weather/app/build/generated/ksp/debug/java/com/warbler/ui/location/Hilt_LocationFragment.java, /Users/joshy/Development/Android/Warbler-Weather/app/build/generated/ksp/debug/java/com/warbler/ui/location/LocationViewModel_HiltModules_KeyModule_ProvideFactory.java, /Users/joshy/Development/Android/Warbler-Weather/app/build/generated/ksp/debug/java/com/warbler/ui/location/LocationFragment_GeneratedInjector.java, /Users/joshy/Development/Android/Warbler-Weather/app/build/generated/ksp/debug/java/com/warbler/ui/location/LocationViewModel_HiltModules_BindsModule_Binds_LazyMapKey.java, /Users/joshy/Development/Android/Warbler-Weather/app/build/generated/ksp/debug/java/com/warbler/ui/location/LocationViewModel_HiltModules_KeyModule_Provide_LazyMapKey.java, /Users/joshy/Development/Android/Warbler-Weather/app/build/generated/ksp/debug/java/com/warbler/ui/location/LocationViewModel_HiltModules.java, /Users/joshy/Development/Android/Warbler-Weather/app/build/generated/ksp/debug/java/com/warbler/ui/location/LocationViewModel_Factory.java, /Users/joshy/Development/Android/Warbler-Weather/app/build/generated/ksp/debug/java/com/warbler/ui/MainWeatherViewModel_Factory.java, /Users/joshy/Development/Android/Warbler-Weather/app/build/generated/ksp/debug/java/com/warbler/ui/Hilt_MainWeatherFragment.java, /Users/joshy/Development/Android/Warbler-Weather/app/build/generated/ksp/debug/java/com/warbler/ui/MainWeatherViewModel_HiltModules.java, /Users/joshy/Development/Android/Warbler-Weather/app/build/generated/ksp/debug/java/com/warbler/Hilt_MainActivity.java, /Users/joshy/Development/Android/Warbler-Weather/app/build/generated/ksp/debug/java/com/warbler/di/DataSourceModule_ProvidesWeatherDatabaseDaoFactory.java, /Users/joshy/Development/Android/Warbler-Weather/app/build/generated/ksp/debug/java/com/warbler/di/DataSourceModule_ProvidesDataStoreFactory.java, /Users/joshy/Development/Android/Warbler-Weather/app/build/generated/ksp/debug/java/com/warbler/di/NetworkSourceModule_ProvidesRetrofitServiceFactory.java, /Users/joshy/Development/Android/Warbler-Weather/app/build/generated/ksp/debug/java/com/warbler/di/HiltApplication_GeneratedInjector.java, /Users/joshy/Development/Android/Warbler-Weather/app/build/generated/ksp/debug/java/com/warbler/di/NetworkSourceModule_ProvidesWeatherAPIServiceFactory.java, /Users/joshy/Development/Android/Warbler-Weather/app/build/generated/ksp/debug/java/com/warbler/di/DataSourceModule_ProvidesWeatherDatabaseFactory.java, /Users/joshy/Development/Android/Warbler-Weather/app/build/generated/ksp/debug/java/com/warbler/di/DataSourceModule_ProvidesLocationRepositoryFactory.java, /Users/joshy/Development/Android/Warbler-Weather/app/build/generated/ksp/debug/java/com/warbler/di/NetworkSourceModule_ProvidesLocationAPIServiceFactory.java, /Users/joshy/Development/Android/Warbler-Weather/app/build/generated/ksp/debug/java/com/warbler/di/DataSourceModule_ProvidesWeatherDatabaseRepositoryFactory.java, /Users/joshy/Development/Android/Warbler-Weather/app/build/generated/ksp/debug/java/com/warbler/di/DataSourceModule_ProvidesContextFactory.java, /Users/joshy/Development/Android/Warbler-Weather/app/build/generated/ksp/debug/java/com/warbler/di/NetworkSourceModule_ProvidesWeatherNetworkRepositoryFactory.java, /Users/joshy/Development/Android/Warbler-Weather/app/build/generated/ksp/debug/java/com/warbler/di/NetworkSourceModule_ProvidesHttpClientWithInterceptorFactory.java, /Users/joshy/Development/Android/Warbler-Weather/app/build/generated/ksp/debug/java/com/warbler/di/NetworkSourceModule_ProvidesLocationNetworkRepositoryFactory.java, /Users/joshy/Development/Android/Warbler-Weather/app/build/generated/ksp/debug/java/com/warbler/di/DataSourceModule_ProvidesLocationDatabaseDaoFactory.java, /Users/joshy/Development/Android/Warbler-Weather/app/build/generated/ksp/debug/java/com/warbler/MainActivity_GeneratedInjector.java, /Users/joshy/Development/Android/Warbler-Weather/app/build/generated/ksp/debug/java/com/warbler/utilities/LocationService_Factory.java, /Users/joshy/Development/Android/Warbler-Weather/app/build/generated/ksp/debug/java/com/warbler/data/repositories/location/LocationRepository_Factory.java, /Users/joshy/Development/Android/Warbler-Weather/app/build/generated/ksp/debug/java/com/warbler/data/repositories/location/LocationNetworkRepository_Factory.java, /Users/joshy/Development/Android/Warbler-Weather/app/build/generated/ksp/debug/java/com/warbler/data/repositories/weather/WeatherNetworkRepository_Factory.java, /Users/joshy/Development/Android/Warbler-Weather/app/build/generated/data_binding_base_class_source_out/debug/out/com/warbler/databinding/FragmentForecastBinding.java, /Users/joshy/Development/Android/Warbler-Weather/app/build/generated/data_binding_base_class_source_out/debug/out/com/warbler/databinding/WeatherForecastListItemBinding.java, /Users/joshy/Development/Android/Warbler-Weather/app/build/generated/data_binding_base_class_source_out/debug/out/com/warbler/databinding/WeatherWidgetBinding.java, /Users/joshy/Development/Android/Warbler-Weather/app/build/generated/data_binding_base_class_source_out/debug/out/com/warbler/databinding/AqiDetailItemBinding.java, /Users/joshy/Development/Android/Warbler-Weather/app/build/generated/data_binding_base_class_source_out/debug/out/com/warbler/databinding/ActivityMainBinding.java, /Users/joshy/Development/Android/Warbler-Weather/app/build/generated/data_binding_base_class_source_out/debug/out/com/warbler/databinding/FragmentForecastViewpagerBinding.java, /Users/joshy/Development/Android/Warbler-Weather/app/build/generated/data_binding_base_class_source_out/debug/out/com/warbler/databinding/FragmentLocationBinding.java, /Users/joshy/Development/Android/Warbler-Weather/app/build/generated/data_binding_base_class_source_out/debug/out/com/warbler/databinding/LoadingBinding.java, /Users/joshy/Development/Android/Warbler-Weather/app/build/generated/data_binding_base_class_source_out/debug/out/com/warbler/databinding/HiLowLayoutBinding.java, /Users/joshy/Development/Android/Warbler-Weather/app/build/generated/data_binding_base_class_source_out/debug/out/com/warbler/databinding/NoChartDataBinding.java, /Users/joshy/Development/Android/Warbler-Weather/app/build/generated/data_binding_base_class_source_out/debug/out/com/warbler/databinding/AirQualityItemBinding.java, /Users/joshy/Development/Android/Warbler-Weather/app/build/generated/data_binding_base_class_source_out/debug/out/com/warbler/databinding/RecyclerViewItemBinding.java, /Users/joshy/Development/Android/Warbler-Weather/app/build/generated/data_binding_base_class_source_out/debug/out/com/warbler/databinding/FragmentMainWeatherBinding.java, /Users/joshy/Development/Android/Warbler-Weather/app/build/generated/data_binding_base_class_source_out/debug/out/com/warbler/databinding/ForecastViewPagerItemBinding.java, /Users/joshy/Development/Android/Warbler-Weather/app/build/generated/data_binding_base_class_source_out/debug/out/com/warbler/databinding/AppBarBinding.java, /Users/joshy/Development/Android/Warbler-Weather/app/build/generated/data_binding_base_class_source_out/debug/out/com/warbler/databinding/DialogAqiInfoBinding.java, /Users/joshy/Development/Android/Warbler-Weather/app/build/generated/data_binding_base_class_source_out/debug/out/com/warbler/databinding/LocationResultListItemBinding.java, /Users/joshy/Development/Android/Warbler-Weather/app/build/generated/data_binding_base_class_source_out/debug/out/com/warbler/databinding/GridLayoutItemBinding.java, /Users/joshy/Development/Android/Warbler-Weather/app/build/generated/data_binding_base_class_source_out/debug/out/com/warbler/databinding/HourlyForecastListItemBinding.java, /Users/joshy/Development/Android/Warbler-Weather/app/build/generated/data_binding_base_class_source_out/debug/out/com/warbler/databinding/LocationListItemBinding.java, /Users/joshy/Development/Android/Warbler-Weather/app/build/generated/data_binding_trigger/debug/com/warbler/DataBindingTriggerClass.java, /Users/joshy/Development/Android/Warbler-Weather/app/build/generated/source/kapt/debug/androidx/databinding/DataBindingComponent.java, /Users/joshy/Development/Android/Warbler-Weather/app/build/generated/source/kapt/debug/androidx/databinding/DataBinderMapperImpl.java, /Users/joshy/Development/Android/Warbler-Weather/app/build/generated/source/kapt/debug/androidx/databinding/library/baseAdapters/BR.java, /Users/joshy/Development/Android/Warbler-Weather/app/build/generated/source/kapt/debug/com/warbler/generated/callback/OnClickListener.java, /Users/joshy/Development/Android/Warbler-Weather/app/build/generated/source/kapt/debug/com/warbler/core/BR.java, /Users/joshy/Development/Android/Warbler-Weather/app/build/generated/source/kapt/debug/com/warbler/DataBinderMapperImpl.java, /Users/joshy/Development/Android/Warbler-Weather/app/build/generated/source/kapt/debug/com/warbler/BR.java, /Users/joshy/Development/Android/Warbler-Weather/app/build/generated/source/kapt/debug/com/warbler/databinding/HourlyForecastListItemBindingImpl.java, /Users/joshy/Development/Android/Warbler-Weather/app/build/generated/source/kapt/debug/com/warbler/databinding/AirQualityItemBindingImpl.java, /Users/joshy/Development/Android/Warbler-Weather/app/build/generated/source/kapt/debug/com/warbler/databinding/FragmentMainWeatherBindingImpl.java, /Users/joshy/Development/Android/Warbler-Weather/app/build/generated/source/kapt/debug/com/warbler/databinding/WeatherForecastListItemBindingImpl.java, /Users/joshy/Development/Android/Warbler-Weather/app/build/generated/source/kapt/debug/com/warbler/databinding/LocationResultListItemBindingImpl.java, /Users/joshy/Development/Android/Warbler-Weather/app/build/generated/source/kapt/debug/com/warbler/databinding/LocationListItemBindingImpl.java, /Users/joshy/Development/Android/Warbler-Weather/app/build/generated/source/kapt/debug/com/warbler/databinding/FragmentForecastViewpagerBindingImpl.java, /Users/joshy/Development/Android/Warbler-Weather/app/build/generated/source/kapt/debug/com/warbler/databinding/GridLayoutItemBindingImpl.java, /Users/joshy/Development/Android/Warbler-Weather/app/build/generated/source/kapt/debug/com/warbler/databinding/HiLowLayoutBindingImpl.java, /Users/joshy/Development/Android/Warbler-Weather/app/build/generated/source/kapt/debug/com/warbler/databinding/ActivityMainBindingImpl.java, /Users/joshy/Development/Android/Warbler-Weather/app/build/generated/source/kapt/debug/com/warbler/databinding/ForecastViewPagerItemBindingImpl.java, /Users/joshy/Development/Android/Warbler-Weather/app/build/generated/source/kapt/debug/com/warbler/databinding/FragmentForecastBindingImpl.java, /Users/joshy/Development/Android/Warbler-Weather/app/build/generated/source/kapt/debug/com/warbler/databinding/FragmentLocationBindingImpl.java, /Users/joshy/Development/Android/Warbler-Weather/app/build/generated/source/kapt/debug/com/warbler/databinding/AqiDetailItemBindingImpl.java, /Users/joshy/Development/Android/Warbler-Weather/app/build/generated/source/kapt/debug/com/warbler/feature/settings/BR.java, /Users/joshy/Development/Android/Warbler-Weather/app/build/generated/source/kapt/debug/com/warbler/feature/location/BR.java, /Users/joshy/Development/Android/Warbler-Weather/app/build/generated/source/kapt/debug/com/warbler/feature/weather/BR.java
Script source files: 
Script file extensions: 
Using Kotlin/JVM incremental compilation
[KOTLIN] Kotlin compilation 'jdkHome' argument: null
i: Options for KOTLIN DAEMON: IncrementalCompilationOptions(super=CompilationOptions(compilerMode=INCREMENTAL_COMPILER, targetPlatform=JVM, reportCategories=[0], reportSeverity=2, requestedCompilationResults=[0], kotlinScriptExtensions=[], generateCompilerRefIndex=false), sourceChanges=org.jetbrains.kotlin.buildtools.api.SourcesChanges$Unknown@1984db39, classpathChanges=NotAvailableDueToMissingClasspathSnapshot, workingDir=/Users/joshy/Development/Android/Warbler-Weather/app/build/kotlin/compileDebugKotlin/cacheable, multiModuleICSettings=null, icFeatures=IncrementalCompilationFeatures(usePreciseJavaTracking=true, withAbiSnapshot=false, preciseCompilationResultsBackup=true, keepIncrementalCompilationCachesInMemory=true, enableUnsafeIncrementalCompilationForMultiplatform=false, enableMonotonousIncrementalCompileSetExpansion=true), outputFiles=[/Users/joshy/Development/Android/Warbler-Weather/app/build/tmp/kotlin-classes/debug, /Users/joshy/Development/Android/Warbler-Weather/app/build/kotlin/compileDebugKotlin/cacheable, /Users/joshy/Development/Android/Warbler-Weather/app/build/kotlin/compileDebugKotlin/local-state])
e: file:///Users/joshy/Development/Android/Warbler-Weather/app/src/main/java/com/warbler/ui/settings/Accumulation.kt:9:26 Unresolved reference 'radio_inph'.
e: file:///Users/joshy/Development/Android/Warbler-Weather/app/src/main/java/com/warbler/ui/settings/Accumulation.kt:10:31 Unresolved reference 'radio_mmph'.
e: file:///Users/joshy/Development/Android/Warbler-Weather/app/src/main/java/com/warbler/ui/settings/Speed.kt:9:14 Unresolved reference 'radio_mph'.
e: file:///Users/joshy/Development/Android/Warbler-Weather/app/src/main/java/com/warbler/ui/settings/Speed.kt:10:14 Unresolved reference 'radio_kph'.
e: file:///Users/joshy/Development/Android/Warbler-Weather/app/src/main/java/com/warbler/ui/settings/Speed.kt:11:14 Unresolved reference 'radio_mps'.
e: file:///Users/joshy/Development/Android/Warbler-Weather/app/src/main/java/com/warbler/ui/settings/Temperature.kt:9:18 Unresolved reference 'radio_celsius'.
e: file:///Users/joshy/Development/Android/Warbler-Weather/app/src/main/java/com/warbler/ui/settings/Temperature.kt:10:21 Unresolved reference 'radio_fahrenheit'.
e: file:///Users/joshy/Development/Android/Warbler-Weather/app/src/main/java/com/warbler/ui/settings/Temperature.kt:11:17 Unresolved reference 'radio_kelvin'.
i: Finished executing kotlin compiler using DAEMON strategy

[Incubating] Problems report is available at: file:///Users/joshy/Development/Android/Warbler-Weather/build/reports/problems/problems-report.html

FAILURE: Build failed with an exception.

* What went wrong:
Execution failed for task ':app:compileDebugKotlin' (registered by plugin 'kotlin-android').
> A failure occurred while executing org.jetbrains.kotlin.compilerRunner.btapi.BuildToolsApiCompilationWork
   > Compilation error. See log for more details

* Try:
> Run with --stacktrace option to get the stack trace.
> Run with --debug option to get more log output.
> Run with --scan to get full insights from a Build Scan (powered by Develocity).
> Get more help at https://help.gradle.org.

BUILD FAILED in 4s
228 actionable tasks: 6 executed, 222 up-to-date
Watched directory hierarchies: [/Users/joshy/Development/Android/Warbler-Weather]
